timestamp,target,forecast,region,service_type
2024-01-02 00:00:00,63.51159237,63.561916,asia-south,Standard_D4s_v3
2024-01-02 01:00:00,43.73402991,59.937443,asia-south,Standard_D4s_v3
2024-01-02 02:00:00,91.05838247,89.29361,asia-south,Standard_D4s_v3
2024-01-02 03:00:00,50.5525916,53.11158,asia-south,Standard_D4s_v3
2024-01-02 04:00:00,85.25522987,81.57844,asia-south,Standard_D4s_v3
2024-01-02 05:00:00,88.77992258,84.004524,asia-south,Standard_D4s_v3
2024-01-02 06:00:00,75.77716751,78.18307,asia-south,Standard_D4s_v3
2024-01-02 07:00:00,73.77185942,73.88433,asia-south,Standard_D4s_v3
2024-01-02 08:00:00,76.83084644,74.93357,asia-south,Standard_D4s_v3
2024-01-02 09:00:00,67.0136563,69.08643,asia-south,Standard_D4s_v3
2024-01-02 10:00:00,89.28168209,77.82158,asia-south,Standard_D4s_v3
2024-01-02 11:00:00,65.62590844,66.091866,asia-south,Standard_D4s_v3
2024-01-02 12:00:00,50.85407839,54.46938,asia-south,Standard_D4s_v3
2024-01-02 13:00:00,59.37142868,57.81317,asia-south,Standard_D4s_v3
2024-01-02 14:00:00,49.9866921,50.495842,asia-south,Standard_D4s_v3
2024-01-02 15:00:00,46.56175555,46.989788,asia-south,Standard_D4s_v3
2024-01-02 16:00:00,30.67537623,36.26278,asia-south,Standard_D4s_v3
2024-01-02 17:00:00,51.82575321,50.363445,asia-south,Standard_D4s_v3
2024-01-02 18:00:00,47.56120579,38.76679,asia-south,Standard_D4s_v3
2024-01-02 19:00:00,43.29665836,42.87553,asia-south,Standard_D4s_v3
2024-01-02 20:00:00,44.48593015,48.282177,asia-south,Standard_D4s_v3
2024-01-02 21:00:00,45.67520195,46.4186,asia-south,Standard_D4s_v3
2024-01-02 22:00:00,68.8432768,67.09597,asia-south,Standard_D4s_v3
2024-01-02 23:00:00,44.49534889,49.52469,asia-south,Standard_D4s_v3
2024-01-03 00:00:00,66.98726153,65.74079,asia-south,Standard_D4s_v3
2024-01-03 01:00:00,43.27152913,51.562965,asia-south,Standard_D4s_v3
2024-01-03 02:00:00,57.92808336,76.40986,asia-south,Standard_D4s_v3
2024-01-03 03:00:00,72.5846376,71.12266,asia-south,Standard_D4s_v3
2024-01-03 04:00:00,80.90636568,81.88561,asia-south,Standard_D4s_v3
2024-01-03 05:00:00,75.98710516,76.434654,asia-south,Standard_D4s_v3
2024-01-03 06:00:00,78.22343831,79.62577,asia-south,Standard_D4s_v3
2024-01-03 07:00:00,89.84918002,85.7413,asia-south,Standard_D4s_v3
2024-01-03 08:00:00,77.09495117,76.90234,asia-south,Standard_D4s_v3
2024-01-03 09:00:00,85.05719867,81.535904,asia-south,Standard_D4s_v3
2024-01-03 10:00:00,76.50591136,77.27499,asia-south,Standard_D4s_v3
2024-01-03 11:00:00,68.04196676,63.507202,asia-south,Standard_D4s_v3
2024-01-03 12:00:00,48.71570782,49.44635,asia-south,Standard_D4s_v3
2024-01-03 13:00:00,25.7248429,30.50159,asia-south,Standard_D4s_v3
2024-01-03 14:00:00,62.66234181,55.196278,asia-south,Standard_D4s_v3
2024-01-03 15:00:00,55.46531868,52.37532,asia-south,Standard_D4s_v3
2024-01-03 16:00:00,37.88849092,40.892056,asia-south,Standard_D4s_v3
2024-01-03 17:00:00,54.4467094,53.461548,asia-south,Standard_D4s_v3
2024-01-03 18:00:00,48.14494232,48.59857,asia-south,Standard_D4s_v3
2024-01-03 19:00:00,47.09062701,46.31872,asia-south,Standard_D4s_v3
2024-01-03 20:00:00,46.0363117,44.573586,asia-south,Standard_D4s_v3
2024-01-03 21:00:00,43.23211769,44.576862,asia-south,Standard_D4s_v3
2024-01-03 22:00:00,50.45659435,50.064964,asia-south,Standard_D4s_v3
2024-01-03 23:00:00,48.48063817,47.675106,asia-south,Standard_D4s_v3
2024-01-04 00:00:00,51.85724746,57.092583,asia-south,Standard_D4s_v3
2024-01-04 01:00:00,55.23385675,58.719624,asia-south,Standard_D4s_v3
2024-01-04 02:00:00,72.5824815,72.416824,asia-south,Standard_D4s_v3
2024-01-04 03:00:00,65.02426319,65.49317,asia-south,Standard_D4s_v3
2024-01-04 04:00:00,76.97489895,76.53202,asia-south,Standard_D4s_v3
2024-01-04 05:00:00,83.92533713,81.85711,asia-south,Standard_D4s_v3
2024-01-04 06:00:00,84.59481372,82.66711,asia-south,Standard_D4s_v3
2024-01-04 07:00:00,65.42814575,58.601128,asia-south,Standard_D4s_v3
2024-01-04 08:00:00,46.26147777,51.75572,asia-south,Standard_D4s_v3
2024-01-04 09:00:00,62.80005636,60.513912,asia-south,Standard_D4s_v3
2024-01-04 10:00:00,69.72928304,61.899887,asia-south,Standard_D4s_v3
2024-01-04 11:00:00,58.90110478,59.77284,asia-south,Standard_D4s_v3
2024-01-04 12:00:00,64.08633711,54.633648,asia-south,Standard_D4s_v3
2024-01-04 13:00:00,70.88817958,67.522285,asia-south,Standard_D4s_v3
2024-01-04 14:00:00,48.03144873,47.88914,asia-south,Standard_D4s_v3
2024-01-04 15:00:00,40.32578625,34.918934,asia-south,Standard_D4s_v3
2024-01-04 16:00:00,32.62012378,34.61188,asia-south,Standard_D4s_v3
2024-01-04 17:00:00,44.0468408,43.544586,asia-south,Standard_D4s_v3
2024-01-04 18:00:00,55.43786936,45.894615,asia-south,Standard_D4s_v3
2024-01-04 19:00:00,53.82479954,35.682747,asia-south,Standard_D4s_v3
2024-01-04 20:00:00,52.21172972,39.685326,asia-south,Standard_D4s_v3
2024-01-04 21:00:00,50.5986599,43.669655,asia-south,Standard_D4s_v3
2024-01-04 22:00:00,46.39458422,46.43814,asia-south,Standard_D4s_v3
2024-01-04 23:00:00,59.79824431,59.163174,asia-south,Standard_D4s_v3
2024-01-05 00:00:00,73.20190441,71.24677,asia-south,Standard_D4s_v3
2024-01-05 01:00:00,63.97483091,65.87578,asia-south,Standard_D4s_v3
2024-01-05 02:00:00,89.92436684,90.49959,asia-south,Standard_D4s_v3
2024-01-05 03:00:00,85.50641984,84.46046,asia-south,Standard_D4s_v3
2024-01-05 04:00:00,81.08847284,84.96156,asia-south,Standard_D4s_v3
2024-01-05 05:00:00,76.67052584,76.83489,asia-south,Standard_D4s_v3
2024-01-05 06:00:00,55.62995804,60.6264,asia-south,Standard_D4s_v3
2024-01-05 07:00:00,76.28922298,75.26639,asia-south,Standard_D4s_v3
2024-01-05 08:00:00,68.47038724,66.26312,asia-south,Standard_D4s_v3
2024-01-05 09:00:00,60.6515515,68.305984,asia-south,Standard_D4s_v3
2024-01-05 10:00:00,87.21302297,78.329895,asia-south,Standard_D4s_v3
2024-01-05 11:00:00,86.22152907,68.88609,asia-south,Standard_D4s_v3
2024-01-05 12:00:00,85.23003516,82.12785,asia-south,Standard_D4s_v3
2024-01-05 13:00:00,39.16188312,42.44351,asia-south,Standard_D4s_v3
2024-01-05 14:00:00,59.96421511,56.040928,asia-south,Standard_D4s_v3
2024-01-05 15:00:00,51.09362023,49.99222,asia-south,Standard_D4s_v3
2024-01-05 16:00:00,39.87915442,37.512287,asia-south,Standard_D4s_v3
2024-01-05 17:00:00,28.66468861,30.593498,asia-south,Standard_D4s_v3
2024-01-05 18:00:00,50.10662228,48.731472,asia-south,Standard_D4s_v3
2024-01-05 19:00:00,53.33248179,49.276226,asia-south,Standard_D4s_v3
2024-01-05 20:00:00,27.95885403,32.038025,asia-south,Standard_D4s_v3
2024-01-05 21:00:00,49.14050027,48.102257,asia-south,Standard_D4s_v3
2024-01-05 22:00:00,52.17703885,51.681576,asia-south,Standard_D4s_v3
2024-01-05 23:00:00,78.34114619,76.83008,asia-south,Standard_D4s_v3
2024-01-06 00:00:00,64.28666284,61.64164,asia-south,Standard_D4s_v3
2024-01-06 01:00:00,50.23217949,66.214195,asia-south,Standard_D4s_v3
2024-01-06 02:00:00,77.612204,75.34604,asia-south,Standard_D4s_v3
2024-01-06 03:00:00,53.08356188,55.31632,asia-south,Standard_D4s_v3
2024-01-06 04:00:00,80.12872195,79.49706,asia-south,Standard_D4s_v3
2024-01-06 05:00:00,84.43918144,83.85621,asia-south,Standard_D4s_v3
2024-01-06 06:00:00,88.18840007,83.03478,asia-south,Standard_D4s_v3
2024-01-06 07:00:00,91.9376187,93.54042,asia-south,Standard_D4s_v3
2024-01-06 08:00:00,58.79862815,68.25771,asia-south,Standard_D4s_v3
2024-01-06 09:00:00,54.23506416,56.99303,asia-south,Standard_D4s_v3
2024-01-06 10:00:00,47.49741992,42.86101,asia-south,Standard_D4s_v3
2024-01-06 11:00:00,43.15536089,46.05669,asia-south,Standard_D4s_v3
2024-01-06 12:00:00,49.17683099,50.279037,asia-south,Standard_D4s_v3
2024-01-06 13:00:00,45.1208885,46.103535,asia-south,Standard_D4s_v3
2024-01-06 14:00:00,37.06862672,38.944828,asia-south,Standard_D4s_v3
2024-01-06 15:00:00,54.43592588,52.447617,asia-south,Standard_D4s_v3
2024-01-06 16:00:00,26.24889338,28.0951,asia-south,Standard_D4s_v3
2024-01-06 17:00:00,40.25312317,36.11218,asia-south,Standard_D4s_v3
2024-01-06 18:00:00,36.02864639,37.999695,asia-south,Standard_D4s_v3
2024-01-06 19:00:00,48.46107348,48.96895,asia-south,Standard_D4s_v3
2024-01-06 20:00:00,46.25373367,48.674698,asia-south,Standard_D4s_v3
2024-01-06 21:00:00,51.91262406,52.523537,asia-south,Standard_D4s_v3
2024-01-06 22:00:00,61.023198,55.06837,asia-south,Standard_D4s_v3
2024-01-06 23:00:00,51.92082765,51.76358,asia-south,Standard_D4s_v3
2024-01-07 00:00:00,72.56765974,74.586426,asia-south,Standard_D4s_v3
2024-01-07 01:00:00,66.25482303,65.44736,asia-south,Standard_D4s_v3
2024-01-07 02:00:00,58.87830542,62.423252,asia-south,Standard_D4s_v3
2024-01-07 03:00:00,76.20091608,75.020645,asia-south,Standard_D4s_v3
2024-01-07 04:00:00,84.13394405,74.74336,asia-south,Standard_D4s_v3
2024-01-07 05:00:00,92.06697203,91.761086,asia-south,Standard_D4s_v3
2024-01-07 06:00:00,100.0,97.35116,asia-south,Standard_D4s_v3
2024-01-07 07:00:00,93.15587132,91.84169,asia-south,Standard_D4s_v3
2024-01-07 08:00:00,86.31174264,82.47875,asia-south,Standard_D4s_v3
2024-01-07 09:00:00,93.24213335,93.27344,asia-south,Standard_D4s_v3
2024-01-07 10:00:00,52.9121238,64.54752,asia-south,Standard_D4s_v3
2024-01-07 11:00:00,61.32622835,60.87964,asia-south,Standard_D4s_v3
2024-01-07 12:00:00,65.00269902,64.6314,asia-south,Standard_D4s_v3
2024-01-07 13:00:00,56.17298944,56.438606,asia-south,Standard_D4s_v3
2024-01-07 14:00:00,47.34327985,47.67334,asia-south,Standard_D4s_v3
2024-01-07 15:00:00,49.40354681,46.34452,asia-south,Standard_D4s_v3
2024-01-07 16:00:00,51.46381376,50.39489,asia-south,Standard_D4s_v3
2024-01-07 17:00:00,53.22072718,52.762848,asia-south,Standard_D4s_v3
2024-01-07 18:00:00,55.07715727,54.53301,asia-south,Standard_D4s_v3
2024-01-07 19:00:00,38.42178212,42.38593,asia-south,Standard_D4s_v3
2024-01-07 20:00:00,44.70841476,44.72327,asia-south,Standard_D4s_v3
2024-01-07 21:00:00,57.03273888,50.843616,asia-south,Standard_D4s_v3
2024-01-07 22:00:00,37.76741137,43.986504,asia-south,Standard_D4s_v3
2024-01-07 23:00:00,36.86012731,50.979008,asia-south,Standard_D4s_v3
2024-01-08 00:00:00,35.95284326,37.94761,asia-south,Standard_D4s_v3
2024-01-08 01:00:00,60.6149664,61.15231,asia-south,Standard_D4s_v3
2024-01-08 02:00:00,84.89734691,79.90357,asia-south,Standard_D4s_v3
2024-01-08 03:00:00,68.55681901,71.34306,asia-south,Standard_D4s_v3
2024-01-08 04:00:00,69.20882686,69.33859,asia-south,Standard_D4s_v3
2024-01-08 05:00:00,68.9282962,70.28774,asia-south,Standard_D4s_v3
2024-01-08 06:00:00,76.56302712,77.30103,asia-south,Standard_D4s_v3
2024-01-08 07:00:00,59.89169296,68.309395,asia-south,Standard_D4s_v3
2024-01-08 08:00:00,62.65296428,64.40815,asia-south,Standard_D4s_v3
2024-01-08 09:00:00,68.19008161,66.7921,asia-south,Standard_D4s_v3
2024-01-08 10:00:00,52.84320535,55.209538,asia-south,Standard_D4s_v3
2024-01-08 11:00:00,72.25848503,68.68717,asia-south,Standard_D4s_v3
2024-01-08 12:00:00,68.49528762,66.41029,asia-south,Standard_D4s_v3
2024-01-08 13:00:00,53.25446802,53.384563,asia-south,Standard_D4s_v3
2024-01-08 14:00:00,50.54237882,47.605507,asia-south,Standard_D4s_v3
2024-01-08 15:00:00,47.83028962,46.70553,asia-south,Standard_D4s_v3
2024-01-08 16:00:00,50.92393494,43.819843,asia-south,Standard_D4s_v3
2024-01-08 17:00:00,54.01758027,52.347065,asia-south,Standard_D4s_v3
2024-01-08 18:00:00,39.13562507,41.790646,asia-south,Standard_D4s_v3
2024-01-08 19:00:00,40.75247133,36.20809,asia-south,Standard_D4s_v3
2024-01-08 20:00:00,42.36931759,45.761063,asia-south,Standard_D4s_v3
2024-01-08 21:00:00,43.98616385,43.809067,asia-south,Standard_D4s_v3
2024-01-08 22:00:00,45.9398511,44.045406,asia-south,Standard_D4s_v3
2024-01-08 23:00:00,53.89232358,58.46557,asia-south,Standard_D4s_v3
2024-01-09 00:00:00,61.84479607,64.65604,asia-south,Standard_D4s_v3
2024-01-09 01:00:00,73.10421996,65.89297,asia-south,Standard_D4s_v3
2024-01-09 02:00:00,59.92416013,61.914284,asia-south,Standard_D4s_v3
2024-01-09 03:00:00,56.56400029,58.92123,asia-south,Standard_D4s_v3
2024-01-09 04:00:00,66.62663282,66.59033,asia-south,Standard_D4s_v3
2024-01-09 05:00:00,59.64208099,60.130646,asia-south,Standard_D4s_v3
2024-01-09 06:00:00,59.19554334,60.748722,asia-south,Standard_D4s_v3
2024-01-09 07:00:00,86.69807676,79.56029,asia-south,Standard_D4s_v3
2024-01-09 08:00:00,67.10905283,67.02557,asia-south,Standard_D4s_v3
2024-01-09 09:00:00,59.31874134,61.338062,asia-south,Standard_D4s_v3
2024-01-09 10:00:00,51.52842984,52.78791,asia-south,Standard_D4s_v3
2024-01-09 11:00:00,55.00508569,75.50026,asia-south,Standard_D4s_v3
2024-01-09 12:00:00,58.48174154,59.48982,asia-south,Standard_D4s_v3
2024-01-09 13:00:00,48.80031104,54.861973,asia-south,Standard_D4s_v3
2024-01-09 14:00:00,64.59377299,63.602497,asia-south,Standard_D4s_v3
2024-01-09 15:00:00,52.53672072,52.67717,asia-south,Standard_D4s_v3
2024-01-09 16:00:00,47.34773998,46.308464,asia-south,Standard_D4s_v3
2024-01-09 17:00:00,47.44659311,46.841537,asia-south,Standard_D4s_v3
2024-01-09 18:00:00,45.97247678,46.518356,asia-south,Standard_D4s_v3
2024-01-09 19:00:00,38.88086328,39.678097,asia-south,Standard_D4s_v3
2024-01-09 20:00:00,34.65468508,34.145435,asia-south,Standard_D4s_v3
2024-01-09 21:00:00,61.07690022,58.373898,asia-south,Standard_D4s_v3
2024-01-09 22:00:00,55.63190037,59.835968,asia-south,Standard_D4s_v3
2024-01-09 23:00:00,50.18690052,50.4297,asia-south,Standard_D4s_v3
2024-01-10 00:00:00,73.92151208,71.95724,asia-south,Standard_D4s_v3
2024-01-10 01:00:00,63.42450706,64.02397,asia-south,Standard_D4s_v3
2024-01-10 02:00:00,61.77477338,63.24145,asia-south,Standard_D4s_v3
2024-01-10 03:00:00,70.38343098,66.12467,asia-south,Standard_D4s_v3
2024-01-10 04:00:00,72.07952789,67.54923,asia-south,Standard_D4s_v3
2024-01-10 05:00:00,80.16745709,78.40604,asia-south,Standard_D4s_v3
2024-01-10 06:00:00,70.81410024,76.96906,asia-south,Standard_D4s_v3
2024-01-10 07:00:00,87.98521742,81.7553,asia-south,Standard_D4s_v3
2024-01-10 08:00:00,74.54387677,76.54,asia-south,Standard_D4s_v3
2024-01-10 09:00:00,61.10253612,62.466854,asia-south,Standard_D4s_v3
2024-01-10 10:00:00,69.72556308,67.54632,asia-south,Standard_D4s_v3
2024-01-10 11:00:00,64.79193699,64.802734,asia-south,Standard_D4s_v3
2024-01-10 12:00:00,50.26981049,54.116203,asia-south,Standard_D4s_v3
2024-01-10 13:00:00,53.48994603,50.883068,asia-south,Standard_D4s_v3
2024-01-10 14:00:00,45.07544978,44.988853,asia-south,Standard_D4s_v3
2024-01-10 15:00:00,36.66095354,41.401848,asia-south,Standard_D4s_v3
2024-01-10 16:00:00,45.28807286,43.77082,asia-south,Standard_D4s_v3
2024-01-10 17:00:00,44.14803205,47.027615,asia-south,Standard_D4s_v3
2024-01-10 18:00:00,40.80730063,41.12013,asia-south,Standard_D4s_v3
2024-01-10 19:00:00,46.42126175,47.11971,asia-south,Standard_D4s_v3
2024-01-10 20:00:00,52.19059003,49.703632,asia-south,Standard_D4s_v3
2024-01-10 21:00:00,45.01878769,45.736294,asia-south,Standard_D4s_v3
2024-01-10 22:00:00,56.26635192,51.479683,asia-south,Standard_D4s_v3
2024-01-10 23:00:00,59.22823413,50.652008,asia-south,Standard_D4s_v3
2024-01-11 00:00:00,62.19011634,61.884354,asia-south,Standard_D4s_v3
2024-01-11 01:00:00,69.93257131,69.22876,asia-south,Standard_D4s_v3
2024-01-11 02:00:00,69.76655041,72.153534,asia-south,Standard_D4s_v3
2024-01-11 03:00:00,74.15337121,75.59013,asia-south,Standard_D4s_v3
2024-01-11 04:00:00,63.1661746,66.235,asia-south,Standard_D4s_v3
2024-01-11 05:00:00,78.13129,77.58935,asia-south,Standard_D4s_v3
2024-01-11 06:00:00,93.43305558,93.28816,asia-south,Standard_D4s_v3
2024-01-11 07:00:00,71.7422699,83.01878,asia-south,Standard_D4s_v3
2024-01-11 08:00:00,50.05148421,54.17205,asia-south,Standard_D4s_v3
2024-01-11 09:00:00,79.81447529,77.05447,asia-south,Standard_D4s_v3
2024-01-11 10:00:00,47.89065115,51.403843,asia-south,Standard_D4s_v3
2024-01-11 11:00:00,39.11579221,41.687286,asia-south,Standard_D4s_v3
2024-01-11 12:00:00,81.40870643,74.82363,asia-south,Standard_D4s_v3
2024-01-11 13:00:00,72.35268125,47.536797,asia-south,Standard_D4s_v3
2024-01-11 14:00:00,63.29665607,63.874306,asia-south,Standard_D4s_v3
2024-01-11 15:00:00,61.13941055,59.07457,asia-south,Standard_D4s_v3
2024-01-11 16:00:00,37.05542815,46.361607,asia-south,Standard_D4s_v3
2024-01-11 17:00:00,44.33571651,45.167538,asia-south,Standard_D4s_v3
2024-01-11 18:00:00,34.20972488,35.85667,asia-south,Standard_D4s_v3
2024-01-11 19:00:00,36.54829054,42.414513,asia-south,Standard_D4s_v3
2024-01-11 20:00:00,45.04142666,43.77359,asia-south,Standard_D4s_v3
2024-01-11 21:00:00,53.53456278,46.76879,asia-south,Standard_D4s_v3
2024-01-11 22:00:00,62.0276989,61.962704,asia-south,Standard_D4s_v3
2024-01-11 23:00:00,56.86880893,56.13961,asia-south,Standard_D4s_v3
2024-01-12 00:00:00,68.3788427,67.10527,asia-south,Standard_D4s_v3
2024-01-12 01:00:00,77.51175305,77.47092,asia-south,Standard_D4s_v3
2024-01-12 02:00:00,75.50082051,79.67315,asia-south,Standard_D4s_v3
2024-01-12 03:00:00,88.72200052,83.90885,asia-south,Standard_D4s_v3
2024-01-12 04:00:00,74.60580818,73.89411,asia-south,Standard_D4s_v3
2024-01-12 05:00:00,75.74463175,64.831375,asia-south,Standard_D4s_v3
2024-01-12 06:00:00,76.88345532,74.658516,asia-south,Standard_D4s_v3
2024-01-12 07:00:00,73.872613,81.91738,asia-south,Standard_D4s_v3
2024-01-12 08:00:00,70.86177069,73.86819,asia-south,Standard_D4s_v3
2024-01-12 09:00:00,87.89591869,84.71903,asia-south,Standard_D4s_v3
2024-01-12 10:00:00,75.45248535,74.90786,asia-south,Standard_D4s_v3
2024-01-12 11:00:00,88.54890251,82.98655,asia-south,Standard_D4s_v3
2024-01-12 12:00:00,50.81467076,56.28006,asia-south,Standard_D4s_v3
2024-01-12 13:00:00,62.41197604,66.57027,asia-south,Standard_D4s_v3
2024-01-12 14:00:00,50.43881904,50.66648,asia-south,Standard_D4s_v3
2024-01-12 15:00:00,38.00486866,39.35434,asia-south,Standard_D4s_v3
2024-01-12 16:00:00,46.50046934,43.30933,asia-south,Standard_D4s_v3
2024-01-12 17:00:00,45.11546838,45.62976,asia-south,Standard_D4s_v3
2024-01-12 18:00:00,51.38825255,49.71652,asia-south,Standard_D4s_v3
2024-01-12 19:00:00,44.52448807,44.344894,asia-south,Standard_D4s_v3
2024-01-12 20:00:00,49.59459379,49.726818,asia-south,Standard_D4s_v3
2024-01-12 21:00:00,41.73535869,41.663864,asia-south,Standard_D4s_v3
2024-01-12 22:00:00,68.31823258,67.01429,asia-south,Standard_D4s_v3
2024-01-12 23:00:00,61.04406908,65.48367,asia-south,Standard_D4s_v3
2024-01-13 00:00:00,69.4032131,71.86617,asia-south,Standard_D4s_v3
2024-01-13 01:00:00,77.76235711,79.47489,asia-south,Standard_D4s_v3
2024-01-13 02:00:00,71.44269683,71.09853,asia-south,Standard_D4s_v3
2024-01-13 03:00:00,75.79341149,75.55313,asia-south,Standard_D4s_v3
2024-01-13 04:00:00,72.33416939,67.745514,asia-south,Standard_D4s_v3
2024-01-13 05:00:00,68.87492728,73.790565,asia-south,Standard_D4s_v3
2024-01-13 06:00:00,89.0877418,85.68311,asia-south,Standard_D4s_v3
2024-01-13 07:00:00,93.72832778,96.05809,asia-south,Standard_D4s_v3
2024-01-13 08:00:00,94.75514418,95.40823,asia-south,Standard_D4s_v3
2024-01-13 09:00:00,90.62655935,89.59131,asia-south,Standard_D4s_v3
2024-01-13 10:00:00,81.28454172,64.69043,asia-south,Standard_D4s_v3
2024-01-13 11:00:00,71.9425241,75.31117,asia-south,Standard_D4s_v3
2024-01-13 12:00:00,73.8456504,72.86251,asia-south,Standard_D4s_v3
2024-01-13 13:00:00,50.45632678,53.04541,asia-south,Standard_D4s_v3
2024-01-13 14:00:00,50.33821972,43.01888,asia-south,Standard_D4s_v3
2024-01-13 15:00:00,50.22011267,45.794525,asia-south,Standard_D4s_v3
2024-01-13 16:00:00,40.95856235,42.617695,asia-south,Standard_D4s_v3
2024-01-13 17:00:00,47.81761905,41.729664,asia-south,Standard_D4s_v3
2024-01-13 18:00:00,29.09222855,32.928177,asia-south,Standard_D4s_v3
2024-01-13 19:00:00,34.27195089,36.825916,asia-south,Standard_D4s_v3
2024-01-13 20:00:00,34.53749451,49.58394,asia-south,Standard_D4s_v3
2024-01-13 21:00:00,34.80303812,35.394527,asia-south,Standard_D4s_v3
2024-01-13 22:00:00,53.95467929,51.34463,asia-south,Standard_D4s_v3
2024-01-13 23:00:00,78.04987564,75.92892,asia-south,Standard_D4s_v3
2024-01-14 00:00:00,81.14687915,81.06249,asia-south,Standard_D4s_v3
2024-01-14 01:00:00,84.24388266,82.846245,asia-south,Standard_D4s_v3
2024-01-14 02:00:00,56.1426701,60.256115,asia-south,Standard_D4s_v3
2024-01-14 03:00:00,77.42803693,79.05819,asia-south,Standard_D4s_v3
2024-01-14 04:00:00,58.62787256,64.666534,asia-south,Standard_D4s_v3
2024-01-14 05:00:00,81.977034,79.573105,asia-south,Standard_D4s_v3
2024-01-14 06:00:00,58.15021895,62.270878,asia-south,Standard_D4s_v3
2024-01-14 07:00:00,85.57212979,82.503746,asia-south,Standard_D4s_v3
2024-01-14 08:00:00,89.78833345,85.28769,asia-south,Standard_D4s_v3
2024-01-14 09:00:00,76.13341282,82.60677,asia-south,Standard_D4s_v3
2024-01-14 10:00:00,62.47849219,63.645203,asia-south,Standard_D4s_v3
2024-01-14 11:00:00,64.35552435,61.951717,asia-south,Standard_D4s_v3
2024-01-14 12:00:00,76.15813896,73.97474,asia-south,Standard_D4s_v3
2024-01-14 13:00:00,61.51173111,56.905975,asia-south,Standard_D4s_v3
2024-01-14 14:00:00,46.86532325,47.65428,asia-south,Standard_D4s_v3
2024-01-14 15:00:00,35.77780384,37.45529,asia-south,Standard_D4s_v3
2024-01-14 16:00:00,52.61804322,45.222286,asia-south,Standard_D4s_v3
2024-01-14 17:00:00,41.0732781,42.648403,asia-south,Standard_D4s_v3
2024-01-14 18:00:00,41.18963283,40.038174,asia-south,Standard_D4s_v3
2024-01-14 19:00:00,41.30598756,42.538563,asia-south,Standard_D4s_v3
2024-01-14 20:00:00,41.42234229,39.75524,asia-south,Standard_D4s_v3
2024-01-14 21:00:00,41.53869702,43.173214,asia-south,Standard_D4s_v3
2024-01-14 22:00:00,41.65505175,42.32662,asia-south,Standard_D4s_v3
2024-01-14 23:00:00,45.19405084,44.939518,asia-south,Standard_D4s_v3
2024-01-15 00:00:00,46.16834068,48.4569,asia-south,Standard_D4s_v3
2024-01-15 01:00:00,56.57775669,57.98155,asia-south,Standard_D4s_v3
2024-01-15 02:00:00,72.61799592,78.16226,asia-south,Standard_D4s_v3
2024-01-15 03:00:00,88.65823515,82.88894,asia-south,Standard_D4s_v3
2024-01-15 04:00:00,80.062891,76.619514,asia-south,Standard_D4s_v3
2024-01-15 05:00:00,66.66357892,69.11982,asia-south,Standard_D4s_v3
2024-01-15 06:00:00,72.94370695,63.41256,asia-south,Standard_D4s_v3
2024-01-15 07:00:00,79.22383498,65.09547,asia-south,Standard_D4s_v3
2024-01-15 08:00:00,23.52996184,35.292854,asia-south,Standard_D4s_v3
2024-01-15 09:00:00,79.27911433,67.03319,asia-south,Standard_D4s_v3
2024-01-15 10:00:00,41.64481822,44.98441,asia-south,Standard_D4s_v3
2024-01-15 11:00:00,80.03225646,78.506004,asia-south,Standard_D4s_v3
2024-01-15 12:00:00,67.85614646,67.571335,asia-south,Standard_D4s_v3
2024-01-15 13:00:00,48.58083657,57.584442,asia-south,Standard_D4s_v3
2024-01-15 14:00:00,53.80765206,53.5213,asia-south,Standard_D4s_v3
2024-01-15 15:00:00,59.03446756,55.400253,asia-south,Standard_D4s_v3
2024-01-15 16:00:00,44.88090533,45.314747,asia-south,Standard_D4s_v3
2024-01-15 17:00:00,20.12008122,21.639774,asia-south,Standard_D4s_v3
2024-01-15 18:00:00,35.19652646,36.15611,asia-south,Standard_D4s_v3
2024-01-15 19:00:00,46.70440974,45.441353,asia-south,Standard_D4s_v3
2024-01-15 20:00:00,52.86355969,51.14275,asia-south,Standard_D4s_v3
2024-01-15 21:00:00,40.49931105,40.559185,asia-south,Standard_D4s_v3
2024-01-15 22:00:00,64.83750005,61.309032,asia-south,Standard_D4s_v3
2024-01-15 23:00:00,52.18308589,51.02206,asia-south,Standard_D4s_v3
2024-01-16 00:00:00,52.38629493,59.807735,asia-south,Standard_D4s_v3
2024-01-16 01:00:00,64.12449873,64.306015,asia-south,Standard_D4s_v3
2024-01-16 02:00:00,76.59066201,75.46704,asia-south,Standard_D4s_v3
2024-01-16 03:00:00,40.32114382,40.999535,asia-south,Standard_D4s_v3
2024-01-16 04:00:00,87.25956168,75.65021,asia-south,Standard_D4s_v3
2024-01-16 05:00:00,94.71513018,95.65711,asia-south,Standard_D4s_v3
2024-01-16 06:00:00,74.11013551,75.26638,asia-south,Standard_D4s_v3
2024-01-16 07:00:00,75.51487464,78.02103,asia-south,Standard_D4s_v3
2024-01-16 08:00:00,76.91961376,80.933426,asia-south,Standard_D4s_v3
2024-01-16 09:00:00,84.19225831,80.40863,asia-south,Standard_D4s_v3
2024-01-16 10:00:00,64.21465464,77.65163,asia-south,Standard_D4s_v3
2024-01-16 11:00:00,44.23705097,48.419037,asia-south,Standard_D4s_v3
2024-01-16 12:00:00,45.49745487,46.82066,asia-south,Standard_D4s_v3
2024-01-16 13:00:00,44.09591566,45.542442,asia-south,Standard_D4s_v3
2024-01-16 14:00:00,50.29498279,47.579987,asia-south,Standard_D4s_v3
2024-01-16 15:00:00,45.69892877,47.11922,asia-south,Standard_D4s_v3
2024-01-16 16:00:00,56.82799779,55.112206,asia-south,Standard_D4s_v3
2024-01-16 17:00:00,34.86085695,37.338074,asia-south,Standard_D4s_v3
2024-01-16 18:00:00,39.77180278,36.201355,asia-south,Standard_D4s_v3
2024-01-16 19:00:00,44.68274862,43.50476,asia-south,Standard_D4s_v3
2024-01-16 20:00:00,62.19672818,55.21432,asia-south,Standard_D4s_v3
2024-01-16 21:00:00,54.62641535,58.123463,asia-south,Standard_D4s_v3
2024-01-16 22:00:00,41.83543949,53.23223,asia-south,Standard_D4s_v3
2024-01-16 23:00:00,55.74925261,53.674534,asia-south,Standard_D4s_v3
2024-01-17 00:00:00,69.66306574,65.74872,asia-south,Standard_D4s_v3
2024-01-17 01:00:00,59.47619982,62.726013,asia-south,Standard_D4s_v3
2024-01-17 02:00:00,70.24700534,74.01995,asia-south,Standard_D4s_v3
2024-01-17 03:00:00,81.01781087,74.89092,asia-south,Standard_D4s_v3
2024-01-17 04:00:00,54.02057517,63.82984,asia-south,Standard_D4s_v3
2024-01-17 05:00:00,89.63858215,82.24558,asia-south,Standard_D4s_v3
2024-01-17 06:00:00,59.63972264,60.595947,asia-south,Standard_D4s_v3
2024-01-17 07:00:00,92.55624777,91.199715,asia-south,Standard_D4s_v3
2024-01-17 08:00:00,47.31672976,49.005707,asia-south,Standard_D4s_v3
2024-01-17 09:00:00,65.42124572,65.59947,asia-south,Standard_D4s_v3
2024-01-17 10:00:00,76.24181276,78.4483,asia-south,Standard_D4s_v3
2024-01-17 11:00:00,68.15721471,66.625916,asia-south,Standard_D4s_v3
2024-01-17 12:00:00,53.77715094,54.767776,asia-south,Standard_D4s_v3
2024-01-17 13:00:00,43.11670155,44.201122,asia-south,Standard_D4s_v3
2024-01-17 14:00:00,58.67962928,59.342625,asia-south,Standard_D4s_v3
2024-01-17 15:00:00,33.81333335,38.305,asia-south,Standard_D4s_v3
2024-01-17 16:00:00,45.98606931,41.584908,asia-south,Standard_D4s_v3
2024-01-17 17:00:00,38.45097654,39.55675,asia-south,Standard_D4s_v3
2024-01-17 18:00:00,49.82457331,47.413433,asia-south,Standard_D4s_v3
2024-01-17 19:00:00,58.16810385,57.059273,asia-south,Standard_D4s_v3
2024-01-17 20:00:00,56.29307116,48.962635,asia-south,Standard_D4s_v3
2024-01-17 21:00:00,54.41803848,52.150864,asia-south,Standard_D4s_v3
2024-01-17 22:00:00,27.53616128,49.50975,asia-south,Standard_D4s_v3
2024-01-17 23:00:00,49.07540525,47.852425,asia-south,Standard_D4s_v3
2024-01-18 00:00:00,86.88890263,81.744995,asia-south,Standard_D4s_v3
2024-01-18 01:00:00,92.66857933,94.05213,asia-south,Standard_D4s_v3
2024-01-18 02:00:00,39.56123896,58.04229,asia-south,Standard_D4s_v3
2024-01-18 03:00:00,94.9189822,93.256775,asia-south,Standard_D4s_v3
2024-01-18 04:00:00,86.29619861,82.38543,asia-south,Standard_D4s_v3
2024-01-18 05:00:00,79.08152649,81.75485,asia-south,Standard_D4s_v3
2024-01-18 06:00:00,95.03839988,92.45805,asia-south,Standard_D4s_v3
2024-01-18 07:00:00,81.63585941,80.319435,asia-south,Standard_D4s_v3
2024-01-18 08:00:00,76.78599127,77.05564,asia-south,Standard_D4s_v3
2024-01-18 09:00:00,92.34859501,93.12283,asia-south,Standard_D4s_v3
2024-01-18 10:00:00,66.63453442,68.38627,asia-south,Standard_D4s_v3
2024-01-18 11:00:00,53.45177877,60.546043,asia-south,Standard_D4s_v3
2024-01-18 12:00:00,50.89455673,52.116154,asia-south,Standard_D4s_v3
2024-01-18 13:00:00,55.90799856,54.795284,asia-south,Standard_D4s_v3
2024-01-18 14:00:00,54.23451555,55.99567,asia-south,Standard_D4s_v3
2024-01-18 15:00:00,52.56103253,47.85488,asia-south,Standard_D4s_v3
2024-01-18 16:00:00,40.50151927,41.58333,asia-south,Standard_D4s_v3
2024-01-18 17:00:00,36.59709855,54.218678,asia-south,Standard_D4s_v3
2024-01-18 18:00:00,32.69267783,33.88425,asia-south,Standard_D4s_v3
2024-01-18 19:00:00,48.34185775,42.991226,asia-south,Standard_D4s_v3
2024-01-18 20:00:00,38.82611517,39.897022,asia-south,Standard_D4s_v3
2024-01-18 21:00:00,50.79609119,41.412216,asia-south,Standard_D4s_v3
2024-01-18 22:00:00,26.63365731,30.471783,asia-south,Standard_D4s_v3
2024-01-18 23:00:00,51.00584626,49.716206,asia-south,Standard_D4s_v3
2024-01-19 00:00:00,42.57887642,52.812515,asia-south,Standard_D4s_v3
2024-01-19 01:00:00,71.3057487,68.780365,asia-south,Standard_D4s_v3
2024-01-19 02:00:00,70.53250681,66.47006,asia-south,Standard_D4s_v3
2024-01-19 03:00:00,69.75926492,71.31459,asia-south,Standard_D4s_v3
2024-01-19 04:00:00,74.33717967,81.203735,asia-south,Standard_D4s_v3
2024-01-19 05:00:00,88.91166191,83.938416,asia-south,Standard_D4s_v3
2024-01-19 06:00:00,100.0,96.76917,asia-south,Standard_D4s_v3
2024-01-19 07:00:00,46.01029079,50.36133,asia-south,Standard_D4s_v3
2024-01-19 08:00:00,95.64093607,94.33311,asia-south,Standard_D4s_v3
2024-01-19 09:00:00,57.41990662,57.576424,asia-south,Standard_D4s_v3
2024-01-19 10:00:00,70.99806362,66.177155,asia-south,Standard_D4s_v3
2024-01-19 11:00:00,84.57622062,80.84691,asia-south,Standard_D4s_v3
2024-01-19 12:00:00,62.88543768,73.17172,asia-south,Standard_D4s_v3
2024-01-19 13:00:00,82.28534743,77.97563,asia-south,Standard_D4s_v3
2024-01-19 14:00:00,37.09595737,46.744446,asia-south,Standard_D4s_v3
2024-01-19 15:00:00,32.01448166,31.947008,asia-south,Standard_D4s_v3
2024-01-19 16:00:00,35.09447923,39.952065,asia-south,Standard_D4s_v3
2024-01-19 17:00:00,38.17447679,39.31737,asia-south,Standard_D4s_v3
2024-01-19 18:00:00,41.25447436,40.87396,asia-south,Standard_D4s_v3
2024-01-19 19:00:00,41.31663289,48.79419,asia-south,Standard_D4s_v3
2024-01-19 20:00:00,41.37879142,41.022938,asia-south,Standard_D4s_v3
2024-01-19 21:00:00,39.70233765,41.34241,asia-south,Standard_D4s_v3
2024-01-19 22:00:00,39.18607602,44.427486,asia-south,Standard_D4s_v3
2024-01-19 23:00:00,49.80689782,64.12353,asia-south,Standard_D4s_v3
2024-01-20 00:00:00,60.42771961,58.6729,asia-south,Standard_D4s_v3
2024-01-20 01:00:00,56.02750535,58.080936,asia-south,Standard_D4s_v3
2024-01-20 02:00:00,55.97954348,58.793907,asia-south,Standard_D4s_v3
2024-01-20 03:00:00,69.84696031,68.409584,asia-south,Standard_D4s_v3
2024-01-20 04:00:00,61.70635936,65.267075,asia-south,Standard_D4s_v3
2024-01-20 05:00:00,82.36583858,80.5989,asia-south,Standard_D4s_v3
2024-01-20 06:00:00,92.35875585,94.97572,asia-south,Standard_D4s_v3
2024-01-20 07:00:00,87.28409596,73.695786,asia-south,Standard_D4s_v3
2024-01-20 08:00:00,82.20943607,75.573265,asia-south,Standard_D4s_v3
2024-01-20 09:00:00,80.61778668,66.59588,asia-south,Standard_D4s_v3
2024-01-20 10:00:00,79.0261373,78.52414,asia-south,Standard_D4s_v3
2024-01-20 11:00:00,67.18193495,80.6489,asia-south,Standard_D4s_v3
2024-01-20 12:00:00,55.33773261,63.21032,asia-south,Standard_D4s_v3
2024-01-20 13:00:00,67.05247609,68.63515,asia-south,Standard_D4s_v3
2024-01-20 14:00:00,59.20259809,58.178577,asia-south,Standard_D4s_v3
2024-01-20 15:00:00,46.16192353,48.417206,asia-south,Standard_D4s_v3
2024-01-20 16:00:00,35.47740138,39.41534,asia-south,Standard_D4s_v3
2024-01-20 17:00:00,49.07097775,45.886784,asia-south,Standard_D4s_v3
2024-01-20 18:00:00,44.59707187,43.495766,asia-south,Standard_D4s_v3
2024-01-20 19:00:00,34.24998756,36.712463,asia-south,Standard_D4s_v3
2024-01-20 20:00:00,48.14212573,47.57409,asia-south,Standard_D4s_v3
2024-01-20 21:00:00,43.45634557,44.782753,asia-south,Standard_D4s_v3
2024-01-20 22:00:00,50.37987055,47.400806,asia-south,Standard_D4s_v3
2024-01-20 23:00:00,53.64878586,45.076565,asia-south,Standard_D4s_v3
2024-01-21 00:00:00,56.91770117,57.921246,asia-south,Standard_D4s_v3
2024-01-21 01:00:00,56.23186286,56.278416,asia-south,Standard_D4s_v3
2024-01-21 02:00:00,55.54602455,58.579594,asia-south,Standard_D4s_v3
2024-01-21 03:00:00,80.10795993,75.40454,asia-south,Standard_D4s_v3
2024-01-21 04:00:00,86.8303734,83.56151,asia-south,Standard_D4s_v3
2024-01-21 05:00:00,63.96584668,65.52725,asia-south,Standard_D4s_v3
2024-01-21 06:00:00,36.18122961,38.062416,asia-south,Standard_D4s_v3
2024-01-21 07:00:00,73.27293909,70.77965,asia-south,Standard_D4s_v3
2024-01-21 08:00:00,72.94023799,71.60564,asia-south,Standard_D4s_v3
2024-01-21 09:00:00,66.82376221,73.43468,asia-south,Standard_D4s_v3
2024-01-21 10:00:00,60.70728643,64.32294,asia-south,Standard_D4s_v3
2024-01-21 11:00:00,54.59081064,55.909843,asia-south,Standard_D4s_v3
2024-01-21 12:00:00,61.28880273,52.072636,asia-south,Standard_D4s_v3
2024-01-21 13:00:00,67.98679482,65.718254,asia-south,Standard_D4s_v3
2024-01-21 14:00:00,54.68690922,54.694607,asia-south,Standard_D4s_v3
2024-01-21 15:00:00,63.73392252,44.506477,asia-south,Standard_D4s_v3
2024-01-21 16:00:00,72.78093582,45.99409,asia-south,Standard_D4s_v3
2024-01-21 17:00:00,42.62096583,45.85883,asia-south,Standard_D4s_v3
2024-01-21 18:00:00,41.17874227,41.41259,asia-south,Standard_D4s_v3
2024-01-21 19:00:00,33.80467011,34.394585,asia-south,Standard_D4s_v3
2024-01-21 20:00:00,45.41924067,43.06734,asia-south,Standard_D4s_v3
2024-01-21 21:00:00,53.09279924,53.156662,asia-south,Standard_D4s_v3
2024-01-21 22:00:00,63.43893474,57.888718,asia-south,Standard_D4s_v3
2024-01-21 23:00:00,57.68921829,55.02592,asia-south,Standard_D4s_v3
2024-01-22 00:00:00,55.4832744,60.621784,asia-south,Standard_D4s_v3
2024-01-22 01:00:00,53.27733051,53.811287,asia-south,Standard_D4s_v3
2024-01-22 02:00:00,92.59981038,92.22919,asia-south,Standard_D4s_v3
2024-01-22 03:00:00,74.48146952,76.04809,asia-south,Standard_D4s_v3
2024-01-22 04:00:00,61.4333791,63.088345,asia-south,Standard_D4s_v3
2024-01-22 05:00:00,71.28360297,68.571724,asia-south,Standard_D4s_v3
2024-01-22 06:00:00,80.52344091,83.61217,asia-south,Standard_D4s_v3
2024-01-22 07:00:00,89.76327885,84.10626,asia-south,Standard_D4s_v3
2024-01-22 08:00:00,76.16714807,76.58163,asia-south,Standard_D4s_v3
2024-01-22 09:00:00,70.56471118,74.683556,asia-south,Standard_D4s_v3
2024-01-22 10:00:00,76.22238029,81.88222,asia-south,Standard_D4s_v3
2024-01-22 11:00:00,81.88004941,80.91025,asia-south,Standard_D4s_v3
2024-01-22 12:00:00,46.00269592,50.373653,asia-south,Standard_D4s_v3
2024-01-22 13:00:00,41.65485974,42.339252,asia-south,Standard_D4s_v3
2024-01-22 14:00:00,47.90933252,43.86218,asia-south,Standard_D4s_v3
2024-01-22 15:00:00,54.15079228,54.04848,asia-south,Standard_D4s_v3
2024-01-22 16:00:00,48.21035198,47.918438,asia-south,Standard_D4s_v3
2024-01-22 17:00:00,42.22745506,45.654858,asia-south,Standard_D4s_v3
2024-01-22 18:00:00,36.24455814,40.802826,asia-south,Standard_D4s_v3
2024-01-22 19:00:00,43.66462786,42.643566,asia-south,Standard_D4s_v3
2024-01-22 20:00:00,33.96170701,37.981964,asia-south,Standard_D4s_v3
2024-01-22 21:00:00,24.25878615,23.26815,asia-south,Standard_D4s_v3
2024-01-22 22:00:00,70.71422033,61.774277,asia-south,Standard_D4s_v3
2024-01-22 23:00:00,63.12734584,62.256424,asia-south,Standard_D4s_v3
2024-01-23 00:00:00,72.33913891,71.63134,asia-south,Standard_D4s_v3
2024-01-23 01:00:00,47.25192576,51.499863,asia-south,Standard_D4s_v3
2024-01-23 02:00:00,89.99267712,92.15208,asia-south,Standard_D4s_v3
2024-01-23 03:00:00,88.14418914,70.75662,asia-south,Standard_D4s_v3
2024-01-23 04:00:00,56.20723427,58.851852,asia-south,Standard_D4s_v3
2024-01-23 05:00:00,66.17934468,69.3146,asia-south,Standard_D4s_v3
2024-01-23 06:00:00,76.15145508,78.92093,asia-south,Standard_D4s_v3
2024-01-23 07:00:00,86.12356548,76.97001,asia-south,Standard_D4s_v3
2024-01-23 08:00:00,79.33892269,80.94011,asia-south,Standard_D4s_v3
2024-01-23 09:00:00,65.34989315,67.37072,asia-south,Standard_D4s_v3
2024-01-23 10:00:00,69.1968977,69.86659,asia-south,Standard_D4s_v3
2024-01-23 11:00:00,98.47233108,90.98232,asia-south,Standard_D4s_v3
2024-01-23 12:00:00,71.01375019,53.126205,asia-south,Standard_D4s_v3
2024-01-23 13:00:00,43.55516929,47.316414,asia-south,Standard_D4s_v3
2024-01-23 14:00:00,56.74837249,57.424583,asia-south,Standard_D4s_v3
2024-01-23 15:00:00,51.54028172,50.75082,asia-south,Standard_D4s_v3
2024-01-23 16:00:00,51.98092206,42.420597,asia-south,Standard_D4s_v3
2024-01-23 17:00:00,52.4215624,52.42332,asia-south,Standard_D4s_v3
2024-01-23 18:00:00,56.4948474,55.011063,asia-south,Standard_D4s_v3
2024-01-23 19:00:00,25.88121244,28.804924,asia-south,Standard_D4s_v3
2024-01-23 20:00:00,33.15570334,38.041794,asia-south,Standard_D4s_v3
2024-01-23 21:00:00,65.81651572,64.7704,asia-south,Standard_D4s_v3
2024-01-23 22:00:00,44.38250654,45.44679,asia-south,Standard_D4s_v3
2024-01-23 23:00:00,50.2428095,48.715115,asia-south,Standard_D4s_v3
2024-01-24 00:00:00,49.03583511,51.645164,asia-south,Standard_D4s_v3
2024-01-24 01:00:00,72.01737224,64.92901,asia-south,Standard_D4s_v3
2024-01-24 02:00:00,56.3293574,62.586506,asia-south,Standard_D4s_v3
2024-01-24 03:00:00,88.24071979,81.18732,asia-south,Standard_D4s_v3
2024-01-24 04:00:00,57.47188467,60.308426,asia-south,Standard_D4s_v3
2024-01-24 05:00:00,58.87902741,55.501274,asia-south,Standard_D4s_v3
2024-01-24 06:00:00,60.28617015,63.216755,asia-south,Standard_D4s_v3
2024-01-24 07:00:00,61.69331288,68.001854,asia-south,Standard_D4s_v3
2024-01-24 08:00:00,63.10045562,75.13005,asia-south,Standard_D4s_v3
2024-01-24 09:00:00,64.50759835,72.50788,asia-south,Standard_D4s_v3
2024-01-24 10:00:00,73.91678211,71.61392,asia-south,Standard_D4s_v3
2024-01-24 11:00:00,53.07572915,54.558895,asia-south,Standard_D4s_v3
2024-01-24 12:00:00,38.24241588,41.697872,asia-south,Standard_D4s_v3
2024-01-24 13:00:00,48.66517407,49.28773,asia-south,Standard_D4s_v3
2024-01-24 14:00:00,40.32767053,41.68083,asia-south,Standard_D4s_v3
2024-01-24 15:00:00,44.05600067,42.820187,asia-south,Standard_D4s_v3
2024-01-24 16:00:00,38.17150488,38.068115,asia-south,Standard_D4s_v3
2024-01-24 17:00:00,36.1907714,31.491472,asia-south,Standard_D4s_v3
2024-01-24 18:00:00,34.21003791,37.830826,asia-south,Standard_D4s_v3
2024-01-24 19:00:00,52.66409802,47.37199,asia-south,Standard_D4s_v3
2024-01-24 20:00:00,45.63098664,49.38184,asia-south,Standard_D4s_v3
2024-01-24 21:00:00,53.48966872,52.940723,asia-south,Standard_D4s_v3
2024-01-24 22:00:00,43.45670093,51.961933,asia-south,Standard_D4s_v3
2024-01-24 23:00:00,64.57236753,59.10707,asia-south,Standard_D4s_v3
2024-01-25 00:00:00,66.56722106,65.83375,asia-south,Standard_D4s_v3
2024-01-25 01:00:00,71.97313386,73.04779,asia-south,Standard_D4s_v3
2024-01-25 02:00:00,50.09116621,52.82433,asia-south,Standard_D4s_v3
2024-01-25 03:00:00,83.71718321,79.69279,asia-south,Standard_D4s_v3
2024-01-25 04:00:00,87.9764335,82.43612,asia-south,Standard_D4s_v3
2024-01-25 05:00:00,70.87859031,62.56807,asia-south,Standard_D4s_v3
2024-01-25 06:00:00,72.13994664,72.50229,asia-south,Standard_D4s_v3
2024-01-25 07:00:00,77.15985698,78.90332,asia-south,Standard_D4s_v3
2024-01-25 08:00:00,82.17976732,78.52267,asia-south,Standard_D4s_v3
2024-01-25 09:00:00,87.76200541,81.7111,asia-south,Standard_D4s_v3
2024-01-25 10:00:00,72.6776917,73.35175,asia-south,Standard_D4s_v3
2024-01-25 11:00:00,45.24543019,47.54697,asia-south,Standard_D4s_v3
2024-01-25 12:00:00,71.22846543,70.7984,asia-south,Standard_D4s_v3
2024-01-25 13:00:00,72.64069802,68.14674,asia-south,Standard_D4s_v3
2024-01-25 14:00:00,56.80647496,53.96738,asia-south,Standard_D4s_v3
2024-01-25 15:00:00,40.9722519,43.986073,asia-south,Standard_D4s_v3
2024-01-25 16:00:00,38.3782683,39.460655,asia-south,Standard_D4s_v3
2024-01-25 17:00:00,57.91350983,51.02101,asia-south,Standard_D4s_v3
2024-01-25 18:00:00,40.08169926,43.43893,asia-south,Standard_D4s_v3
2024-01-25 19:00:00,57.13819887,54.84404,asia-south,Standard_D4s_v3
2024-01-25 20:00:00,43.17715229,47.78167,asia-south,Standard_D4s_v3
2024-01-25 21:00:00,42.64999352,43.75402,asia-south,Standard_D4s_v3
2024-01-25 22:00:00,42.12283476,48.43049,asia-south,Standard_D4s_v3
2024-01-25 23:00:00,41.59567599,41.515415,asia-south,Standard_D4s_v3
2024-01-26 00:00:00,53.04855114,55.28407,asia-south,Standard_D4s_v3
2024-01-26 01:00:00,56.20030156,55.658653,asia-south,Standard_D4s_v3
2024-01-26 02:00:00,71.04492261,68.165146,asia-south,Standard_D4s_v3
2024-01-26 03:00:00,85.88954365,81.44719,asia-south,Standard_D4s_v3
2024-01-26 04:00:00,70.71411829,68.82482,asia-south,Standard_D4s_v3
2024-01-26 05:00:00,77.97111928,69.75099,asia-south,Standard_D4s_v3
2024-01-26 06:00:00,75.60109398,72.16513,asia-south,Standard_D4s_v3
2024-01-26 07:00:00,73.7492693,72.872185,asia-south,Standard_D4s_v3
2024-01-26 08:00:00,57.15250095,57.65982,asia-south,Standard_D4s_v3
2024-01-26 09:00:00,58.26238112,54.313133,asia-south,Standard_D4s_v3
2024-01-26 10:00:00,59.37226129,60.6649,asia-south,Standard_D4s_v3
2024-01-26 11:00:00,66.48411315,64.22675,asia-south,Standard_D4s_v3
2024-01-26 12:00:00,55.67981761,58.30267,asia-south,Standard_D4s_v3
2024-01-26 13:00:00,37.83335716,44.186703,asia-south,Standard_D4s_v3
2024-01-26 14:00:00,30.59579007,32.119205,asia-south,Standard_D4s_v3
2024-01-26 15:00:00,39.93896322,46.51692,asia-south,Standard_D4s_v3
2024-01-26 16:00:00,49.28213636,46.10469,asia-south,Standard_D4s_v3
2024-01-26 17:00:00,44.49462136,45.737206,asia-south,Standard_D4s_v3
2024-01-26 18:00:00,47.12353109,44.01004,asia-south,Standard_D4s_v3
2024-01-26 19:00:00,43.88685868,44.255116,asia-south,Standard_D4s_v3
2024-01-26 20:00:00,46.19636453,45.18744,asia-south,Standard_D4s_v3
2024-01-26 21:00:00,60.14371494,56.566486,asia-south,Standard_D4s_v3
2024-01-26 22:00:00,57.87207086,55.619614,asia-south,Standard_D4s_v3
2024-01-26 23:00:00,48.71769545,48.012867,asia-south,Standard_D4s_v3
2024-01-27 00:00:00,39.56332004,42.476543,asia-south,Standard_D4s_v3
2024-01-27 01:00:00,63.1129113,49.849327,asia-south,Standard_D4s_v3
2024-01-27 02:00:00,86.66250257,83.00104,asia-south,Standard_D4s_v3
2024-01-27 03:00:00,80.75249888,64.03347,asia-south,Standard_D4s_v3
2024-01-27 04:00:00,74.84249519,77.936485,asia-south,Standard_D4s_v3
2024-01-27 05:00:00,66.15356149,67.76249,asia-south,Standard_D4s_v3
2024-01-27 06:00:00,87.70255025,81.580345,asia-south,Standard_D4s_v3
2024-01-27 07:00:00,65.6914253,74.00317,asia-south,Standard_D4s_v3
2024-01-27 08:00:00,67.45180605,78.97801,asia-south,Standard_D4s_v3
2024-01-27 09:00:00,69.21218681,69.44409,asia-south,Standard_D4s_v3
2024-01-27 10:00:00,84.09452315,74.92589,asia-south,Standard_D4s_v3
2024-01-27 11:00:00,69.9793473,60.838825,asia-south,Standard_D4s_v3
2024-01-27 12:00:00,55.86417146,61.43366,asia-south,Standard_D4s_v3
2024-01-27 13:00:00,41.74899561,48.042492,asia-south,Standard_D4s_v3
2024-01-27 14:00:00,52.34062982,51.29916,asia-south,Standard_D4s_v3
2024-01-27 15:00:00,39.17641969,46.00007,asia-south,Standard_D4s_v3
2024-01-27 16:00:00,46.82230523,45.7049,asia-south,Standard_D4s_v3
2024-01-27 17:00:00,43.09053784,43.172745,asia-south,Standard_D4s_v3
2024-01-27 18:00:00,34.74010767,38.31284,asia-south,Standard_D4s_v3
2024-01-27 19:00:00,29.11325132,30.648441,asia-south,Standard_D4s_v3
2024-01-27 20:00:00,57.63991474,53.945415,asia-south,Standard_D4s_v3
2024-01-27 21:00:00,57.74920544,56.831352,asia-south,Standard_D4s_v3
2024-01-27 22:00:00,48.84182387,49.462685,asia-south,Standard_D4s_v3
2024-01-27 23:00:00,39.93444229,43.113087,asia-south,Standard_D4s_v3
2024-01-28 00:00:00,85.55295782,79.90526,asia-south,Standard_D4s_v3
2024-01-28 01:00:00,74.45726612,66.52361,asia-south,Standard_D4s_v3
2024-01-28 02:00:00,63.36157441,64.43266,asia-south,Standard_D4s_v3
2024-01-28 03:00:00,58.51428477,60.38637,asia-south,Standard_D4s_v3
2024-01-28 04:00:00,55.20431962,55.94192,asia-south,Standard_D4s_v3
2024-01-28 05:00:00,83.67456535,81.09169,asia-south,Standard_D4s_v3
2024-01-28 06:00:00,73.51370739,79.10689,asia-south,Standard_D4s_v3
2024-01-28 07:00:00,88.45950756,82.76036,asia-south,Standard_D4s_v3
2024-01-28 08:00:00,55.14425199,59.228374,asia-south,Standard_D4s_v3
2024-01-28 09:00:00,90.01828404,91.28227,asia-south,Standard_D4s_v3
2024-01-28 10:00:00,60.19644009,63.161808,asia-south,Standard_D4s_v3
2024-01-28 11:00:00,63.7529213,63.082615,asia-south,Standard_D4s_v3
2024-01-28 12:00:00,61.20487837,58.598408,asia-south,Standard_D4s_v3
2024-01-28 13:00:00,53.32106873,54.48199,asia-south,Standard_D4s_v3
2024-01-28 14:00:00,52.96431623,45.11072,asia-south,Standard_D4s_v3
2024-01-28 15:00:00,52.60756374,50.300583,asia-south,Standard_D4s_v3
2024-01-28 16:00:00,40.57001234,42.818142,asia-south,Standard_D4s_v3
2024-01-28 17:00:00,60.57916275,61.85817,asia-south,Standard_D4s_v3
2024-01-28 18:00:00,39.62625597,42.765636,asia-south,Standard_D4s_v3
2024-01-28 19:00:00,41.31439994,42.1218,asia-south,Standard_D4s_v3
2024-01-28 20:00:00,43.0025439,42.80901,asia-south,Standard_D4s_v3
2024-01-28 21:00:00,48.05310968,44.251343,asia-south,Standard_D4s_v3
2024-01-28 22:00:00,53.10367546,51.854797,asia-south,Standard_D4s_v3
2024-01-28 23:00:00,66.35328017,65.431595,asia-south,Standard_D4s_v3
2024-01-29 00:00:00,79.60288488,79.45878,asia-south,Standard_D4s_v3
2024-01-29 01:00:00,50.96892182,53.58341,asia-south,Standard_D4s_v3
2024-01-29 02:00:00,58.35349188,57.692543,asia-south,Standard_D4s_v3
2024-01-29 03:00:00,70.23311723,67.37092,asia-south,Standard_D4s_v3
2024-01-29 04:00:00,51.28673945,51.60762,asia-south,Standard_D4s_v3
2024-01-29 05:00:00,62.64107423,66.90668,asia-south,Standard_D4s_v3
2024-01-29 06:00:00,73.995409,69.056885,asia-south,Standard_D4s_v3
2024-01-29 07:00:00,85.34974378,66.11887,asia-south,Standard_D4s_v3
2024-01-29 08:00:00,57.23876831,60.0315,asia-south,Standard_D4s_v3
2024-01-29 09:00:00,66.05442956,66.24794,asia-south,Standard_D4s_v3
2024-01-29 10:00:00,61.09145328,80.47711,asia-south,Standard_D4s_v3
2024-01-29 11:00:00,56.128477,68.33596,asia-south,Standard_D4s_v3
2024-01-29 12:00:00,51.16550072,72.47653,asia-south,Standard_D4s_v3
2024-01-29 13:00:00,46.20252444,58.19617,asia-south,Standard_D4s_v3
2024-01-29 14:00:00,54.97814611,58.934875,asia-south,Standard_D4s_v3
2024-01-29 15:00:00,51.2116492,47.393066,asia-south,Standard_D4s_v3
2024-01-29 16:00:00,47.44515228,48.309937,asia-south,Standard_D4s_v3
2024-01-29 17:00:00,43.67865537,44.49185,asia-south,Standard_D4s_v3
2024-01-29 18:00:00,40.08767986,29.16344,asia-south,Standard_D4s_v3
2024-01-29 19:00:00,36.49670435,34.41199,asia-south,Standard_D4s_v3
2024-01-29 20:00:00,31.09555909,30.769644,asia-south,Standard_D4s_v3
2024-01-29 21:00:00,65.71652351,55.1585,asia-south,Standard_D4s_v3
2024-01-29 22:00:00,50.38876107,48.909954,asia-south,Standard_D4s_v3
2024-01-29 23:00:00,71.9098596,67.61868,asia-south,Standard_D4s_v3
2024-01-30 00:00:00,57.52703466,61.006065,asia-south,Standard_D4s_v3
2024-01-30 01:00:00,63.8919595,67.15219,asia-south,Standard_D4s_v3
2024-01-30 02:00:00,74.00267031,72.33342,asia-south,Standard_D4s_v3
2024-01-30 03:00:00,58.10386998,63.89756,asia-south,Standard_D4s_v3
2024-01-30 04:00:00,70.47538957,69.71421,asia-south,Standard_D4s_v3
2024-01-30 05:00:00,62.01529271,64.948425,asia-south,Standard_D4s_v3
2024-01-30 06:00:00,86.2669169,83.122894,asia-south,Standard_D4s_v3
2024-01-30 07:00:00,71.54096641,80.43994,asia-south,Standard_D4s_v3
2024-01-30 08:00:00,56.81501592,60.469532,asia-south,Standard_D4s_v3
2024-01-30 09:00:00,76.70888682,75.756294,asia-south,Standard_D4s_v3
2024-01-30 10:00:00,66.92272507,67.970406,asia-south,Standard_D4s_v3
2024-01-30 11:00:00,56.65840538,65.902145,asia-south,Standard_D4s_v3
2024-01-30 12:00:00,46.39408569,49.1688,asia-south,Standard_D4s_v3
2024-01-30 13:00:00,59.65391621,57.978764,asia-south,Standard_D4s_v3
2024-01-30 14:00:00,63.12104509,55.073406,asia-south,Standard_D4s_v3
2024-01-30 15:00:00,61.71305211,51.60641,asia-south,Standard_D4s_v3
2024-01-30 16:00:00,54.34783457,45.421047,asia-south,Standard_D4s_v3
2024-01-30 17:00:00,46.98261703,45.13003,asia-south,Standard_D4s_v3
2024-01-30 18:00:00,48.38000455,48.16514,asia-south,Standard_D4s_v3
2024-01-30 19:00:00,42.68474114,43.95095,asia-south,Standard_D4s_v3
2024-01-30 20:00:00,41.55411351,45.581005,asia-south,Standard_D4s_v3
2024-01-30 21:00:00,61.12289702,60.823757,asia-south,Standard_D4s_v3
2024-01-30 22:00:00,39.20603282,42.898376,asia-south,Standard_D4s_v3
2024-01-30 23:00:00,55.60853197,52.908413,asia-south,Standard_D4s_v3
2024-01-31 00:00:00,62.2084734,62.058033,asia-south,Standard_D4s_v3
2024-01-31 01:00:00,74.53139056,74.53422,asia-south,Standard_D4s_v3
2024-01-31 02:00:00,60.76531345,70.258095,asia-south,Standard_D4s_v3
2024-01-31 03:00:00,80.85501025,78.69504,asia-south,Standard_D4s_v3
2024-01-31 04:00:00,97.44816508,96.94727,asia-south,Standard_D4s_v3
2024-01-31 05:00:00,81.37824244,82.04923,asia-south,Standard_D4s_v3
2024-01-31 06:00:00,67.30158894,68.51981,asia-south,Standard_D4s_v3
2024-01-31 07:00:00,69.34305814,68.06398,asia-south,Standard_D4s_v3
2024-01-31 08:00:00,77.07725456,78.72971,asia-south,Standard_D4s_v3
2024-01-31 09:00:00,80.2602349,81.37108,asia-south,Standard_D4s_v3
2024-01-31 10:00:00,70.20935418,71.02624,asia-south,Standard_D4s_v3
2024-01-31 11:00:00,58.60798552,63.264194,asia-south,Standard_D4s_v3
2024-01-31 12:00:00,71.99217254,67.96477,asia-south,Standard_D4s_v3
2024-01-31 13:00:00,62.00172578,61.75759,asia-south,Standard_D4s_v3
2024-01-31 14:00:00,37.24016289,40.704918,asia-south,Standard_D4s_v3
2024-01-31 15:00:00,39.22009508,49.499825,asia-south,Standard_D4s_v3
2024-01-31 16:00:00,41.20002727,41.401608,asia-south,Standard_D4s_v3
2024-01-31 17:00:00,42.07987888,45.989147,asia-south,Standard_D4s_v3
2024-01-31 18:00:00,42.95973049,39.15701,asia-south,Standard_D4s_v3
2024-01-31 19:00:00,43.83958211,43.877728,asia-south,Standard_D4s_v3
2024-01-31 20:00:00,53.79235252,51.587723,asia-south,Standard_D4s_v3
2024-01-31 21:00:00,63.74512294,60.531467,asia-south,Standard_D4s_v3
2024-01-31 22:00:00,46.61744174,47.673042,asia-south,Standard_D4s_v3
2024-01-31 23:00:00,64.1361902,57.471153,asia-south,Standard_D4s_v3
2024-02-01 00:00:00,69.7485902,68.02043,asia-south,Standard_D4s_v3
2024-02-01 01:00:00,71.27605167,74.173256,asia-south,Standard_D4s_v3
2024-02-01 02:00:00,72.80351313,83.447975,asia-south,Standard_D4s_v3
2024-02-01 03:00:00,74.3309746,80.89516,asia-south,Standard_D4s_v3
2024-02-01 04:00:00,75.85843606,82.97868,asia-south,Standard_D4s_v3
2024-02-01 05:00:00,77.38589753,79.54397,asia-south,Standard_D4s_v3
2024-02-01 06:00:00,67.20068267,67.63594,asia-south,Standard_D4s_v3
2024-02-01 07:00:00,72.3318371,73.16104,asia-south,Standard_D4s_v3
2024-02-01 08:00:00,71.11675566,73.22275,asia-south,Standard_D4s_v3
2024-02-01 09:00:00,88.82870716,83.709915,asia-south,Standard_D4s_v3
2024-02-01 10:00:00,70.01818225,71.527054,asia-south,Standard_D4s_v3
2024-02-01 11:00:00,87.77726691,80.81309,asia-south,Standard_D4s_v3
2024-02-01 12:00:00,75.62066896,73.46562,asia-south,Standard_D4s_v3
2024-02-01 13:00:00,63.46407101,64.42521,asia-south,Standard_D4s_v3
2024-02-01 14:00:00,37.82786216,40.467606,asia-south,Standard_D4s_v3
2024-02-01 15:00:00,46.44644857,48.383026,asia-south,Standard_D4s_v3
2024-02-01 16:00:00,36.32734057,42.425858,asia-south,Standard_D4s_v3
2024-02-01 17:00:00,26.20823257,31.01083,asia-south,Standard_D4s_v3
2024-02-01 18:00:00,31.85579639,32.469322,asia-south,Standard_D4s_v3
2024-02-01 19:00:00,40.20777877,39.080956,asia-south,Standard_D4s_v3
2024-02-01 20:00:00,44.91024501,44.366707,asia-south,Standard_D4s_v3
2024-02-01 21:00:00,53.85426427,52.178333,asia-south,Standard_D4s_v3
2024-02-01 22:00:00,53.14954362,58.04236,asia-south,Standard_D4s_v3
2024-02-01 23:00:00,78.99190834,75.382065,asia-south,Standard_D4s_v3
2024-02-02 00:00:00,73.56050484,77.28943,asia-south,Standard_D4s_v3
2024-02-02 01:00:00,70.28801722,71.57344,asia-south,Standard_D4s_v3
2024-02-02 02:00:00,64.66510627,66.51424,asia-south,Standard_D4s_v3
2024-02-02 03:00:00,89.93379299,92.0484,asia-south,Standard_D4s_v3
2024-02-02 04:00:00,100.0,97.199554,asia-south,Standard_D4s_v3
2024-02-02 05:00:00,73.92203335,75.98806,asia-south,Standard_D4s_v3
2024-02-02 06:00:00,91.04657423,93.449905,asia-south,Standard_D4s_v3
2024-02-02 07:00:00,89.68868579,84.342,asia-south,Standard_D4s_v3
2024-02-02 08:00:00,73.24339082,74.54172,asia-south,Standard_D4s_v3
2024-02-02 09:00:00,88.161912,83.594505,asia-south,Standard_D4s_v3
2024-02-02 10:00:00,77.5932532,78.62405,asia-south,Standard_D4s_v3
2024-02-02 11:00:00,88.97140228,82.78016,asia-south,Standard_D4s_v3
2024-02-02 12:00:00,79.68048302,77.80561,asia-south,Standard_D4s_v3
2024-02-02 13:00:00,46.72779812,53.617577,asia-south,Standard_D4s_v3
2024-02-02 14:00:00,44.51611466,44.759834,asia-south,Standard_D4s_v3
2024-02-02 15:00:00,49.28014297,48.115536,asia-south,Standard_D4s_v3
2024-02-02 16:00:00,55.09735672,50.42661,asia-south,Standard_D4s_v3
2024-02-02 17:00:00,43.38482884,47.99824,asia-south,Standard_D4s_v3
2024-02-02 18:00:00,46.45986021,47.838078,asia-south,Standard_D4s_v3
2024-02-02 19:00:00,45.65202352,45.65112,asia-south,Standard_D4s_v3
2024-02-02 20:00:00,24.61426223,27.478222,asia-south,Standard_D4s_v3
2024-02-02 21:00:00,48.48154953,45.61995,asia-south,Standard_D4s_v3
2024-02-02 22:00:00,56.49436196,56.190018,asia-south,Standard_D4s_v3
2024-02-02 23:00:00,46.94743844,46.646072,asia-south,Standard_D4s_v3
2024-02-03 00:00:00,57.88570355,64.09303,asia-south,Standard_D4s_v3
2024-02-03 01:00:00,69.23456588,69.73588,asia-south,Standard_D4s_v3
2024-02-03 02:00:00,79.53268252,78.520485,asia-south,Standard_D4s_v3
2024-02-03 03:00:00,70.23581739,76.464355,asia-south,Standard_D4s_v3
2024-02-03 04:00:00,60.93895226,64.64645,asia-south,Standard_D4s_v3
2024-02-03 05:00:00,83.6045908,82.018105,asia-south,Standard_D4s_v3
2024-02-03 06:00:00,83.71734047,85.135,asia-south,Standard_D4s_v3
2024-02-03 07:00:00,98.45681039,96.26627,asia-south,Standard_D4s_v3
2024-02-03 08:00:00,89.77137755,83.92982,asia-south,Standard_D4s_v3
2024-02-03 09:00:00,67.14561926,67.04273,asia-south,Standard_D4s_v3
2024-02-03 10:00:00,62.47912565,64.456154,asia-south,Standard_D4s_v3
2024-02-03 11:00:00,68.09635405,66.403244,asia-south,Standard_D4s_v3
2024-02-03 12:00:00,53.94350428,57.35424,asia-south,Standard_D4s_v3
2024-02-03 13:00:00,39.79065451,41.92235,asia-south,Standard_D4s_v3
2024-02-03 14:00:00,37.74018897,39.13739,asia-south,Standard_D4s_v3
2024-02-03 15:00:00,32.57560994,34.808945,asia-south,Standard_D4s_v3
2024-02-03 16:00:00,49.94661875,46.52649,asia-south,Standard_D4s_v3
2024-02-03 17:00:00,61.13801498,56.390163,asia-south,Standard_D4s_v3
2024-02-03 18:00:00,53.66518129,53.491222,asia-south,Standard_D4s_v3
2024-02-03 19:00:00,32.56752401,36.80635,asia-south,Standard_D4s_v3
2024-02-03 20:00:00,35.92972461,35.97328,asia-south,Standard_D4s_v3
2024-02-03 21:00:00,50.59881534,46.060513,asia-south,Standard_D4s_v3
2024-02-03 22:00:00,44.58075477,49.870224,asia-south,Standard_D4s_v3
2024-02-03 23:00:00,76.34410715,73.26822,asia-south,Standard_D4s_v3
2024-02-04 00:00:00,88.02614705,83.12327,asia-south,Standard_D4s_v3
2024-02-04 01:00:00,83.92688673,81.78461,asia-south,Standard_D4s_v3
2024-02-04 02:00:00,66.19275543,68.37814,asia-south,Standard_D4s_v3
2024-02-04 03:00:00,60.66570082,63.610733,asia-south,Standard_D4s_v3
2024-02-04 04:00:00,85.67213424,83.21712,asia-south,Standard_D4s_v3
2024-02-04 05:00:00,90.44808949,77.73001,asia-south,Standard_D4s_v3
2024-02-04 06:00:00,95.22404475,95.86844,asia-south,Standard_D4s_v3
2024-02-04 07:00:00,100.0,96.300415,asia-south,Standard_D4s_v3
2024-02-04 08:00:00,51.22706499,61.549255,asia-south,Standard_D4s_v3
2024-02-04 09:00:00,65.42755508,60.862602,asia-south,Standard_D4s_v3
2024-02-04 10:00:00,34.5234132,39.585438,asia-south,Standard_D4s_v3
2024-02-04 11:00:00,55.54733156,51.188778,asia-south,Standard_D4s_v3
2024-02-04 12:00:00,60.13860318,56.349873,asia-south,Standard_D4s_v3
2024-02-04 13:00:00,64.7298748,62.85439,asia-south,Standard_D4s_v3
2024-02-04 14:00:00,63.11940271,66.92403,asia-south,Standard_D4s_v3
2024-02-04 15:00:00,51.50384856,51.45793,asia-south,Standard_D4s_v3
2024-02-04 16:00:00,44.33500805,42.584557,asia-south,Standard_D4s_v3
2024-02-04 17:00:00,37.16616753,41.7232,asia-south,Standard_D4s_v3
2024-02-04 18:00:00,42.02799148,43.739643,asia-south,Standard_D4s_v3
2024-02-04 19:00:00,47.84062493,46.348328,asia-south,Standard_D4s_v3
2024-02-04 20:00:00,51.37944365,50.937344,asia-south,Standard_D4s_v3
2024-02-04 21:00:00,51.26931371,50.381237,asia-south,Standard_D4s_v3
2024-02-04 22:00:00,44.10847446,48.19404,asia-south,Standard_D4s_v3
2024-02-04 23:00:00,60.49705734,58.117584,asia-south,Standard_D4s_v3
2024-02-05 00:00:00,51.85234003,51.68977,asia-south,Standard_D4s_v3
2024-02-05 01:00:00,60.11523205,68.582184,asia-south,Standard_D4s_v3
2024-02-05 02:00:00,68.37812408,68.68226,asia-south,Standard_D4s_v3
2024-02-05 03:00:00,62.39437248,65.39259,asia-south,Standard_D4s_v3
2024-02-05 04:00:00,54.73558339,60.124332,asia-south,Standard_D4s_v3
2024-02-05 05:00:00,86.92601845,71.00152,asia-south,Standard_D4s_v3
2024-02-05 06:00:00,61.80305544,61.736214,asia-south,Standard_D4s_v3
2024-02-05 07:00:00,72.42620169,72.31752,asia-south,Standard_D4s_v3
2024-02-05 08:00:00,83.04934794,84.438774,asia-south,Standard_D4s_v3
2024-02-05 09:00:00,93.67249419,92.53998,asia-south,Standard_D4s_v3
2024-02-05 10:00:00,81.38940505,80.96913,asia-south,Standard_D4s_v3
2024-02-05 11:00:00,33.63069246,38.97649,asia-south,Standard_D4s_v3
2024-02-05 12:00:00,44.34521547,44.36423,asia-south,Standard_D4s_v3
2024-02-05 13:00:00,67.3004223,68.734085,asia-south,Standard_D4s_v3
2024-02-05 14:00:00,48.42880597,51.48896,asia-south,Standard_D4s_v3
2024-02-05 15:00:00,48.18310809,47.342724,asia-south,Standard_D4s_v3
2024-02-05 16:00:00,42.73895187,42.353527,asia-south,Standard_D4s_v3
2024-02-05 17:00:00,51.25851083,49.947273,asia-south,Standard_D4s_v3
2024-02-05 18:00:00,28.15366973,37.07117,asia-south,Standard_D4s_v3
2024-02-05 19:00:00,36.53824091,41.24121,asia-south,Standard_D4s_v3
2024-02-05 20:00:00,44.92281208,41.62955,asia-south,Standard_D4s_v3
2024-02-05 21:00:00,35.35124273,39.18285,asia-south,Standard_D4s_v3
2024-02-05 22:00:00,60.49201034,52.366737,asia-south,Standard_D4s_v3
2024-02-05 23:00:00,68.34341117,66.867355,asia-south,Standard_D4s_v3
2024-02-06 00:00:00,65.70751424,72.38377,asia-south,Standard_D4s_v3
2024-02-06 01:00:00,53.70201737,56.535164,asia-south,Standard_D4s_v3
2024-02-06 02:00:00,48.35766723,51.059303,asia-south,Standard_D4s_v3
2024-02-06 03:00:00,89.43238809,82.855865,asia-south,Standard_D4s_v3
2024-02-06 04:00:00,76.35710289,80.80263,asia-south,Standard_D4s_v3
2024-02-06 05:00:00,81.7505643,75.1173,asia-south,Standard_D4s_v3
2024-02-06 06:00:00,73.61489501,74.32095,asia-south,Standard_D4s_v3
2024-02-06 07:00:00,77.80114858,77.65414,asia-south,Standard_D4s_v3
2024-02-06 08:00:00,79.01836031,83.04668,asia-south,Standard_D4s_v3
2024-02-06 09:00:00,80.23557205,79.27385,asia-south,Standard_D4s_v3
2024-02-06 10:00:00,60.01528437,60.41443,asia-south,Standard_D4s_v3
2024-02-06 11:00:00,52.26258833,66.26206,asia-south,Standard_D4s_v3
2024-02-06 12:00:00,44.50989229,51.60196,asia-south,Standard_D4s_v3
2024-02-06 13:00:00,36.75719625,44.663456,asia-south,Standard_D4s_v3
2024-02-06 14:00:00,56.54084689,57.63742,asia-south,Standard_D4s_v3
2024-02-06 15:00:00,54.98072508,53.24331,asia-south,Standard_D4s_v3
2024-02-06 16:00:00,44.66949624,45.67991,asia-south,Standard_D4s_v3
2024-02-06 17:00:00,39.4516787,39.969147,asia-south,Standard_D4s_v3
2024-02-06 18:00:00,29.38317768,31.30994,asia-south,Standard_D4s_v3
2024-02-06 19:00:00,50.02422955,44.579144,asia-south,Standard_D4s_v3
2024-02-06 20:00:00,48.10290488,47.70094,asia-south,Standard_D4s_v3
2024-02-06 21:00:00,55.03650945,54.157833,asia-south,Standard_D4s_v3
2024-02-06 22:00:00,49.29233402,52.39785,asia-south,Standard_D4s_v3
2024-02-06 23:00:00,55.95452419,54.733032,asia-south,Standard_D4s_v3
2024-02-07 00:00:00,68.71991828,71.25422,asia-south,Standard_D4s_v3
2024-02-07 01:00:00,62.64677418,66.20438,asia-south,Standard_D4s_v3
2024-02-07 02:00:00,84.49768634,80.31411,asia-south,Standard_D4s_v3
2024-02-07 03:00:00,66.67802249,60.902374,asia-south,Standard_D4s_v3
2024-02-07 04:00:00,92.56513095,91.92226,asia-south,Standard_D4s_v3
2024-02-07 05:00:00,57.9478844,60.88003,asia-south,Standard_D4s_v3
2024-02-07 06:00:00,78.77176149,73.89641,asia-south,Standard_D4s_v3
2024-02-07 07:00:00,81.41397981,74.2228,asia-south,Standard_D4s_v3
2024-02-07 08:00:00,84.05619814,83.654274,asia-south,Standard_D4s_v3
2024-02-07 09:00:00,86.24746115,83.239716,asia-south,Standard_D4s_v3
2024-02-07 10:00:00,88.56051385,83.92659,asia-south,Standard_D4s_v3
2024-02-07 11:00:00,65.22567705,66.222595,asia-south,Standard_D4s_v3
2024-02-07 12:00:00,41.89084025,44.212093,asia-south,Standard_D4s_v3
2024-02-07 13:00:00,70.98094613,68.41932,asia-south,Standard_D4s_v3
2024-02-07 14:00:00,54.10173497,53.985786,asia-south,Standard_D4s_v3
2024-02-07 15:00:00,72.19537074,69.70566,asia-south,Standard_D4s_v3
2024-02-07 16:00:00,61.68401266,60.433434,asia-south,Standard_D4s_v3
2024-02-07 17:00:00,43.68313161,48.46215,asia-south,Standard_D4s_v3
2024-02-07 18:00:00,37.10241889,44.843353,asia-south,Standard_D4s_v3
2024-02-07 19:00:00,41.95022202,45.478756,asia-south,Standard_D4s_v3
2024-02-07 20:00:00,44.96128204,44.443,asia-south,Standard_D4s_v3
2024-02-07 21:00:00,44.11477806,45.564526,asia-south,Standard_D4s_v3
2024-02-07 22:00:00,38.04999897,38.74424,asia-south,Standard_D4s_v3
2024-02-07 23:00:00,69.20121948,66.35574,asia-south,Standard_D4s_v3
2024-02-08 00:00:00,69.44238208,68.97275,asia-south,Standard_D4s_v3
2024-02-08 01:00:00,69.68354468,72.14319,asia-south,Standard_D4s_v3
2024-02-08 02:00:00,72.13535785,73.15867,asia-south,Standard_D4s_v3
2024-02-08 03:00:00,84.18074019,82.400566,asia-south,Standard_D4s_v3
2024-02-08 04:00:00,66.21847849,67.63459,asia-south,Standard_D4s_v3
2024-02-08 05:00:00,62.86220215,76.42365,asia-south,Standard_D4s_v3
2024-02-08 06:00:00,59.50592581,62.07915,asia-south,Standard_D4s_v3
2024-02-08 07:00:00,59.41431277,61.573017,asia-south,Standard_D4s_v3
2024-02-08 08:00:00,92.23722537,91.604485,asia-south,Standard_D4s_v3
2024-02-08 09:00:00,84.71798312,82.02881,asia-south,Standard_D4s_v3
2024-02-08 10:00:00,77.19874088,80.354195,asia-south,Standard_D4s_v3
2024-02-08 11:00:00,75.10490304,74.2044,asia-south,Standard_D4s_v3
2024-02-08 12:00:00,70.02989305,69.2975,asia-south,Standard_D4s_v3
2024-02-08 13:00:00,64.95488305,63.37239,asia-south,Standard_D4s_v3
2024-02-08 14:00:00,54.74043816,47.91202,asia-south,Standard_D4s_v3
2024-02-08 15:00:00,44.52599328,45.91948,asia-south,Standard_D4s_v3
2024-02-08 16:00:00,61.28405895,59.156315,asia-south,Standard_D4s_v3
2024-02-08 17:00:00,43.55189891,45.406906,asia-south,Standard_D4s_v3
2024-02-08 18:00:00,25.81973887,32.203125,asia-south,Standard_D4s_v3
2024-02-08 19:00:00,43.25258669,40.659138,asia-south,Standard_D4s_v3
2024-02-08 20:00:00,49.54726228,47.231445,asia-south,Standard_D4s_v3
2024-02-08 21:00:00,49.63167329,48.48445,asia-south,Standard_D4s_v3
2024-02-08 22:00:00,43.95750892,45.12248,asia-south,Standard_D4s_v3
2024-02-08 23:00:00,64.14940974,63.514786,asia-south,Standard_D4s_v3
2024-02-09 00:00:00,48.86723007,52.78537,asia-south,Standard_D4s_v3
2024-02-09 01:00:00,70.96825753,71.821815,asia-south,Standard_D4s_v3
2024-02-09 02:00:00,69.87075017,71.120125,asia-south,Standard_D4s_v3
2024-02-09 03:00:00,66.6707233,68.14335,asia-south,Standard_D4s_v3
2024-02-09 04:00:00,74.49452491,75.50011,asia-south,Standard_D4s_v3
2024-02-09 05:00:00,69.84887862,72.216446,asia-south,Standard_D4s_v3
2024-02-09 06:00:00,78.68921996,73.58552,asia-south,Standard_D4s_v3
2024-02-09 07:00:00,87.52956131,79.00396,asia-south,Standard_D4s_v3
2024-02-09 08:00:00,80.48004117,77.52411,asia-south,Standard_D4s_v3
2024-02-09 09:00:00,73.43052103,76.993965,asia-south,Standard_D4s_v3
2024-02-09 10:00:00,72.51761328,74.644165,asia-south,Standard_D4s_v3
2024-02-09 11:00:00,70.27369068,68.03186,asia-south,Standard_D4s_v3
2024-02-09 12:00:00,68.02976809,59.017685,asia-south,Standard_D4s_v3
2024-02-09 13:00:00,59.29722331,51.279064,asia-south,Standard_D4s_v3
2024-02-09 14:00:00,50.56467853,52.51482,asia-south,Standard_D4s_v3
2024-02-09 15:00:00,49.73052667,49.044476,asia-south,Standard_D4s_v3
2024-02-09 16:00:00,46.93751386,49.13623,asia-south,Standard_D4s_v3
2024-02-09 17:00:00,41.47855757,44.49936,asia-south,Standard_D4s_v3
2024-02-09 18:00:00,48.82433471,51.356678,asia-south,Standard_D4s_v3
2024-02-09 19:00:00,56.17011184,54.270954,asia-south,Standard_D4s_v3
2024-02-09 20:00:00,49.45260397,49.74639,asia-south,Standard_D4s_v3
2024-02-09 21:00:00,63.65550775,58.47997,asia-south,Standard_D4s_v3
2024-02-09 22:00:00,46.25914092,47.256565,asia-south,Standard_D4s_v3
2024-02-09 23:00:00,40.2587776,36.97749,asia-south,Standard_D4s_v3
2024-02-10 00:00:00,56.96383648,57.31861,asia-south,Standard_D4s_v3
2024-02-10 01:00:00,62.17625213,64.20061,asia-south,Standard_D4s_v3
2024-02-10 02:00:00,83.12521727,80.80522,asia-south,Standard_D4s_v3
2024-02-10 03:00:00,52.7557934,53.981236,asia-south,Standard_D4s_v3
2024-02-10 04:00:00,99.08996255,90.29911,asia-south,Standard_D4s_v3
2024-02-10 05:00:00,82.71985255,69.112595,asia-south,Standard_D4s_v3
2024-02-10 06:00:00,66.34974255,77.01562,asia-south,Standard_D4s_v3
2024-02-10 07:00:00,49.97963254,54.07599,asia-south,Standard_D4s_v3
2024-02-10 08:00:00,63.48898869,75.790535,asia-south,Standard_D4s_v3
2024-02-10 09:00:00,76.99834484,77.25898,asia-south,Standard_D4s_v3
2024-02-10 10:00:00,74.9142,75.862854,asia-south,Standard_D4s_v3
2024-02-10 11:00:00,53.17243268,55.33857,asia-south,Standard_D4s_v3
2024-02-10 12:00:00,73.65349256,70.61875,asia-south,Standard_D4s_v3
2024-02-10 13:00:00,60.67614591,63.47809,asia-south,Standard_D4s_v3
2024-02-10 14:00:00,51.66064418,53.581017,asia-south,Standard_D4s_v3
2024-02-10 15:00:00,49.3826188,48.05655,asia-south,Standard_D4s_v3
2024-02-10 16:00:00,54.50437616,49.855488,asia-south,Standard_D4s_v3
2024-02-10 17:00:00,38.34187087,40.99364,asia-south,Standard_D4s_v3
2024-02-10 18:00:00,47.24941456,44.37303,asia-south,Standard_D4s_v3
2024-02-10 19:00:00,43.82562658,44.425137,asia-south,Standard_D4s_v3
2024-02-10 20:00:00,50.89683772,49.8623,asia-south,Standard_D4s_v3
2024-02-10 21:00:00,46.79499734,50.85602,asia-south,Standard_D4s_v3
2024-02-10 22:00:00,55.31436401,53.15308,asia-south,Standard_D4s_v3
2024-02-10 23:00:00,59.77382121,53.632275,asia-south,Standard_D4s_v3
2024-02-11 00:00:00,64.23327842,61.436134,asia-south,Standard_D4s_v3
2024-02-11 01:00:00,85.95794088,80.50712,asia-south,Standard_D4s_v3
2024-02-11 02:00:00,86.86440188,83.07191,asia-south,Standard_D4s_v3
2024-02-11 03:00:00,87.77086288,84.1555,asia-south,Standard_D4s_v3
2024-02-11 04:00:00,88.67732388,84.598785,asia-south,Standard_D4s_v3
2024-02-11 05:00:00,91.22941529,95.38471,asia-south,Standard_D4s_v3
2024-02-11 06:00:00,90.61426902,95.49985,asia-south,Standard_D4s_v3
2024-02-11 07:00:00,89.99912275,94.61768,asia-south,Standard_D4s_v3
2024-02-11 08:00:00,91.091211,93.60353,asia-south,Standard_D4s_v3
2024-02-11 09:00:00,91.17335443,93.48938,asia-south,Standard_D4s_v3
2024-02-11 10:00:00,84.57824553,83.07606,asia-south,Standard_D4s_v3
2024-02-11 11:00:00,71.92847778,67.54334,asia-south,Standard_D4s_v3
2024-02-11 12:00:00,59.27871003,59.564415,asia-south,Standard_D4s_v3
2024-02-11 13:00:00,51.76297717,55.172264,asia-south,Standard_D4s_v3
2024-02-11 14:00:00,44.24724432,47.30647,asia-south,Standard_D4s_v3
2024-02-11 15:00:00,49.60690514,47.629833,asia-south,Standard_D4s_v3
2024-02-11 16:00:00,36.11729132,39.618217,asia-south,Standard_D4s_v3
2024-02-11 17:00:00,36.74329232,39.000156,asia-south,Standard_D4s_v3
2024-02-11 18:00:00,45.7569515,39.615932,asia-south,Standard_D4s_v3
2024-02-11 19:00:00,42.56518291,39.897064,asia-south,Standard_D4s_v3
2024-02-11 20:00:00,45.84227013,43.724377,asia-south,Standard_D4s_v3
2024-02-11 21:00:00,49.11935736,49.530663,asia-south,Standard_D4s_v3
2024-02-11 22:00:00,48.59735083,51.858036,asia-south,Standard_D4s_v3
2024-02-11 23:00:00,80.22889267,75.232895,asia-south,Standard_D4s_v3
2024-02-12 00:00:00,55.99398102,57.991875,asia-south,Standard_D4s_v3
2024-02-12 01:00:00,73.56297612,73.86127,asia-south,Standard_D4s_v3
2024-02-12 02:00:00,85.70153382,84.31501,asia-south,Standard_D4s_v3
2024-02-12 03:00:00,72.7384063,75.25709,asia-south,Standard_D4s_v3
2024-02-12 04:00:00,73.69564231,78.07075,asia-south,Standard_D4s_v3
2024-02-12 05:00:00,82.37755669,83.31155,asia-south,Standard_D4s_v3
2024-02-12 06:00:00,95.45921767,95.55521,asia-south,Standard_D4s_v3
2024-02-12 07:00:00,95.34420363,92.42069,asia-south,Standard_D4s_v3
2024-02-12 08:00:00,95.2291896,95.14599,asia-south,Standard_D4s_v3
2024-02-12 09:00:00,47.02612901,51.253365,asia-south,Standard_D4s_v3
2024-02-12 10:00:00,73.66300671,65.71125,asia-south,Standard_D4s_v3
2024-02-12 11:00:00,61.3764688,61.26472,asia-south,Standard_D4s_v3
2024-02-12 12:00:00,56.82441645,53.234356,asia-south,Standard_D4s_v3
2024-02-12 13:00:00,49.40851628,49.66467,asia-south,Standard_D4s_v3
2024-02-12 14:00:00,57.5232436,54.39294,asia-south,Standard_D4s_v3
2024-02-12 15:00:00,47.76249671,47.892384,asia-south,Standard_D4s_v3
2024-02-12 16:00:00,32.46625284,35.36029,asia-south,Standard_D4s_v3
2024-02-12 17:00:00,36.32935572,48.67089,asia-south,Standard_D4s_v3
2024-02-12 18:00:00,40.19245859,33.511547,asia-south,Standard_D4s_v3
2024-02-12 19:00:00,44.05556147,43.837067,asia-south,Standard_D4s_v3
2024-02-12 20:00:00,43.79909351,42.807777,asia-south,Standard_D4s_v3
2024-02-12 21:00:00,43.54262556,43.44645,asia-south,Standard_D4s_v3
2024-02-12 22:00:00,52.79808805,53.46956,asia-south,Standard_D4s_v3
2024-02-12 23:00:00,71.2081383,71.14669,asia-south,Standard_D4s_v3
2024-02-13 00:00:00,62.18131201,47.232925,asia-south,Standard_D4s_v3
2024-02-13 01:00:00,53.15448572,56.53262,asia-south,Standard_D4s_v3
2024-02-13 02:00:00,75.41382869,73.910255,asia-south,Standard_D4s_v3
2024-02-13 03:00:00,76.1208432,78.98118,asia-south,Standard_D4s_v3
2024-02-13 04:00:00,91.3331155,91.74756,asia-south,Standard_D4s_v3
2024-02-13 05:00:00,88.92169541,77.74181,asia-south,Standard_D4s_v3
2024-02-13 06:00:00,86.51027532,85.12379,asia-south,Standard_D4s_v3
2024-02-13 07:00:00,93.97755833,93.49458,asia-south,Standard_D4s_v3
2024-02-13 08:00:00,81.68284677,80.8904,asia-south,Standard_D4s_v3
2024-02-13 09:00:00,91.34893986,93.469505,asia-south,Standard_D4s_v3
2024-02-13 10:00:00,81.62154563,77.57502,asia-south,Standard_D4s_v3
2024-02-13 11:00:00,72.30267401,65.797485,asia-south,Standard_D4s_v3
2024-02-13 12:00:00,62.24406393,51.662354,asia-south,Standard_D4s_v3
2024-02-13 13:00:00,52.18545385,51.74521,asia-south,Standard_D4s_v3
2024-02-13 14:00:00,50.88760876,56.849274,asia-south,Standard_D4s_v3
2024-02-13 15:00:00,49.58976368,48.61272,asia-south,Standard_D4s_v3
2024-02-13 16:00:00,40.62368318,42.942146,asia-south,Standard_D4s_v3
2024-02-13 17:00:00,38.33593205,39.797565,asia-south,Standard_D4s_v3
2024-02-13 18:00:00,35.97449381,37.701767,asia-south,Standard_D4s_v3
2024-02-13 19:00:00,37.70848721,38.975716,asia-south,Standard_D4s_v3
2024-02-13 20:00:00,43.94715897,45.002125,asia-south,Standard_D4s_v3
2024-02-13 21:00:00,33.61752701,34.73779,asia-south,Standard_D4s_v3
2024-02-13 22:00:00,48.39719089,50.217827,asia-south,Standard_D4s_v3
2024-02-13 23:00:00,63.74374493,69.279526,asia-south,Standard_D4s_v3
2024-02-14 00:00:00,79.09029898,76.462746,asia-south,Standard_D4s_v3
2024-02-14 01:00:00,78.9637848,71.52869,asia-south,Standard_D4s_v3
2024-02-14 02:00:00,78.83727062,73.10885,asia-south,Standard_D4s_v3
2024-02-14 03:00:00,74.89305724,80.05546,asia-south,Standard_D4s_v3
2024-02-14 04:00:00,70.94884385,81.82243,asia-south,Standard_D4s_v3
2024-02-14 05:00:00,87.89255118,80.28476,asia-south,Standard_D4s_v3
2024-02-14 06:00:00,82.78100426,81.13718,asia-south,Standard_D4s_v3
2024-02-14 07:00:00,57.41521624,67.59461,asia-south,Standard_D4s_v3
2024-02-14 08:00:00,64.27703562,65.72703,asia-south,Standard_D4s_v3
2024-02-14 09:00:00,96.02887699,94.09367,asia-south,Standard_D4s_v3
2024-02-14 10:00:00,78.77162131,79.16153,asia-south,Standard_D4s_v3
2024-02-14 11:00:00,66.40806099,65.36779,asia-south,Standard_D4s_v3
2024-02-14 12:00:00,61.08280516,62.344254,asia-south,Standard_D4s_v3
2024-02-14 13:00:00,56.95397017,60.42377,asia-south,Standard_D4s_v3
2024-02-14 14:00:00,52.82513517,51.73259,asia-south,Standard_D4s_v3
2024-02-14 15:00:00,37.2972172,38.89979,asia-south,Standard_D4s_v3
2024-02-14 16:00:00,44.1916051,43.93655,asia-south,Standard_D4s_v3
2024-02-14 17:00:00,44.14533252,43.691288,asia-south,Standard_D4s_v3
2024-02-14 18:00:00,42.55642656,39.407516,asia-south,Standard_D4s_v3
2024-02-14 19:00:00,40.9675206,41.346497,asia-south,Standard_D4s_v3
2024-02-14 20:00:00,49.31956392,42.483242,asia-south,Standard_D4s_v3
2024-02-14 21:00:00,57.67160724,53.218216,asia-south,Standard_D4s_v3
2024-02-14 22:00:00,37.01630471,40.31237,asia-south,Standard_D4s_v3
2024-02-14 23:00:00,54.2581516,57.213978,asia-south,Standard_D4s_v3
2024-02-15 00:00:00,71.4999985,71.73546,asia-south,Standard_D4s_v3
2024-02-15 01:00:00,80.77080533,80.54954,asia-south,Standard_D4s_v3
2024-02-15 02:00:00,82.80898818,81.15564,asia-south,Standard_D4s_v3
2024-02-15 03:00:00,73.44650047,76.61364,asia-south,Standard_D4s_v3
2024-02-15 04:00:00,83.64265922,83.15324,asia-south,Standard_D4s_v3
2024-02-15 05:00:00,91.61867741,91.84377,asia-south,Standard_D4s_v3
2024-02-15 06:00:00,74.99951529,68.58112,asia-south,Standard_D4s_v3
2024-02-15 07:00:00,58.38035316,64.84011,asia-south,Standard_D4s_v3
2024-02-15 08:00:00,77.64434491,72.8333,asia-south,Standard_D4s_v3
2024-02-15 09:00:00,64.35210602,66.320305,asia-south,Standard_D4s_v3
2024-02-15 10:00:00,42.49637413,44.973587,asia-south,Standard_D4s_v3
2024-02-15 11:00:00,77.30271203,65.33427,asia-south,Standard_D4s_v3
2024-02-15 12:00:00,63.66511726,72.64049,asia-south,Standard_D4s_v3
2024-02-15 13:00:00,46.11847507,59.672234,asia-south,Standard_D4s_v3
2024-02-15 14:00:00,46.88083487,56.949734,asia-south,Standard_D4s_v3
2024-02-15 15:00:00,47.64319467,53.27332,asia-south,Standard_D4s_v3
2024-02-15 16:00:00,61.99998244,60.16118,asia-south,Standard_D4s_v3
2024-02-15 17:00:00,50.02754424,54.119926,asia-south,Standard_D4s_v3
2024-02-15 18:00:00,40.07851555,52.6126,asia-south,Standard_D4s_v3
2024-02-15 19:00:00,41.38206876,50.59039,asia-south,Standard_D4s_v3
2024-02-15 20:00:00,60.63214504,61.189583,asia-south,Standard_D4s_v3
2024-02-15 21:00:00,51.7414991,51.32423,asia-south,Standard_D4s_v3
2024-02-15 22:00:00,63.22779475,57.48505,asia-south,Standard_D4s_v3
2024-02-15 23:00:00,56.71528612,56.023964,asia-south,Standard_D4s_v3
2024-02-16 00:00:00,41.91853197,52.818558,asia-south,Standard_D4s_v3
2024-02-16 01:00:00,83.69912398,80.114685,asia-south,Standard_D4s_v3
2024-02-16 02:00:00,40.90087118,50.543415,asia-south,Standard_D4s_v3
2024-02-16 03:00:00,73.84418917,75.36211,asia-south,Standard_D4s_v3
2024-02-16 04:00:00,93.8598839,93.50032,asia-south,Standard_D4s_v3
2024-02-16 05:00:00,89.13499023,84.30893,asia-south,Standard_D4s_v3
2024-02-16 06:00:00,81.09885695,80.53348,asia-south,Standard_D4s_v3
2024-02-16 07:00:00,87.27503391,71.482216,asia-south,Standard_D4s_v3
2024-02-16 08:00:00,93.45121088,93.38817,asia-south,Standard_D4s_v3
2024-02-16 09:00:00,89.8093103,83.5038,asia-south,Standard_D4s_v3
2024-02-16 10:00:00,40.7015423,47.398403,asia-south,Standard_D4s_v3
2024-02-16 11:00:00,70.48009002,68.046776,asia-south,Standard_D4s_v3
2024-02-16 12:00:00,57.30173365,59.02827,asia-south,Standard_D4s_v3
2024-02-16 13:00:00,53.29516737,64.369606,asia-south,Standard_D4s_v3
2024-02-16 14:00:00,49.28860108,48.957855,asia-south,Standard_D4s_v3
2024-02-16 15:00:00,56.13025101,54.450375,asia-south,Standard_D4s_v3
2024-02-16 16:00:00,41.46101495,45.389225,asia-south,Standard_D4s_v3
2024-02-16 17:00:00,31.97079923,31.568254,asia-south,Standard_D4s_v3
2024-02-16 18:00:00,48.05348239,45.51363,asia-south,Standard_D4s_v3
2024-02-16 19:00:00,61.37680026,58.0728,asia-south,Standard_D4s_v3
2024-02-16 20:00:00,55.71076253,40.649284,asia-south,Standard_D4s_v3
2024-02-16 21:00:00,50.0447248,50.931835,asia-south,Standard_D4s_v3
2024-02-16 22:00:00,57.88655561,64.63277,asia-south,Standard_D4s_v3
2024-02-16 23:00:00,65.72838642,67.95887,asia-south,Standard_D4s_v3
2024-02-17 00:00:00,56.50838584,78.03802,asia-south,Standard_D4s_v3
2024-02-17 01:00:00,64.78400081,78.61392,asia-south,Standard_D4s_v3
2024-02-17 02:00:00,91.16746779,92.75054,asia-south,Standard_D4s_v3
2024-02-17 03:00:00,83.71686981,82.93838,asia-south,Standard_D4s_v3
2024-02-17 04:00:00,73.50805933,75.92885,asia-south,Standard_D4s_v3
2024-02-17 05:00:00,73.43042335,75.806335,asia-south,Standard_D4s_v3
2024-02-17 06:00:00,80.95233371,80.75246,asia-south,Standard_D4s_v3
2024-02-17 07:00:00,88.47424407,81.75934,asia-south,Standard_D4s_v3
2024-02-17 08:00:00,77.6890981,77.871155,asia-south,Standard_D4s_v3
2024-02-17 09:00:00,88.10381278,78.71768,asia-south,Standard_D4s_v3
2024-02-17 10:00:00,66.36690158,71.423996,asia-south,Standard_D4s_v3
2024-02-17 11:00:00,65.27917569,59.923553,asia-south,Standard_D4s_v3
2024-02-17 12:00:00,64.1914498,63.19905,asia-south,Standard_D4s_v3
2024-02-17 13:00:00,70.82095098,70.895454,asia-south,Standard_D4s_v3
2024-02-17 14:00:00,50.0407724,53.444546,asia-south,Standard_D4s_v3
2024-02-17 15:00:00,41.49219279,44.053368,asia-south,Standard_D4s_v3
2024-02-17 16:00:00,67.29020749,61.385204,asia-south,Standard_D4s_v3
2024-02-17 17:00:00,41.52726959,49.14178,asia-south,Standard_D4s_v3
2024-02-17 18:00:00,48.33368738,46.695873,asia-south,Standard_D4s_v3
2024-02-17 19:00:00,46.38172973,46.43038,asia-south,Standard_D4s_v3
2024-02-17 20:00:00,22.09919653,29.978483,asia-south,Standard_D4s_v3
2024-02-17 21:00:00,34.13058654,43.14286,asia-south,Standard_D4s_v3
2024-02-17 22:00:00,51.13014158,50.234993,asia-south,Standard_D4s_v3
2024-02-17 23:00:00,43.32526289,44.68714,asia-south,Standard_D4s_v3
2024-02-18 00:00:00,61.54805993,61.543194,asia-south,Standard_D4s_v3
2024-02-18 01:00:00,70.03319858,68.08902,asia-south,Standard_D4s_v3
2024-02-18 02:00:00,74.66741234,74.39711,asia-south,Standard_D4s_v3
2024-02-18 03:00:00,63.1836991,66.915855,asia-south,Standard_D4s_v3
2024-02-18 04:00:00,94.88269943,95.20015,asia-south,Standard_D4s_v3
2024-02-18 05:00:00,77.48254587,77.65119,asia-south,Standard_D4s_v3
2024-02-18 06:00:00,53.12775316,56.77793,asia-south,Standard_D4s_v3
2024-02-18 07:00:00,95.72309943,94.149086,asia-south,Standard_D4s_v3
2024-02-18 08:00:00,91.6679382,93.33133,asia-south,Standard_D4s_v3
2024-02-18 09:00:00,82.43576667,81.11438,asia-south,Standard_D4s_v3
2024-02-18 10:00:00,73.20359514,72.74581,asia-south,Standard_D4s_v3
2024-02-18 11:00:00,66.15809915,67.07482,asia-south,Standard_D4s_v3
2024-02-18 12:00:00,47.64201243,47.022846,asia-south,Standard_D4s_v3
2024-02-18 13:00:00,49.76564704,49.547,asia-south,Standard_D4s_v3
2024-02-18 14:00:00,47.74934674,47.78487,asia-south,Standard_D4s_v3
2024-02-18 15:00:00,44.88154541,47.325672,asia-south,Standard_D4s_v3
2024-02-18 16:00:00,50.23463394,48.541058,asia-south,Standard_D4s_v3
2024-02-18 17:00:00,45.12446885,44.51465,asia-south,Standard_D4s_v3
2024-02-18 18:00:00,39.35890511,39.855366,asia-south,Standard_D4s_v3
2024-02-18 19:00:00,48.39115685,47.60415,asia-south,Standard_D4s_v3
2024-02-18 20:00:00,52.17667199,54.79431,asia-south,Standard_D4s_v3
2024-02-18 21:00:00,55.96218712,46.61064,asia-south,Standard_D4s_v3
2024-02-18 22:00:00,59.74770225,58.376846,asia-south,Standard_D4s_v3
2024-02-18 23:00:00,63.53321739,67.99898,asia-south,Standard_D4s_v3
2024-02-19 00:00:00,37.30576281,47.89045,asia-south,Standard_D4s_v3
2024-02-19 01:00:00,86.06784003,78.84927,asia-south,Standard_D4s_v3
2024-02-19 02:00:00,91.45385071,93.41403,asia-south,Standard_D4s_v3
2024-02-19 03:00:00,73.02455656,74.48222,asia-south,Standard_D4s_v3
2024-02-19 04:00:00,89.30315861,85.58778,asia-south,Standard_D4s_v3
2024-02-19 05:00:00,93.61497389,93.69673,asia-south,Standard_D4s_v3
2024-02-19 06:00:00,71.52693403,74.870026,asia-south,Standard_D4s_v3
2024-02-19 07:00:00,80.98669936,80.86675,asia-south,Standard_D4s_v3
2024-02-19 08:00:00,72.49991965,77.10214,asia-south,Standard_D4s_v3
2024-02-19 09:00:00,64.01313995,65.33386,asia-south,Standard_D4s_v3
2024-02-19 10:00:00,93.96965206,93.11804,asia-south,Standard_D4s_v3
2024-02-19 11:00:00,92.28580401,90.67803,asia-south,Standard_D4s_v3
2024-02-19 12:00:00,47.9848392,51.293694,asia-south,Standard_D4s_v3
2024-02-19 13:00:00,44.55316219,45.987038,asia-south,Standard_D4s_v3
2024-02-19 14:00:00,51.25664126,50.765385,asia-south,Standard_D4s_v3
2024-02-19 15:00:00,46.73276578,45.39822,asia-south,Standard_D4s_v3
2024-02-19 16:00:00,46.15972474,40.92021,asia-south,Standard_D4s_v3
2024-02-19 17:00:00,45.58668369,45.626453,asia-south,Standard_D4s_v3
2024-02-19 18:00:00,47.00234675,45.234764,asia-south,Standard_D4s_v3
2024-02-19 19:00:00,46.97857852,45.879112,asia-south,Standard_D4s_v3
2024-02-19 20:00:00,46.9548103,47.06586,asia-south,Standard_D4s_v3
2024-02-19 21:00:00,55.85858625,34.96691,asia-south,Standard_D4s_v3
2024-02-19 22:00:00,64.76236221,51.188652,asia-south,Standard_D4s_v3
2024-02-19 23:00:00,73.66613816,71.811676,asia-south,Standard_D4s_v3
2024-02-20 00:00:00,61.84479436,61.50007,asia-south,Standard_D4s_v3
2024-02-20 01:00:00,50.02345056,54.93847,asia-south,Standard_D4s_v3
2024-02-20 02:00:00,68.75963288,69.23401,asia-south,Standard_D4s_v3
2024-02-20 03:00:00,71.85031091,68.22023,asia-south,Standard_D4s_v3
2024-02-20 04:00:00,74.94098894,75.134224,asia-south,Standard_D4s_v3
2024-02-20 05:00:00,87.28222269,85.60821,asia-south,Standard_D4s_v3
2024-02-20 06:00:00,96.8427109,96.326546,asia-south,Standard_D4s_v3
2024-02-20 07:00:00,84.34847575,83.73302,asia-south,Standard_D4s_v3
2024-02-20 08:00:00,38.66256491,39.74266,asia-south,Standard_D4s_v3
2024-02-20 09:00:00,45.08319326,72.44015,asia-south,Standard_D4s_v3
2024-02-20 10:00:00,51.50382162,68.127205,asia-south,Standard_D4s_v3
2024-02-20 11:00:00,57.92444997,57.485428,asia-south,Standard_D4s_v3
2024-02-20 12:00:00,80.48866385,77.56516,asia-south,Standard_D4s_v3
2024-02-20 13:00:00,43.73483527,46.560863,asia-south,Standard_D4s_v3
2024-02-20 14:00:00,43.50436563,50.173546,asia-south,Standard_D4s_v3
2024-02-20 15:00:00,43.27389598,42.74895,asia-south,Standard_D4s_v3
2024-02-20 16:00:00,47.45963345,45.63407,asia-south,Standard_D4s_v3
2024-02-20 17:00:00,46.59788881,45.4764,asia-south,Standard_D4s_v3
2024-02-20 18:00:00,42.39361994,39.84445,asia-south,Standard_D4s_v3
2024-02-20 19:00:00,35.06189035,34.31942,asia-south,Standard_D4s_v3
2024-02-20 20:00:00,41.45197478,44.435562,asia-south,Standard_D4s_v3
2024-02-20 21:00:00,47.84205922,56.10028,asia-south,Standard_D4s_v3
2024-02-20 22:00:00,54.23214365,55.590446,asia-south,Standard_D4s_v3
2024-02-20 23:00:00,60.62222809,72.020294,asia-south,Standard_D4s_v3
2024-02-21 00:00:00,67.01231252,48.658054,asia-south,Standard_D4s_v3
2024-02-21 01:00:00,73.40239696,72.456535,asia-south,Standard_D4s_v3
2024-02-21 02:00:00,74.14980605,63.209965,asia-south,Standard_D4s_v3
2024-02-21 03:00:00,74.89721514,75.45434,asia-south,Standard_D4s_v3
2024-02-21 04:00:00,81.71754312,81.276054,asia-south,Standard_D4s_v3
2024-02-21 05:00:00,51.90113955,65.33973,asia-south,Standard_D4s_v3
2024-02-21 06:00:00,89.58993007,80.55286,asia-south,Standard_D4s_v3
2024-02-21 07:00:00,80.93616697,80.52192,asia-south,Standard_D4s_v3
2024-02-21 08:00:00,90.12017962,93.4171,asia-south,Standard_D4s_v3
2024-02-21 09:00:00,90.64582825,92.66706,asia-south,Standard_D4s_v3
2024-02-21 10:00:00,66.25631488,67.91969,asia-south,Standard_D4s_v3
2024-02-21 11:00:00,61.22397886,71.5432,asia-south,Standard_D4s_v3
2024-02-21 12:00:00,56.19164284,59.819237,asia-south,Standard_D4s_v3
2024-02-21 13:00:00,58.40875163,56.011055,asia-south,Standard_D4s_v3
2024-02-21 14:00:00,42.57897157,45.594833,asia-south,Standard_D4s_v3
2024-02-21 15:00:00,37.65264955,38.89607,asia-south,Standard_D4s_v3
2024-02-21 16:00:00,28.39347994,27.547098,asia-south,Standard_D4s_v3
2024-02-21 17:00:00,44.56866555,36.175026,asia-south,Standard_D4s_v3
2024-02-21 18:00:00,45.23056429,35.638298,asia-south,Standard_D4s_v3
2024-02-21 19:00:00,22.34555157,23.09548,asia-south,Standard_D4s_v3
2024-02-21 20:00:00,49.14058644,45.121246,asia-south,Standard_D4s_v3
2024-02-21 21:00:00,75.93562131,75.77039,asia-south,Standard_D4s_v3
2024-02-21 22:00:00,76.05384516,76.12811,asia-south,Standard_D4s_v3
2024-02-21 23:00:00,55.90220377,56.755978,asia-south,Standard_D4s_v3
2024-02-22 00:00:00,57.88495731,58.858215,asia-south,Standard_D4s_v3
2024-02-22 01:00:00,59.21386986,60.274323,asia-south,Standard_D4s_v3
2024-02-22 02:00:00,77.48013219,79.919205,asia-south,Standard_D4s_v3
2024-02-22 03:00:00,95.74639453,94.8954,asia-south,Standard_D4s_v3
2024-02-22 04:00:00,84.98736669,79.532135,asia-south,Standard_D4s_v3
2024-02-22 05:00:00,74.22833885,74.35265,asia-south,Standard_D4s_v3
2024-02-22 06:00:00,64.49320957,64.57676,asia-south,Standard_D4s_v3
2024-02-22 07:00:00,66.85397051,68.29664,asia-south,Standard_D4s_v3
2024-02-22 08:00:00,63.40740442,65.65397,asia-south,Standard_D4s_v3
2024-02-22 09:00:00,67.66113893,69.131546,asia-south,Standard_D4s_v3
2024-02-22 10:00:00,77.92011066,74.89156,asia-south,Standard_D4s_v3
2024-02-22 11:00:00,74.03562396,76.17676,asia-south,Standard_D4s_v3
2024-02-22 12:00:00,75.54705455,74.69765,asia-south,Standard_D4s_v3
2024-02-22 13:00:00,77.05848515,77.61179,asia-south,Standard_D4s_v3
2024-02-22 14:00:00,66.92033769,50.103695,asia-south,Standard_D4s_v3
2024-02-22 15:00:00,56.78219023,56.073975,asia-south,Standard_D4s_v3
2024-02-22 16:00:00,46.54975084,45.96105,asia-south,Standard_D4s_v3
2024-02-22 17:00:00,46.61258237,40.524437,asia-south,Standard_D4s_v3
2024-02-22 18:00:00,46.67541389,44.16431,asia-south,Standard_D4s_v3
2024-02-22 19:00:00,45.92607942,47.185783,asia-south,Standard_D4s_v3
2024-02-22 20:00:00,67.28699072,55.35584,asia-south,Standard_D4s_v3
2024-02-22 21:00:00,63.03331258,58.98577,asia-south,Standard_D4s_v3
2024-02-22 22:00:00,58.77963444,59.06898,asia-south,Standard_D4s_v3
2024-02-22 23:00:00,67.39301388,66.95122,asia-south,Standard_D4s_v3
2024-02-23 00:00:00,50.6679476,53.77111,asia-south,Standard_D4s_v3
2024-02-23 01:00:00,46.61239429,49.936176,asia-south,Standard_D4s_v3
2024-02-23 02:00:00,69.51513478,80.44095,asia-south,Standard_D4s_v3
2024-02-23 03:00:00,92.41787528,94.640564,asia-south,Standard_D4s_v3
2024-02-23 04:00:00,94.09163031,96.283745,asia-south,Standard_D4s_v3
2024-02-23 05:00:00,83.58146637,83.617836,asia-south,Standard_D4s_v3
2024-02-23 06:00:00,79.4931788,80.693214,asia-south,Standard_D4s_v3
2024-02-23 07:00:00,78.02875355,70.1256,asia-south,Standard_D4s_v3
2024-02-23 08:00:00,74.64892161,75.62933,asia-south,Standard_D4s_v3
2024-02-23 09:00:00,51.34738373,65.45331,asia-south,Standard_D4s_v3
2024-02-23 10:00:00,89.07469175,83.23553,asia-south,Standard_D4s_v3
2024-02-23 11:00:00,80.69611387,82.513214,asia-south,Standard_D4s_v3
2024-02-23 12:00:00,61.32586215,58.134052,asia-south,Standard_D4s_v3
2024-02-23 13:00:00,41.95561043,45.34721,asia-south,Standard_D4s_v3
2024-02-23 14:00:00,46.59636817,45.646626,asia-south,Standard_D4s_v3
2024-02-23 15:00:00,45.91400078,46.773964,asia-south,Standard_D4s_v3
2024-02-23 16:00:00,45.23163339,45.346687,asia-south,Standard_D4s_v3
2024-02-23 17:00:00,52.32012371,53.10176,asia-south,Standard_D4s_v3
2024-02-23 18:00:00,59.40861402,53.778328,asia-south,Standard_D4s_v3
2024-02-23 19:00:00,48.51825887,53.239746,asia-south,Standard_D4s_v3
2024-02-23 20:00:00,59.18670191,58.52806,asia-south,Standard_D4s_v3
2024-02-23 21:00:00,61.61373585,59.12208,asia-south,Standard_D4s_v3
2024-02-23 22:00:00,50.20043406,49.54154,asia-south,Standard_D4s_v3
2024-02-23 23:00:00,74.25558173,74.24901,asia-south,Standard_D4s_v3
2024-02-24 00:00:00,68.18708711,59.907272,asia-south,Standard_D4s_v3
2024-02-24 01:00:00,62.11859248,62.424618,asia-south,Standard_D4s_v3
2024-02-24 02:00:00,54.08999419,58.34477,asia-south,Standard_D4s_v3
2024-02-24 03:00:00,91.5967014,91.7251,asia-south,Standard_D4s_v3
2024-02-24 04:00:00,89.73416629,86.30644,asia-south,Standard_D4s_v3
2024-02-24 05:00:00,87.87163118,85.573074,asia-south,Standard_D4s_v3
2024-02-24 06:00:00,86.00909607,83.85077,asia-south,Standard_D4s_v3
2024-02-24 07:00:00,82.87146576,83.58743,asia-south,Standard_D4s_v3
2024-02-24 08:00:00,81.59911453,81.21385,asia-south,Standard_D4s_v3
2024-02-24 09:00:00,80.32676331,82.23823,asia-south,Standard_D4s_v3
2024-02-24 10:00:00,80.29623764,76.40327,asia-south,Standard_D4s_v3
2024-02-24 11:00:00,70.71895133,69.2538,asia-south,Standard_D4s_v3
2024-02-24 12:00:00,66.45064281,70.095375,asia-south,Standard_D4s_v3
2024-02-24 13:00:00,57.98082622,58.765656,asia-south,Standard_D4s_v3
2024-02-24 14:00:00,44.19036639,52.179924,asia-south,Standard_D4s_v3
2024-02-24 15:00:00,58.24265184,57.81727,asia-south,Standard_D4s_v3
2024-02-24 16:00:00,29.79004476,33.98912,asia-south,Standard_D4s_v3
2024-02-24 17:00:00,40.6350976,40.999847,asia-south,Standard_D4s_v3
2024-02-24 18:00:00,60.12101893,57.60734,asia-south,Standard_D4s_v3
2024-02-24 19:00:00,25.46128662,51.12885,asia-south,Standard_D4s_v3
2024-02-24 20:00:00,40.91964199,52.412064,asia-south,Standard_D4s_v3
2024-02-24 21:00:00,58.30238844,54.51561,asia-south,Standard_D4s_v3
2024-02-24 22:00:00,44.61003868,45.80303,asia-south,Standard_D4s_v3
2024-02-24 23:00:00,60.76906348,52.83503,asia-south,Standard_D4s_v3
2024-02-25 00:00:00,76.92808828,77.39597,asia-south,Standard_D4s_v3
2024-02-25 01:00:00,59.27623946,70.62759,asia-south,Standard_D4s_v3
2024-02-25 02:00:00,92.45895291,91.35758,asia-south,Standard_D4s_v3
2024-02-25 03:00:00,62.75422416,66.72692,asia-south,Standard_D4s_v3
2024-02-25 04:00:00,87.33154795,82.32159,asia-south,Standard_D4s_v3
2024-02-25 05:00:00,55.17090495,68.649376,asia-south,Standard_D4s_v3
2024-02-25 06:00:00,92.26277151,93.952805,asia-south,Standard_D4s_v3
2024-02-25 07:00:00,74.67978749,79.954025,asia-south,Standard_D4s_v3
2024-02-25 08:00:00,84.6420349,83.652504,asia-south,Standard_D4s_v3
2024-02-25 09:00:00,81.84642428,80.455284,asia-south,Standard_D4s_v3
2024-02-25 10:00:00,54.58674549,57.031567,asia-south,Standard_D4s_v3
2024-02-25 11:00:00,64.38243451,68.33711,asia-south,Standard_D4s_v3
2024-02-25 12:00:00,74.17812354,72.038704,asia-south,Standard_D4s_v3
2024-02-25 13:00:00,63.68032305,67.70599,asia-south,Standard_D4s_v3
2024-02-25 14:00:00,53.18252256,56.050182,asia-south,Standard_D4s_v3
2024-02-25 15:00:00,48.95118542,49.373672,asia-south,Standard_D4s_v3
2024-02-25 16:00:00,49.45560779,49.855553,asia-south,Standard_D4s_v3
2024-02-25 17:00:00,43.38861585,44.292065,asia-south,Standard_D4s_v3
2024-02-25 18:00:00,41.88963354,27.447977,asia-south,Standard_D4s_v3
2024-02-25 19:00:00,40.39065123,41.67596,asia-south,Standard_D4s_v3
2024-02-25 20:00:00,36.15582685,37.602383,asia-south,Standard_D4s_v3
2024-02-25 21:00:00,67.9358799,64.70908,asia-south,Standard_D4s_v3
2024-02-25 22:00:00,44.45542945,47.916695,asia-south,Standard_D4s_v3
2024-02-25 23:00:00,52.28545407,51.530365,asia-south,Standard_D4s_v3
2024-02-26 00:00:00,51.71959244,59.25238,asia-south,Standard_D4s_v3
2024-02-26 01:00:00,66.40108958,80.72038,asia-south,Standard_D4s_v3
2024-02-26 02:00:00,81.08258673,80.630974,asia-south,Standard_D4s_v3
2024-02-26 03:00:00,87.28039064,83.37172,asia-south,Standard_D4s_v3
2024-02-26 04:00:00,82.47205914,82.46512,asia-south,Standard_D4s_v3
2024-02-26 05:00:00,88.51661451,83.211624,asia-south,Standard_D4s_v3
2024-02-26 06:00:00,85.81921499,79.32869,asia-south,Standard_D4s_v3
2024-02-26 07:00:00,83.12181546,83.74777,asia-south,Standard_D4s_v3
2024-02-26 08:00:00,54.29760542,66.31104,asia-south,Standard_D4s_v3
2024-02-26 09:00:00,45.10771899,57.870678,asia-south,Standard_D4s_v3
2024-02-26 10:00:00,35.91783256,49.45231,asia-south,Standard_D4s_v3
2024-02-26 11:00:00,79.36251025,73.11869,asia-south,Standard_D4s_v3
2024-02-26 12:00:00,44.13125337,59.21828,asia-south,Standard_D4s_v3
2024-02-26 13:00:00,65.88207606,63.530815,asia-south,Standard_D4s_v3
2024-02-26 14:00:00,59.07762046,59.451973,asia-south,Standard_D4s_v3
2024-02-26 15:00:00,52.27316486,63.91984,asia-south,Standard_D4s_v3
2024-02-26 16:00:00,45.46870926,49.653698,asia-south,Standard_D4s_v3
2024-02-26 17:00:00,38.66425366,43.56536,asia-south,Standard_D4s_v3
2024-02-26 18:00:00,44.76135135,44.673008,asia-south,Standard_D4s_v3
2024-02-26 19:00:00,55.79620586,56.258747,asia-south,Standard_D4s_v3
2024-02-26 20:00:00,60.78780184,55.30278,asia-south,Standard_D4s_v3
2024-02-26 21:00:00,68.25286359,57.541492,asia-south,Standard_D4s_v3
2024-02-26 22:00:00,60.45424335,55.265305,asia-south,Standard_D4s_v3
2024-02-26 23:00:00,50.10692492,54.637497,asia-south,Standard_D4s_v3
2024-02-27 00:00:00,76.42615619,73.31253,asia-south,Standard_D4s_v3
2024-02-27 01:00:00,92.60399381,90.51647,asia-south,Standard_D4s_v3
2024-02-27 02:00:00,86.65029794,70.18847,asia-south,Standard_D4s_v3
2024-02-27 03:00:00,80.69660208,79.91342,asia-south,Standard_D4s_v3
2024-02-27 04:00:00,79.69680073,80.36586,asia-south,Standard_D4s_v3
2024-02-27 05:00:00,86.7448417,84.960686,asia-south,Standard_D4s_v3
2024-02-27 06:00:00,93.55202714,92.55127,asia-south,Standard_D4s_v3
2024-02-27 07:00:00,96.31525929,95.09434,asia-south,Standard_D4s_v3
2024-02-27 08:00:00,83.34678696,83.37746,asia-south,Standard_D4s_v3
2024-02-27 09:00:00,70.37831464,75.81145,asia-south,Standard_D4s_v3
2024-02-27 10:00:00,65.2975089,66.9473,asia-south,Standard_D4s_v3
2024-02-27 11:00:00,77.30081359,78.243324,asia-south,Standard_D4s_v3
2024-02-27 12:00:00,69.46226462,64.50611,asia-south,Standard_D4s_v3
2024-02-27 13:00:00,61.62371565,74.29549,asia-south,Standard_D4s_v3
2024-02-27 14:00:00,53.78516667,63.09222,asia-south,Standard_D4s_v3
2024-02-27 15:00:00,45.9466177,48.08187,asia-south,Standard_D4s_v3
2024-02-27 16:00:00,42.58133224,47.588722,asia-south,Standard_D4s_v3
2024-02-27 17:00:00,55.40010006,50.08238,asia-south,Standard_D4s_v3
2024-02-27 18:00:00,44.56125713,45.514973,asia-south,Standard_D4s_v3
2024-02-27 19:00:00,33.7224142,43.349102,asia-south,Standard_D4s_v3
2024-02-27 20:00:00,52.12193018,50.83643,asia-south,Standard_D4s_v3
2024-02-27 21:00:00,55.28433665,49.271873,asia-south,Standard_D4s_v3
2024-02-27 22:00:00,58.44674311,55.74782,asia-south,Standard_D4s_v3
2024-02-27 23:00:00,71.02262449,68.91666,asia-south,Standard_D4s_v3
2024-02-28 00:00:00,74.01606192,65.08068,asia-south,Standard_D4s_v3
2024-02-28 01:00:00,77.00949934,77.3306,asia-south,Standard_D4s_v3
2024-02-28 02:00:00,80.00293676,79.53006,asia-south,Standard_D4s_v3
2024-02-28 03:00:00,75.69790757,75.181694,asia-south,Standard_D4s_v3
2024-02-28 04:00:00,71.39287838,75.263504,asia-south,Standard_D4s_v3
2024-02-28 05:00:00,73.22868564,73.378174,asia-south,Standard_D4s_v3
2024-02-28 06:00:00,62.61932606,66.78705,asia-south,Standard_D4s_v3
2024-02-28 07:00:00,59.44792564,63.052696,asia-south,Standard_D4s_v3
2024-02-28 08:00:00,70.04040448,80.12177,asia-south,Standard_D4s_v3
2024-02-28 09:00:00,80.63288331,83.579926,asia-south,Standard_D4s_v3
2024-02-28 10:00:00,91.22536215,92.9114,asia-south,Standard_D4s_v3
2024-02-28 11:00:00,73.35450005,73.515915,asia-south,Standard_D4s_v3
2024-02-28 12:00:00,70.34781117,68.759834,asia-south,Standard_D4s_v3
2024-02-28 13:00:00,65.94398936,62.938004,asia-south,Standard_D4s_v3
2024-02-28 14:00:00,42.59839271,44.278046,asia-south,Standard_D4s_v3
2024-02-28 15:00:00,84.50882112,68.22155,asia-south,Standard_D4s_v3
2024-02-28 16:00:00,50.10713176,59.765427,asia-south,Standard_D4s_v3
2024-02-28 17:00:00,45.6917581,46.49101,asia-south,Standard_D4s_v3
2024-02-28 18:00:00,38.18120092,41.017036,asia-south,Standard_D4s_v3
2024-02-28 19:00:00,41.90284938,42.930305,asia-south,Standard_D4s_v3
2024-02-28 20:00:00,45.62449785,44.032433,asia-south,Standard_D4s_v3
2024-02-28 21:00:00,47.92188218,46.384254,asia-south,Standard_D4s_v3
2024-02-28 22:00:00,50.21926651,51.083637,asia-south,Standard_D4s_v3
2024-02-28 23:00:00,51.62200165,58.287354,asia-south,Standard_D4s_v3
2024-02-29 00:00:00,53.02473679,61.704796,asia-south,Standard_D4s_v3
2024-02-29 01:00:00,54.42747193,56.04176,asia-south,Standard_D4s_v3
2024-02-29 02:00:00,97.62326506,95.93719,asia-south,Standard_D4s_v3
2024-02-29 03:00:00,72.17126517,78.43676,asia-south,Standard_D4s_v3
2024-02-29 04:00:00,47.54972986,59.092274,asia-south,Standard_D4s_v3
2024-02-29 05:00:00,47.59349804,52.55569,asia-south,Standard_D4s_v3
2024-02-29 06:00:00,78.05084264,77.1701,asia-south,Standard_D4s_v3
2024-02-29 07:00:00,88.1619948,85.566185,asia-south,Standard_D4s_v3
2024-02-29 08:00:00,73.92451788,74.14765,asia-south,Standard_D4s_v3
2024-02-29 09:00:00,92.38105981,94.40584,asia-south,Standard_D4s_v3
2024-02-29 10:00:00,51.30387996,54.36394,asia-south,Standard_D4s_v3
2024-02-29 11:00:00,55.91948935,54.701557,asia-south,Standard_D4s_v3
2024-02-29 12:00:00,59.87913387,58.958195,asia-south,Standard_D4s_v3
2024-02-29 13:00:00,58.23919561,53.908665,asia-south,Standard_D4s_v3
2024-02-29 14:00:00,52.28236795,50.556293,asia-south,Standard_D4s_v3
2024-02-29 15:00:00,55.55746234,53.6497,asia-south,Standard_D4s_v3
2024-02-29 16:00:00,52.67330427,52.818768,asia-south,Standard_D4s_v3
2024-02-29 17:00:00,43.69705153,58.8967,asia-south,Standard_D4s_v3
2024-02-29 18:00:00,34.72079879,34.0462,asia-south,Standard_D4s_v3
2024-02-29 19:00:00,50.07707472,49.312546,asia-south,Standard_D4s_v3
2024-02-29 20:00:00,44.51152767,47.366642,asia-south,Standard_D4s_v3
2024-02-29 21:00:00,51.61952512,51.575356,asia-south,Standard_D4s_v3
2024-02-29 22:00:00,58.3224391,55.627502,asia-south,Standard_D4s_v3
2024-02-29 23:00:00,64.26896155,60.198875,asia-south,Standard_D4s_v3
2024-03-01 00:00:00,70.215484,66.77331,asia-south,Standard_D4s_v3
2024-03-01 01:00:00,67.39464131,69.08262,asia-south,Standard_D4s_v3
2024-03-01 02:00:00,70.78386046,72.481186,asia-south,Standard_D4s_v3
2024-03-01 03:00:00,75.75889376,76.8115,asia-south,Standard_D4s_v3
2024-03-01 04:00:00,89.02714204,83.45913,asia-south,Standard_D4s_v3
2024-03-01 05:00:00,94.78634192,94.55727,asia-south,Standard_D4s_v3
2024-03-01 06:00:00,78.59458824,84.09402,asia-south,Standard_D4s_v3
2024-03-01 07:00:00,81.49961399,77.30172,asia-south,Standard_D4s_v3
2024-03-01 08:00:00,84.40463974,82.0162,asia-south,Standard_D4s_v3
2024-03-01 09:00:00,82.64244308,79.482445,asia-south,Standard_D4s_v3
2024-03-01 10:00:00,80.88024642,67.4571,asia-south,Standard_D4s_v3
2024-03-01 11:00:00,79.11804976,80.479836,asia-south,Standard_D4s_v3
2024-03-01 12:00:00,71.5731629,71.1903,asia-south,Standard_D4s_v3
2024-03-01 13:00:00,58.04064133,59.342644,asia-south,Standard_D4s_v3
2024-03-01 14:00:00,50.33446571,50.22979,asia-south,Standard_D4s_v3
2024-03-01 15:00:00,52.26177496,50.973972,asia-south,Standard_D4s_v3
2024-03-01 16:00:00,52.57836685,52.844345,asia-south,Standard_D4s_v3
2024-03-01 17:00:00,45.21891639,46.36327,asia-south,Standard_D4s_v3
2024-03-01 18:00:00,44.82480437,45.76611,asia-south,Standard_D4s_v3
2024-03-01 19:00:00,48.06902009,47.61282,asia-south,Standard_D4s_v3
2024-03-01 20:00:00,50.62573073,48.433784,asia-south,Standard_D4s_v3
2024-03-01 21:00:00,53.18244137,52.89023,asia-south,Standard_D4s_v3
2024-03-01 22:00:00,52.8918792,54.673664,asia-south,Standard_D4s_v3
2024-03-01 23:00:00,52.60131703,45.899277,asia-south,Standard_D4s_v3
2024-03-02 00:00:00,52.31075485,55.781998,asia-south,Standard_D4s_v3
2024-03-02 01:00:00,80.71385036,71.06209,asia-south,Standard_D4s_v3
2024-03-02 02:00:00,53.61243143,56.2181,asia-south,Standard_D4s_v3
2024-03-02 03:00:00,90.14500305,92.47588,asia-south,Standard_D4s_v3
2024-03-02 04:00:00,89.34797851,81.87152,asia-south,Standard_D4s_v3
2024-03-02 05:00:00,88.55095396,84.56971,asia-south,Standard_D4s_v3
2024-03-02 06:00:00,80.30847559,82.81269,asia-south,Standard_D4s_v3
2024-03-02 07:00:00,95.61705883,94.45503,asia-south,Standard_D4s_v3
2024-03-02 08:00:00,86.9223613,82.78025,asia-south,Standard_D4s_v3
2024-03-02 09:00:00,74.9883907,81.808655,asia-south,Standard_D4s_v3
2024-03-02 10:00:00,76.79116964,82.4522,asia-south,Standard_D4s_v3
2024-03-02 11:00:00,78.59394858,77.70417,asia-south,Standard_D4s_v3
2024-03-02 12:00:00,74.92733443,80.77002,asia-south,Standard_D4s_v3
2024-03-02 13:00:00,71.26072028,56.864784,asia-south,Standard_D4s_v3
2024-03-02 14:00:00,67.59410614,65.52449,asia-south,Standard_D4s_v3
2024-03-02 15:00:00,40.88565493,46.384476,asia-south,Standard_D4s_v3
2024-03-02 16:00:00,50.80065972,49.2172,asia-south,Standard_D4s_v3
2024-03-02 17:00:00,48.81462572,49.618404,asia-south,Standard_D4s_v3
2024-03-02 18:00:00,46.46500154,49.838272,asia-south,Standard_D4s_v3
2024-03-02 19:00:00,47.83051536,47.53314,asia-south,Standard_D4s_v3
2024-03-02 20:00:00,33.05644745,36.98303,asia-south,Standard_D4s_v3
2024-03-02 21:00:00,51.97199805,51.0189,asia-south,Standard_D4s_v3
2024-03-02 22:00:00,47.04196605,46.07982,asia-south,Standard_D4s_v3
2024-03-02 23:00:00,61.34219224,58.602974,asia-south,Standard_D4s_v3
2024-03-03 00:00:00,71.04459632,64.66439,asia-south,Standard_D4s_v3
2024-03-03 01:00:00,80.7470004,81.533165,asia-south,Standard_D4s_v3
2024-03-03 02:00:00,92.44266851,91.10084,asia-south,Standard_D4s_v3
2024-03-03 03:00:00,52.79587113,56.50165,asia-south,Standard_D4s_v3
2024-03-03 04:00:00,57.64462587,75.89353,asia-south,Standard_D4s_v3
2024-03-03 05:00:00,62.49338061,64.153114,asia-south,Standard_D4s_v3
2024-03-03 06:00:00,72.25569641,81.741394,asia-south,Standard_D4s_v3
2024-03-03 07:00:00,82.01801221,83.61582,asia-south,Standard_D4s_v3
2024-03-03 08:00:00,80.12509085,80.38024,asia-south,Standard_D4s_v3
2024-03-03 09:00:00,69.8170968,77.257545,asia-south,Standard_D4s_v3
2024-03-03 10:00:00,84.3654794,82.097984,asia-south,Standard_D4s_v3
2024-03-03 11:00:00,81.13804863,78.08678,asia-south,Standard_D4s_v3
2024-03-03 12:00:00,64.28671996,65.753174,asia-south,Standard_D4s_v3
2024-03-03 13:00:00,53.56264574,56.71353,asia-south,Standard_D4s_v3
2024-03-03 14:00:00,45.64818332,49.34026,asia-south,Standard_D4s_v3
2024-03-03 15:00:00,45.80390626,45.713505,asia-south,Standard_D4s_v3
2024-03-03 16:00:00,42.85452716,43.38443,asia-south,Standard_D4s_v3
2024-03-03 17:00:00,48.7274073,54.36894,asia-south,Standard_D4s_v3
2024-03-03 18:00:00,54.60028745,53.911316,asia-south,Standard_D4s_v3
2024-03-03 19:00:00,51.61877583,51.526608,asia-south,Standard_D4s_v3
2024-03-03 20:00:00,52.51312557,45.977966,asia-south,Standard_D4s_v3
2024-03-03 21:00:00,53.40747532,53.0344,asia-south,Standard_D4s_v3
2024-03-03 22:00:00,38.81292533,41.987247,asia-south,Standard_D4s_v3
2024-03-03 23:00:00,62.74259452,61.979507,asia-south,Standard_D4s_v3
2024-03-04 00:00:00,73.69202515,56.87808,asia-south,Standard_D4s_v3
2024-03-04 01:00:00,84.64145578,79.81269,asia-south,Standard_D4s_v3
2024-03-04 02:00:00,69.6983161,59.05845,asia-south,Standard_D4s_v3
2024-03-04 03:00:00,54.75517641,64.01653,asia-south,Standard_D4s_v3
2024-03-04 04:00:00,92.86396707,92.433105,asia-south,Standard_D4s_v3
2024-03-04 05:00:00,92.14405125,93.15155,asia-south,Standard_D4s_v3
2024-03-04 06:00:00,100.0,97.18402,asia-south,Standard_D4s_v3
2024-03-04 07:00:00,83.38535492,82.26151,asia-south,Standard_D4s_v3
2024-03-04 08:00:00,78.42151757,78.76124,asia-south,Standard_D4s_v3
2024-03-04 09:00:00,75.98351685,77.31313,asia-south,Standard_D4s_v3
2024-03-04 10:00:00,66.13663699,68.328636,asia-south,Standard_D4s_v3
2024-03-04 11:00:00,56.28975713,56.66473,asia-south,Standard_D4s_v3
2024-03-04 12:00:00,69.40032168,72.48247,asia-south,Standard_D4s_v3
2024-03-04 13:00:00,82.51088624,79.67064,asia-south,Standard_D4s_v3
2024-03-04 14:00:00,68.31742704,72.808815,asia-south,Standard_D4s_v3
2024-03-04 15:00:00,54.12396784,54.01067,asia-south,Standard_D4s_v3
2024-03-04 16:00:00,58.83553348,59.3704,asia-south,Standard_D4s_v3
2024-03-04 17:00:00,43.43579904,45.66488,asia-south,Standard_D4s_v3
2024-03-04 18:00:00,40.39734203,42.555786,asia-south,Standard_D4s_v3
2024-03-04 19:00:00,37.35888501,37.7362,asia-south,Standard_D4s_v3
2024-03-04 20:00:00,47.66590583,44.591454,asia-south,Standard_D4s_v3
2024-03-04 21:00:00,48.95487935,48.130234,asia-south,Standard_D4s_v3
2024-03-04 22:00:00,53.86858299,53.046635,asia-south,Standard_D4s_v3
2024-03-04 23:00:00,58.64778461,56.200417,asia-south,Standard_D4s_v3
2024-03-05 00:00:00,65.4728182,64.17204,asia-south,Standard_D4s_v3
2024-03-05 01:00:00,77.11308281,74.998245,asia-south,Standard_D4s_v3
2024-03-05 02:00:00,72.96939317,75.24705,asia-south,Standard_D4s_v3
2024-03-05 03:00:00,80.10650027,81.92964,asia-south,Standard_D4s_v3
2024-03-05 04:00:00,87.24360736,84.632965,asia-south,Standard_D4s_v3
2024-03-05 05:00:00,85.58929913,83.50843,asia-south,Standard_D4s_v3
2024-03-05 06:00:00,91.12228172,91.880226,asia-south,Standard_D4s_v3
2024-03-05 07:00:00,96.6552643,94.80785,asia-south,Standard_D4s_v3
2024-03-05 08:00:00,100.0,96.9566,asia-south,Standard_D4s_v3
2024-03-05 09:00:00,72.38317666,75.190834,asia-south,Standard_D4s_v3
2024-03-05 10:00:00,88.91734924,75.95604,asia-south,Standard_D4s_v3
2024-03-05 11:00:00,75.11372774,76.17647,asia-south,Standard_D4s_v3
2024-03-05 12:00:00,61.31010624,62.95896,asia-south,Standard_D4s_v3
2024-03-05 13:00:00,58.6565413,60.4326,asia-south,Standard_D4s_v3
2024-03-05 14:00:00,48.43285216,50.152992,asia-south,Standard_D4s_v3
2024-03-05 15:00:00,53.60976022,51.99842,asia-south,Standard_D4s_v3
2024-03-05 16:00:00,45.59528949,45.258556,asia-south,Standard_D4s_v3
2024-03-05 17:00:00,31.52295735,31.988314,asia-south,Standard_D4s_v3
2024-03-05 18:00:00,33.8797935,39.10064,asia-south,Standard_D4s_v3
2024-03-05 19:00:00,46.17729354,45.27364,asia-south,Standard_D4s_v3
2024-03-05 20:00:00,58.4116495,51.170643,asia-south,Standard_D4s_v3
2024-03-05 21:00:00,34.59832487,37.84262,asia-south,Standard_D4s_v3
2024-03-05 22:00:00,76.09467028,65.84278,asia-south,Standard_D4s_v3
2024-03-05 23:00:00,51.10435314,53.20117,asia-south,Standard_D4s_v3
2024-03-06 00:00:00,87.46925292,80.50275,asia-south,Standard_D4s_v3
2024-03-06 01:00:00,78.56251676,75.772865,asia-south,Standard_D4s_v3
2024-03-06 02:00:00,69.65578059,71.511116,asia-south,Standard_D4s_v3
2024-03-06 03:00:00,78.87696165,78.33671,asia-south,Standard_D4s_v3
2024-03-06 04:00:00,67.90937077,69.924576,asia-south,Standard_D4s_v3
2024-03-06 05:00:00,90.23106869,90.891205,asia-south,Standard_D4s_v3
2024-03-06 06:00:00,79.56863529,84.66003,asia-south,Standard_D4s_v3
2024-03-06 07:00:00,68.9062019,75.67705,asia-south,Standard_D4s_v3
2024-03-06 08:00:00,63.80340488,66.31784,asia-south,Standard_D4s_v3
2024-03-06 09:00:00,68.96931018,70.37392,asia-south,Standard_D4s_v3
2024-03-06 10:00:00,83.44282141,82.20916,asia-south,Standard_D4s_v3
2024-03-06 11:00:00,56.95879886,59.343674,asia-south,Standard_D4s_v3
2024-03-06 12:00:00,66.23022481,64.46695,asia-south,Standard_D4s_v3
2024-03-06 13:00:00,64.20298879,59.38339,asia-south,Standard_D4s_v3
2024-03-06 14:00:00,62.17575277,63.53839,asia-south,Standard_D4s_v3
2024-03-06 15:00:00,49.01267434,52.45367,asia-south,Standard_D4s_v3
2024-03-06 16:00:00,35.84959592,42.16521,asia-south,Standard_D4s_v3
2024-03-06 17:00:00,41.13194442,44.26451,asia-south,Standard_D4s_v3
2024-03-06 18:00:00,47.54234614,41.952686,asia-south,Standard_D4s_v3
2024-03-06 19:00:00,36.42943305,34.47553,asia-south,Standard_D4s_v3
2024-03-06 20:00:00,49.97462305,42.059406,asia-south,Standard_D4s_v3
2024-03-06 21:00:00,43.73388076,44.782017,asia-south,Standard_D4s_v3
2024-03-06 22:00:00,66.19223781,57.544212,asia-south,Standard_D4s_v3
2024-03-06 23:00:00,58.15843489,57.24052,asia-south,Standard_D4s_v3
2024-03-07 00:00:00,69.961065,68.56838,asia-south,Standard_D4s_v3
2024-03-07 01:00:00,80.75225345,76.230644,asia-south,Standard_D4s_v3
2024-03-07 02:00:00,91.54344189,93.61427,asia-south,Standard_D4s_v3
2024-03-07 03:00:00,91.51435068,94.04684,asia-south,Standard_D4s_v3
2024-03-07 04:00:00,91.48525947,93.6161,asia-south,Standard_D4s_v3
2024-03-07 05:00:00,65.78749558,75.60809,asia-south,Standard_D4s_v3
2024-03-07 06:00:00,87.17619888,83.34253,asia-south,Standard_D4s_v3
2024-03-07 07:00:00,83.87213775,83.29723,asia-south,Standard_D4s_v3
2024-03-07 08:00:00,72.46462877,82.420944,asia-south,Standard_D4s_v3
2024-03-07 09:00:00,61.0571198,61.525665,asia-south,Standard_D4s_v3
2024-03-07 10:00:00,77.14596943,78.282295,asia-south,Standard_D4s_v3
2024-03-07 11:00:00,71.11835304,69.20613,asia-south,Standard_D4s_v3
2024-03-07 12:00:00,72.08803571,70.102295,asia-south,Standard_D4s_v3
2024-03-07 13:00:00,68.83876102,67.878555,asia-south,Standard_D4s_v3
2024-03-07 14:00:00,54.37971331,59.50966,asia-south,Standard_D4s_v3
2024-03-07 15:00:00,63.83774301,63.359615,asia-south,Standard_D4s_v3
2024-03-07 16:00:00,61.20972436,51.232727,asia-south,Standard_D4s_v3
2024-03-07 17:00:00,58.58170572,44.472588,asia-south,Standard_D4s_v3
2024-03-07 18:00:00,55.95368708,55.002438,asia-south,Standard_D4s_v3
2024-03-07 19:00:00,45.31966517,47.963696,asia-south,Standard_D4s_v3
2024-03-07 20:00:00,43.52708902,45.011917,asia-south,Standard_D4s_v3
2024-03-07 21:00:00,58.78659172,49.627285,asia-south,Standard_D4s_v3
2024-03-07 22:00:00,74.04609442,74.80905,asia-south,Standard_D4s_v3
2024-03-07 23:00:00,72.16367481,71.69725,asia-south,Standard_D4s_v3
2024-03-08 00:00:00,64.24167694,66.51132,asia-south,Standard_D4s_v3
2024-03-08 01:00:00,69.28358035,66.345535,asia-south,Standard_D4s_v3
2024-03-08 02:00:00,60.30727344,64.768776,asia-south,Standard_D4s_v3
2024-03-08 03:00:00,94.73476584,93.4918,asia-south,Standard_D4s_v3
2024-03-08 04:00:00,93.1087674,93.49722,asia-south,Standard_D4s_v3
2024-03-08 05:00:00,67.98333371,78.61091,asia-south,Standard_D4s_v3
2024-03-08 06:00:00,92.94515293,93.427925,asia-south,Standard_D4s_v3
2024-03-08 07:00:00,82.1118696,83.652954,asia-south,Standard_D4s_v3
2024-03-08 08:00:00,70.87649589,72.90304,asia-south,Standard_D4s_v3
2024-03-08 09:00:00,75.9960496,71.52018,asia-south,Standard_D4s_v3
2024-03-08 10:00:00,72.78148261,71.7556,asia-south,Standard_D4s_v3
2024-03-08 11:00:00,69.56691561,60.685917,asia-south,Standard_D4s_v3
2024-03-08 12:00:00,66.35234862,59.169235,asia-south,Standard_D4s_v3
2024-03-08 13:00:00,63.13778163,58.286205,asia-south,Standard_D4s_v3
2024-03-08 14:00:00,42.04200104,46.28095,asia-south,Standard_D4s_v3
2024-03-08 15:00:00,57.45915127,55.381966,asia-south,Standard_D4s_v3
2024-03-08 16:00:00,65.4268763,61.059673,asia-south,Standard_D4s_v3
2024-03-08 17:00:00,52.67454097,56.901653,asia-south,Standard_D4s_v3
2024-03-08 18:00:00,44.56924942,45.14497,asia-south,Standard_D4s_v3
2024-03-08 19:00:00,54.16263372,56.82709,asia-south,Standard_D4s_v3
2024-03-08 20:00:00,53.90327919,56.097336,asia-south,Standard_D4s_v3
2024-03-08 21:00:00,53.64392465,57.605766,asia-south,Standard_D4s_v3
2024-03-08 22:00:00,65.5218157,65.17575,asia-south,Standard_D4s_v3
2024-03-08 23:00:00,76.29035999,74.68371,asia-south,Standard_D4s_v3
2024-03-09 00:00:00,60.8046716,62.43832,asia-south,Standard_D4s_v3
2024-03-09 01:00:00,74.64378511,77.76111,asia-south,Standard_D4s_v3
2024-03-09 02:00:00,71.85209555,77.75773,asia-south,Standard_D4s_v3
2024-03-09 03:00:00,69.06040599,74.935455,asia-south,Standard_D4s_v3
2024-03-09 04:00:00,83.90403794,79.06654,asia-south,Standard_D4s_v3
2024-03-09 05:00:00,88.50910156,82.701965,asia-south,Standard_D4s_v3
2024-03-09 06:00:00,93.11416519,94.15181,asia-south,Standard_D4s_v3
2024-03-09 07:00:00,73.90260416,77.1125,asia-south,Standard_D4s_v3
2024-03-09 08:00:00,82.10263847,81.57386,asia-south,Standard_D4s_v3
2024-03-09 09:00:00,86.36650027,83.58145,asia-south,Standard_D4s_v3
2024-03-09 10:00:00,62.96700513,65.682274,asia-south,Standard_D4s_v3
2024-03-09 11:00:00,93.7647258,92.53936,asia-south,Standard_D4s_v3
2024-03-09 12:00:00,74.07104518,72.50441,asia-south,Standard_D4s_v3
2024-03-09 13:00:00,67.82442692,58.668804,asia-south,Standard_D4s_v3
2024-03-09 14:00:00,61.57780865,58.35108,asia-south,Standard_D4s_v3
2024-03-09 15:00:00,55.61271501,57.02509,asia-south,Standard_D4s_v3
2024-03-09 16:00:00,49.54056766,57.172913,asia-south,Standard_D4s_v3
2024-03-09 17:00:00,43.4684203,49.477337,asia-south,Standard_D4s_v3
2024-03-09 18:00:00,37.39627295,39.385002,asia-south,Standard_D4s_v3
2024-03-09 19:00:00,49.69525844,51.523586,asia-south,Standard_D4s_v3
2024-03-09 20:00:00,46.62580313,50.472145,asia-south,Standard_D4s_v3
2024-03-09 21:00:00,55.36213647,55.851532,asia-south,Standard_D4s_v3
2024-03-09 22:00:00,45.38171,55.387154,asia-south,Standard_D4s_v3
2024-03-09 23:00:00,35.40128353,36.39989,asia-south,Standard_D4s_v3
2024-03-10 00:00:00,67.6711496,67.23156,asia-south,Standard_D4s_v3
2024-03-10 01:00:00,62.10366842,64.787445,asia-south,Standard_D4s_v3
2024-03-10 02:00:00,59.30926055,62.42957,asia-south,Standard_D4s_v3
2024-03-10 03:00:00,75.3795339,75.86789,asia-south,Standard_D4s_v3
2024-03-10 04:00:00,85.63623013,84.17171,asia-south,Standard_D4s_v3
2024-03-10 05:00:00,94.27039104,96.30728,asia-south,Standard_D4s_v3
2024-03-10 06:00:00,73.19601214,73.739395,asia-south,Standard_D4s_v3
2024-03-10 07:00:00,60.51791265,63.967827,asia-south,Standard_D4s_v3
2024-03-10 08:00:00,100.0,96.76539,asia-south,Standard_D4s_v3
2024-03-10 09:00:00,83.84492126,84.96406,asia-south,Standard_D4s_v3
2024-03-10 10:00:00,92.67628644,93.77498,asia-south,Standard_D4s_v3
2024-03-10 11:00:00,91.83477126,93.181175,asia-south,Standard_D4s_v3
2024-03-10 12:00:00,74.0280709,61.602276,asia-south,Standard_D4s_v3
2024-03-10 13:00:00,56.22137054,58.739143,asia-south,Standard_D4s_v3
2024-03-10 14:00:00,70.41851497,71.81483,asia-south,Standard_D4s_v3
2024-03-10 15:00:00,66.88118494,66.78593,asia-south,Standard_D4s_v3
2024-03-10 16:00:00,46.75893413,56.26696,asia-south,Standard_D4s_v3
2024-03-10 17:00:00,52.89514911,52.100742,asia-south,Standard_D4s_v3
2024-03-10 18:00:00,39.8558499,46.753204,asia-south,Standard_D4s_v3
2024-03-10 19:00:00,54.22026194,53.75848,asia-south,Standard_D4s_v3
2024-03-10 20:00:00,34.34517749,37.864914,asia-south,Standard_D4s_v3
2024-03-10 21:00:00,56.69298674,51.25755,asia-south,Standard_D4s_v3
2024-03-10 22:00:00,72.56465345,55.10008,asia-south,Standard_D4s_v3
2024-03-10 23:00:00,49.73007167,51.77623,asia-south,Standard_D4s_v3
2024-03-11 00:00:00,65.26860557,64.93643,asia-south,Standard_D4s_v3
2024-03-11 01:00:00,75.80566535,75.949265,asia-south,Standard_D4s_v3
2024-03-11 02:00:00,77.2560924,78.491974,asia-south,Standard_D4s_v3
2024-03-11 03:00:00,75.29237411,83.92166,asia-south,Standard_D4s_v3
2024-03-11 04:00:00,73.32865583,73.250854,asia-south,Standard_D4s_v3
2024-03-11 05:00:00,90.92778016,94.98336,asia-south,Standard_D4s_v3
2024-03-11 06:00:00,87.33931864,81.3561,asia-south,Standard_D4s_v3
2024-03-11 07:00:00,59.03284946,62.370167,asia-south,Standard_D4s_v3
2024-03-11 08:00:00,51.05120913,52.300495,asia-south,Standard_D4s_v3
2024-03-11 09:00:00,92.3117426,87.24573,asia-south,Standard_D4s_v3
2024-03-11 10:00:00,60.81855535,66.20045,asia-south,Standard_D4s_v3
2024-03-11 11:00:00,68.24939953,67.775764,asia-south,Standard_D4s_v3
2024-03-11 12:00:00,78.5414865,76.22187,asia-south,Standard_D4s_v3
2024-03-11 13:00:00,61.81394751,63.751583,asia-south,Standard_D4s_v3
2024-03-11 14:00:00,46.27891488,47.639942,asia-south,Standard_D4s_v3
2024-03-11 15:00:00,50.71898282,51.123177,asia-south,Standard_D4s_v3
2024-03-11 16:00:00,50.76237807,52.6077,asia-south,Standard_D4s_v3
2024-03-11 17:00:00,48.94288591,49.6653,asia-south,Standard_D4s_v3
2024-03-11 18:00:00,54.67057743,53.482845,asia-south,Standard_D4s_v3
2024-03-11 19:00:00,32.48220886,35.97746,asia-south,Standard_D4s_v3
2024-03-11 20:00:00,52.00261585,51.597702,asia-south,Standard_D4s_v3
2024-03-11 21:00:00,62.80426594,62.979496,asia-south,Standard_D4s_v3
2024-03-11 22:00:00,51.99267263,52.986145,asia-south,Standard_D4s_v3
2024-03-11 23:00:00,69.55899655,70.62467,asia-south,Standard_D4s_v3
2024-03-12 00:00:00,66.80093177,67.73765,asia-south,Standard_D4s_v3
2024-03-12 01:00:00,73.4868438,71.2299,asia-south,Standard_D4s_v3
2024-03-12 02:00:00,64.1992544,64.4248,asia-south,Standard_D4s_v3
2024-03-12 03:00:00,54.91166501,58.68166,asia-south,Standard_D4s_v3
2024-03-12 04:00:00,79.54722672,79.48254,asia-south,Standard_D4s_v3
2024-03-12 05:00:00,90.88502261,94.05117,asia-south,Standard_D4s_v3
2024-03-12 06:00:00,90.92281414,94.66174,asia-south,Standard_D4s_v3
2024-03-12 07:00:00,77.87234149,79.44946,asia-south,Standard_D4s_v3
2024-03-12 08:00:00,95.58734627,94.95767,asia-south,Standard_D4s_v3
2024-03-12 09:00:00,93.63935344,93.55006,asia-south,Standard_D4s_v3
2024-03-12 10:00:00,72.97079921,72.97579,asia-south,Standard_D4s_v3
2024-03-12 11:00:00,82.80919547,80.00676,asia-south,Standard_D4s_v3
2024-03-12 12:00:00,79.1421983,79.93574,asia-south,Standard_D4s_v3
2024-03-12 13:00:00,74.05936056,71.64897,asia-south,Standard_D4s_v3
2024-03-12 14:00:00,59.72432567,60.07479,asia-south,Standard_D4s_v3
2024-03-12 15:00:00,39.39209746,46.839714,asia-south,Standard_D4s_v3
2024-03-12 16:00:00,47.0322478,48.81058,asia-south,Standard_D4s_v3
2024-03-12 17:00:00,54.67239814,53.818718,asia-south,Standard_D4s_v3
2024-03-12 18:00:00,38.27624508,42.627518,asia-south,Standard_D4s_v3
2024-03-12 19:00:00,36.93925265,36.36531,asia-south,Standard_D4s_v3
2024-03-12 20:00:00,33.7289891,42.963203,asia-south,Standard_D4s_v3
2024-03-12 21:00:00,30.51872556,49.115112,asia-south,Standard_D4s_v3
2024-03-12 22:00:00,27.30846202,52.17049,asia-south,Standard_D4s_v3
2024-03-12 23:00:00,24.09819847,26.571823,asia-south,Standard_D4s_v3
2024-03-13 00:00:00,48.5168073,48.366898,asia-south,Standard_D4s_v3
2024-03-13 01:00:00,79.10146276,77.68531,asia-south,Standard_D4s_v3
2024-03-13 02:00:00,90.68227312,93.213974,asia-south,Standard_D4s_v3
2024-03-13 03:00:00,81.97681316,82.078316,asia-south,Standard_D4s_v3
2024-03-13 04:00:00,88.90094651,84.12147,asia-south,Standard_D4s_v3
2024-03-13 05:00:00,81.53871748,83.01516,asia-south,Standard_D4s_v3
2024-03-13 06:00:00,73.07715407,74.51904,asia-south,Standard_D4s_v3
2024-03-13 07:00:00,64.61559067,65.4713,asia-south,Standard_D4s_v3
2024-03-13 08:00:00,59.33258187,53.48114,asia-south,Standard_D4s_v3
2024-03-13 09:00:00,54.04957307,54.701775,asia-south,Standard_D4s_v3
2024-03-13 10:00:00,67.46552304,68.72114,asia-south,Standard_D4s_v3
2024-03-13 11:00:00,80.88147301,77.84272,asia-south,Standard_D4s_v3
2024-03-13 12:00:00,82.02486911,78.86871,asia-south,Standard_D4s_v3
2024-03-13 13:00:00,66.96955385,68.56824,asia-south,Standard_D4s_v3
2024-03-13 14:00:00,67.88924997,61.48369,asia-south,Standard_D4s_v3
2024-03-13 15:00:00,68.8089461,64.81667,asia-south,Standard_D4s_v3
2024-03-13 16:00:00,50.4270386,52.20972,asia-south,Standard_D4s_v3
2024-03-13 17:00:00,32.0451311,33.825203,asia-south,Standard_D4s_v3
2024-03-13 18:00:00,33.02039421,48.653843,asia-south,Standard_D4s_v3
2024-03-13 19:00:00,33.99565731,54.74426,asia-south,Standard_D4s_v3
2024-03-13 20:00:00,34.97092041,35.448803,asia-south,Standard_D4s_v3
2024-03-13 21:00:00,47.27650945,45.417168,asia-south,Standard_D4s_v3
2024-03-13 22:00:00,55.48833124,53.057644,asia-south,Standard_D4s_v3
2024-03-13 23:00:00,63.70015302,62.425877,asia-south,Standard_D4s_v3
2024-03-14 00:00:00,64.06523057,63.646545,asia-south,Standard_D4s_v3
2024-03-14 01:00:00,82.31179888,76.27583,asia-south,Standard_D4s_v3
2024-03-14 02:00:00,82.25348201,82.02871,asia-south,Standard_D4s_v3
2024-03-14 03:00:00,86.94790538,83.52817,asia-south,Standard_D4s_v3
2024-03-14 04:00:00,85.23871468,84.058914,asia-south,Standard_D4s_v3
2024-03-14 05:00:00,88.68984383,84.287674,asia-south,Standard_D4s_v3
2024-03-14 06:00:00,84.09037001,81.691895,asia-south,Standard_D4s_v3
2024-03-14 07:00:00,65.0824469,66.50722,asia-south,Standard_D4s_v3
2024-03-14 08:00:00,63.95311116,65.91918,asia-south,Standard_D4s_v3
2024-03-14 09:00:00,91.80887694,88.82415,asia-south,Standard_D4s_v3
2024-03-14 10:00:00,65.75210649,68.282814,asia-south,Standard_D4s_v3
2024-03-14 11:00:00,78.77170731,79.30842,asia-south,Standard_D4s_v3
2024-03-14 12:00:00,72.02713136,70.4539,asia-south,Standard_D4s_v3
2024-03-14 13:00:00,70.60342223,69.88159,asia-south,Standard_D4s_v3
2024-03-14 14:00:00,64.21929409,56.99169,asia-south,Standard_D4s_v3
2024-03-14 15:00:00,57.83516594,56.069893,asia-south,Standard_D4s_v3
2024-03-14 16:00:00,48.17219805,48.998886,asia-south,Standard_D4s_v3
2024-03-14 17:00:00,43.85319465,44.052128,asia-south,Standard_D4s_v3
2024-03-14 18:00:00,40.90796995,41.827507,asia-south,Standard_D4s_v3
2024-03-14 19:00:00,43.41449483,53.468758,asia-south,Standard_D4s_v3
2024-03-14 20:00:00,45.92101972,52.814247,asia-south,Standard_D4s_v3
2024-03-14 21:00:00,43.92586014,49.26111,asia-south,Standard_D4s_v3
2024-03-14 22:00:00,55.22129706,55.197403,asia-south,Standard_D4s_v3
2024-03-14 23:00:00,54.71980542,54.26311,asia-south,Standard_D4s_v3
2024-03-15 00:00:00,75.10246093,77.57936,asia-south,Standard_D4s_v3
2024-03-15 01:00:00,85.68612278,83.13799,asia-south,Standard_D4s_v3
2024-03-15 02:00:00,88.81969488,87.307106,asia-south,Standard_D4s_v3
2024-03-15 03:00:00,91.95326697,93.89813,asia-south,Standard_D4s_v3
2024-03-15 04:00:00,90.16682986,89.017654,asia-south,Standard_D4s_v3
2024-03-15 05:00:00,88.38039275,77.17776,asia-south,Standard_D4s_v3
2024-03-15 06:00:00,86.59395563,82.65846,asia-south,Standard_D4s_v3
2024-03-15 07:00:00,84.80751852,83.47898,asia-south,Standard_D4s_v3
2024-03-15 08:00:00,83.02108141,78.41159,asia-south,Standard_D4s_v3
2024-03-15 09:00:00,50.26304061,56.899334,asia-south,Standard_D4s_v3
2024-03-15 10:00:00,91.22819136,89.839424,asia-south,Standard_D4s_v3
2024-03-15 11:00:00,75.96253931,67.87442,asia-south,Standard_D4s_v3
2024-03-15 12:00:00,60.69688725,62.474163,asia-south,Standard_D4s_v3
2024-03-15 13:00:00,48.50879985,50.031387,asia-south,Standard_D4s_v3
2024-03-15 14:00:00,75.13627847,64.430145,asia-south,Standard_D4s_v3
2024-03-15 15:00:00,38.01493,41.508385,asia-south,Standard_D4s_v3
2024-03-15 16:00:00,43.68383134,40.99749,asia-south,Standard_D4s_v3
2024-03-15 17:00:00,50.88771254,49.910378,asia-south,Standard_D4s_v3
2024-03-15 18:00:00,43.43320886,45.658546,asia-south,Standard_D4s_v3
2024-03-15 19:00:00,29.18474354,41.52138,asia-south,Standard_D4s_v3
2024-03-15 20:00:00,46.3762027,45.44365,asia-south,Standard_D4s_v3
2024-03-15 21:00:00,50.82338263,50.875034,asia-south,Standard_D4s_v3
2024-03-15 22:00:00,53.52298198,53.319786,asia-south,Standard_D4s_v3
2024-03-15 23:00:00,67.74151666,70.62989,asia-south,Standard_D4s_v3
2024-03-16 00:00:00,69.1781831,68.09209,asia-south,Standard_D4s_v3
2024-03-16 01:00:00,55.15410534,56.959335,asia-south,Standard_D4s_v3
2024-03-16 02:00:00,79.16327286,66.40388,asia-south,Standard_D4s_v3
2024-03-16 03:00:00,58.12983448,59.97685,asia-south,Standard_D4s_v3
2024-03-16 04:00:00,67.19443841,72.84143,asia-south,Standard_D4s_v3
2024-03-16 05:00:00,94.82958478,91.95176,asia-south,Standard_D4s_v3
2024-03-16 06:00:00,65.32221061,70.10825,asia-south,Standard_D4s_v3
2024-03-16 07:00:00,61.01651216,61.10845,asia-south,Standard_D4s_v3
2024-03-16 08:00:00,86.8436674,83.927795,asia-south,Standard_D4s_v3
2024-03-16 09:00:00,88.00749884,80.15685,asia-south,Standard_D4s_v3
2024-03-16 10:00:00,89.17133029,82.55667,asia-south,Standard_D4s_v3
2024-03-16 11:00:00,76.13979098,81.02648,asia-south,Standard_D4s_v3
2024-03-16 12:00:00,59.71486286,65.80673,asia-south,Standard_D4s_v3
2024-03-16 13:00:00,53.84906177,56.099766,asia-south,Standard_D4s_v3
2024-03-16 14:00:00,54.49417543,50.83144,asia-south,Standard_D4s_v3
2024-03-16 15:00:00,55.07977845,52.14939,asia-south,Standard_D4s_v3
2024-03-16 16:00:00,42.519338,49.76745,asia-south,Standard_D4s_v3
2024-03-16 17:00:00,56.6564315,52.2687,asia-south,Standard_D4s_v3
2024-03-16 18:00:00,45.75916267,46.31936,asia-south,Standard_D4s_v3
2024-03-16 19:00:00,30.13900057,31.144056,asia-south,Standard_D4s_v3
2024-03-16 20:00:00,48.52821283,40.60472,asia-south,Standard_D4s_v3
2024-03-16 21:00:00,66.91742509,58.913055,asia-south,Standard_D4s_v3
2024-03-16 22:00:00,25.25186158,28.797115,asia-south,Standard_D4s_v3
2024-03-16 23:00:00,78.38919077,76.26235,asia-south,Standard_D4s_v3
2024-03-17 00:00:00,79.53887966,67.41287,asia-south,Standard_D4s_v3
2024-03-17 01:00:00,80.68856855,82.77111,asia-south,Standard_D4s_v3
2024-03-17 02:00:00,75.93822836,80.96213,asia-south,Standard_D4s_v3
2024-03-17 03:00:00,81.63837329,84.885086,asia-south,Standard_D4s_v3
2024-03-17 04:00:00,87.33851822,81.09311,asia-south,Standard_D4s_v3
2024-03-17 05:00:00,58.38049547,60.28422,asia-south,Standard_D4s_v3
2024-03-17 06:00:00,68.92496774,68.57813,asia-south,Standard_D4s_v3
2024-03-17 07:00:00,67.43186122,52.33519,asia-south,Standard_D4s_v3
2024-03-17 08:00:00,65.93875469,65.99506,asia-south,Standard_D4s_v3
2024-03-17 09:00:00,67.75734816,72.697105,asia-south,Standard_D4s_v3
2024-03-17 10:00:00,71.252244,68.33356,asia-south,Standard_D4s_v3
2024-03-17 11:00:00,38.76309319,42.701756,asia-south,Standard_D4s_v3
2024-03-17 12:00:00,53.89184596,60.777275,asia-south,Standard_D4s_v3
2024-03-17 13:00:00,69.02059873,68.97762,asia-south,Standard_D4s_v3
2024-03-17 14:00:00,52.96220712,54.26427,asia-south,Standard_D4s_v3
2024-03-17 15:00:00,42.93998087,43.91109,asia-south,Standard_D4s_v3
2024-03-17 16:00:00,56.62041083,54.273365,asia-south,Standard_D4s_v3
2024-03-17 17:00:00,31.67797849,36.37631,asia-south,Standard_D4s_v3
2024-03-17 18:00:00,41.79363515,48.67509,asia-south,Standard_D4s_v3
2024-03-17 19:00:00,51.90929182,48.79436,asia-south,Standard_D4s_v3
2024-03-17 20:00:00,45.06535958,46.240005,asia-south,Standard_D4s_v3
2024-03-17 21:00:00,72.48314957,63.33571,asia-south,Standard_D4s_v3
2024-03-17 22:00:00,34.84175536,38.286804,asia-south,Standard_D4s_v3
2024-03-17 23:00:00,57.79524239,57.22691,asia-south,Standard_D4s_v3
2024-03-18 00:00:00,57.8878298,59.30406,asia-south,Standard_D4s_v3
2024-03-18 01:00:00,59.9891043,62.232323,asia-south,Standard_D4s_v3
2024-03-18 02:00:00,66.83799986,67.33421,asia-south,Standard_D4s_v3
2024-03-18 03:00:00,79.78761406,74.640976,asia-south,Standard_D4s_v3
2024-03-18 04:00:00,92.73722826,93.11788,asia-south,Standard_D4s_v3
2024-03-18 05:00:00,72.34979896,73.851006,asia-south,Standard_D4s_v3
2024-03-18 06:00:00,91.67839979,92.57867,asia-south,Standard_D4s_v3
2024-03-18 07:00:00,89.91898162,92.811226,asia-south,Standard_D4s_v3
2024-03-18 08:00:00,86.03469871,80.78237,asia-south,Standard_D4s_v3
2024-03-18 09:00:00,82.15041579,83.77588,asia-south,Standard_D4s_v3
2024-03-18 10:00:00,75.44490306,78.9437,asia-south,Standard_D4s_v3
2024-03-18 11:00:00,68.73939033,70.79705,asia-south,Standard_D4s_v3
2024-03-18 12:00:00,61.12458186,61.019398,asia-south,Standard_D4s_v3
2024-03-18 13:00:00,45.37531006,48.226406,asia-south,Standard_D4s_v3
2024-03-18 14:00:00,44.72358549,48.57235,asia-south,Standard_D4s_v3
2024-03-18 15:00:00,44.07186092,46.279507,asia-south,Standard_D4s_v3
2024-03-18 16:00:00,53.43701211,57.330082,asia-south,Standard_D4s_v3
2024-03-18 17:00:00,48.23466149,51.493946,asia-south,Standard_D4s_v3
2024-03-18 18:00:00,53.377669,53.619247,asia-south,Standard_D4s_v3
2024-03-18 19:00:00,31.59912474,42.20838,asia-south,Standard_D4s_v3
2024-03-18 20:00:00,58.26796873,51.16591,asia-south,Standard_D4s_v3
2024-03-18 21:00:00,34.84130632,36.545277,asia-south,Standard_D4s_v3
2024-03-18 22:00:00,64.15427415,62.846127,asia-south,Standard_D4s_v3
2024-03-18 23:00:00,43.37674718,43.89775,asia-south,Standard_D4s_v3
2024-03-19 00:00:00,64.07200255,54.39585,asia-south,Standard_D4s_v3
2024-03-19 01:00:00,84.76725792,78.06571,asia-south,Standard_D4s_v3
2024-03-19 02:00:00,83.56207484,84.221466,asia-south,Standard_D4s_v3
2024-03-19 03:00:00,84.6457403,83.137375,asia-south,Standard_D4s_v3
2024-03-19 04:00:00,84.29046349,83.89267,asia-south,Standard_D4s_v3
2024-03-19 05:00:00,76.90710107,79.16672,asia-south,Standard_D4s_v3
2024-03-19 06:00:00,82.15885833,82.396194,asia-south,Standard_D4s_v3
2024-03-19 07:00:00,62.9549202,67.93293,asia-south,Standard_D4s_v3
2024-03-19 08:00:00,80.39909093,78.48578,asia-south,Standard_D4s_v3
2024-03-19 09:00:00,84.48860651,82.93549,asia-south,Standard_D4s_v3
2024-03-19 10:00:00,76.501976,73.02057,asia-south,Standard_D4s_v3
2024-03-19 11:00:00,74.09859642,75.07999,asia-south,Standard_D4s_v3
2024-03-19 12:00:00,70.25402261,75.56209,asia-south,Standard_D4s_v3
2024-03-19 13:00:00,24.25886345,26.501377,asia-south,Standard_D4s_v3
2024-03-19 14:00:00,77.18937973,71.88117,asia-south,Standard_D4s_v3
2024-03-19 15:00:00,67.23407903,65.54061,asia-south,Standard_D4s_v3
2024-03-19 16:00:00,57.27877832,58.513767,asia-south,Standard_D4s_v3
2024-03-19 17:00:00,44.16139526,44.74121,asia-south,Standard_D4s_v3
2024-03-19 18:00:00,26.68908557,28.95367,asia-south,Standard_D4s_v3
2024-03-19 19:00:00,56.14475375,53.204716,asia-south,Standard_D4s_v3
2024-03-19 20:00:00,47.34852616,48.89618,asia-south,Standard_D4s_v3
2024-03-19 21:00:00,38.55229856,41.628036,asia-south,Standard_D4s_v3
2024-03-19 22:00:00,58.36768537,58.501484,asia-south,Standard_D4s_v3
2024-03-19 23:00:00,63.05272194,64.11636,asia-south,Standard_D4s_v3
2024-03-20 00:00:00,69.48566828,68.76546,asia-south,Standard_D4s_v3
2024-03-20 01:00:00,64.89045738,67.89109,asia-south,Standard_D4s_v3
2024-03-20 02:00:00,53.35777483,55.33969,asia-south,Standard_D4s_v3
2024-03-20 03:00:00,79.06230533,78.25894,asia-south,Standard_D4s_v3
2024-03-20 04:00:00,75.86141949,73.79099,asia-south,Standard_D4s_v3
2024-03-20 05:00:00,58.31504939,60.989212,asia-south,Standard_D4s_v3
2024-03-20 06:00:00,77.36063041,75.081566,asia-south,Standard_D4s_v3
2024-03-20 07:00:00,82.11738961,85.13719,asia-south,Standard_D4s_v3
2024-03-20 08:00:00,86.87414882,81.87864,asia-south,Standard_D4s_v3
2024-03-20 09:00:00,64.9253481,67.37622,asia-south,Standard_D4s_v3
2024-03-20 10:00:00,60.15708961,80.17679,asia-south,Standard_D4s_v3
2024-03-20 11:00:00,55.38883113,72.01106,asia-south,Standard_D4s_v3
2024-03-20 12:00:00,50.62057265,58.85124,asia-south,Standard_D4s_v3
2024-03-20 13:00:00,50.05797711,52.83351,asia-south,Standard_D4s_v3
2024-03-20 14:00:00,49.49538157,49.471058,asia-south,Standard_D4s_v3
2024-03-20 15:00:00,47.66867772,48.240593,asia-south,Standard_D4s_v3
2024-03-20 16:00:00,49.013079,47.637653,asia-south,Standard_D4s_v3
2024-03-20 17:00:00,50.35748028,41.13097,asia-south,Standard_D4s_v3
2024-03-20 18:00:00,51.70188157,54.492603,asia-south,Standard_D4s_v3
2024-03-20 19:00:00,53.04628285,51.9978,asia-south,Standard_D4s_v3
2024-03-20 20:00:00,54.25227893,53.27646,asia-south,Standard_D4s_v3
2024-03-20 21:00:00,61.99541505,60.64535,asia-south,Standard_D4s_v3
2024-03-20 22:00:00,45.07100905,51.53596,asia-south,Standard_D4s_v3
2024-03-20 23:00:00,51.9374455,52.007683,asia-south,Standard_D4s_v3
2024-03-21 00:00:00,37.87722269,42.303288,asia-south,Standard_D4s_v3
2024-03-21 01:00:00,91.42073939,91.56397,asia-south,Standard_D4s_v3
2024-03-21 02:00:00,84.86905323,83.54652,asia-south,Standard_D4s_v3
2024-03-21 03:00:00,71.77599413,74.587456,asia-south,Standard_D4s_v3
2024-03-21 04:00:00,78.80244059,78.83889,asia-south,Standard_D4s_v3
2024-03-21 05:00:00,90.71244902,94.681755,asia-south,Standard_D4s_v3
2024-03-21 06:00:00,87.07161968,83.31222,asia-south,Standard_D4s_v3
2024-03-21 07:00:00,96.38237955,95.05145,asia-south,Standard_D4s_v3
2024-03-21 08:00:00,71.92697604,70.690285,asia-south,Standard_D4s_v3
2024-03-21 09:00:00,75.59166058,82.34127,asia-south,Standard_D4s_v3
2024-03-21 10:00:00,79.25634512,80.44816,asia-south,Standard_D4s_v3
2024-03-21 11:00:00,60.60663422,61.397087,asia-south,Standard_D4s_v3
2024-03-21 12:00:00,53.52400072,57.502773,asia-south,Standard_D4s_v3
2024-03-21 13:00:00,48.61313567,59.90482,asia-south,Standard_D4s_v3
2024-03-21 14:00:00,43.70227062,46.985596,asia-south,Standard_D4s_v3
2024-03-21 15:00:00,54.90775584,55.850307,asia-south,Standard_D4s_v3
2024-03-21 16:00:00,43.44709171,45.19198,asia-south,Standard_D4s_v3
2024-03-21 17:00:00,45.42996751,52.938107,asia-south,Standard_D4s_v3
2024-03-21 18:00:00,47.41284332,34.69428,asia-south,Standard_D4s_v3
2024-03-21 19:00:00,49.39571913,42.059616,asia-south,Standard_D4s_v3
2024-03-21 20:00:00,51.37859494,50.51416,asia-south,Standard_D4s_v3
2024-03-21 21:00:00,79.75301305,76.622635,asia-south,Standard_D4s_v3
2024-03-21 22:00:00,76.97593401,70.93459,asia-south,Standard_D4s_v3
2024-03-21 23:00:00,74.19885497,80.358826,asia-south,Standard_D4s_v3
2024-03-22 00:00:00,71.42177593,65.892235,asia-south,Standard_D4s_v3
2024-03-22 01:00:00,68.64469688,67.37038,asia-south,Standard_D4s_v3
2024-03-22 02:00:00,79.03879107,82.40073,asia-south,Standard_D4s_v3
2024-03-22 03:00:00,89.43288526,85.64459,asia-south,Standard_D4s_v3
2024-03-22 04:00:00,87.8162788,85.871315,asia-south,Standard_D4s_v3
2024-03-22 05:00:00,90.29099878,93.10326,asia-south,Standard_D4s_v3
2024-03-22 06:00:00,82.21824818,83.87226,asia-south,Standard_D4s_v3
2024-03-22 07:00:00,74.14549757,75.33645,asia-south,Standard_D4s_v3
2024-03-22 08:00:00,98.28319647,97.28767,asia-south,Standard_D4s_v3
2024-03-22 09:00:00,64.23546384,67.94151,asia-south,Standard_D4s_v3
2024-03-22 10:00:00,86.2035059,79.5283,asia-south,Standard_D4s_v3
2024-03-22 11:00:00,84.2264263,83.08837,asia-south,Standard_D4s_v3
2024-03-22 12:00:00,31.05480716,38.331997,asia-south,Standard_D4s_v3
2024-03-22 13:00:00,56.66190558,51.3129,asia-south,Standard_D4s_v3
2024-03-22 14:00:00,65.00788217,59.67777,asia-south,Standard_D4s_v3
2024-03-22 15:00:00,32.87241014,38.74108,asia-south,Standard_D4s_v3
2024-03-22 16:00:00,40.18348766,43.47112,asia-south,Standard_D4s_v3
2024-03-22 17:00:00,47.49456518,43.014275,asia-south,Standard_D4s_v3
2024-03-22 18:00:00,54.8056427,54.991413,asia-south,Standard_D4s_v3
2024-03-22 19:00:00,48.66088435,49.275574,asia-south,Standard_D4s_v3
2024-03-22 20:00:00,59.24068762,57.93204,asia-south,Standard_D4s_v3
2024-03-22 21:00:00,56.8738101,48.910004,asia-south,Standard_D4s_v3
2024-03-22 22:00:00,54.50693259,55.443726,asia-south,Standard_D4s_v3
2024-03-22 23:00:00,45.72036857,46.90841,asia-south,Standard_D4s_v3
2024-03-23 00:00:00,55.67386875,57.905643,asia-south,Standard_D4s_v3
2024-03-23 01:00:00,79.13914856,69.134544,asia-south,Standard_D4s_v3
2024-03-23 02:00:00,48.19264586,52.42647,asia-south,Standard_D4s_v3
2024-03-23 03:00:00,63.74803204,78.095535,asia-south,Standard_D4s_v3
2024-03-23 04:00:00,79.30341821,80.53359,asia-south,Standard_D4s_v3
2024-03-23 05:00:00,94.85880439,94.82187,asia-south,Standard_D4s_v3
2024-03-23 06:00:00,60.72982747,63.678658,asia-south,Standard_D4s_v3
2024-03-23 07:00:00,91.09822895,92.832146,asia-south,Standard_D4s_v3
2024-03-23 08:00:00,76.40818801,74.14597,asia-south,Standard_D4s_v3
2024-03-23 09:00:00,56.12549422,57.202675,asia-south,Standard_D4s_v3
2024-03-23 10:00:00,67.35330015,67.86538,asia-south,Standard_D4s_v3
2024-03-23 11:00:00,51.71784857,61.522114,asia-south,Standard_D4s_v3
2024-03-23 12:00:00,36.08239699,42.365185,asia-south,Standard_D4s_v3
2024-03-23 13:00:00,57.99640191,56.525784,asia-south,Standard_D4s_v3
2024-03-23 14:00:00,31.26597749,39.85986,asia-south,Standard_D4s_v3
2024-03-23 15:00:00,59.29532458,58.68797,asia-south,Standard_D4s_v3
2024-03-23 16:00:00,51.68973633,44.145824,asia-south,Standard_D4s_v3
2024-03-23 17:00:00,44.08414808,45.052135,asia-south,Standard_D4s_v3
2024-03-23 18:00:00,43.0540552,45.49454,asia-south,Standard_D4s_v3
2024-03-23 19:00:00,42.02396232,44.631123,asia-south,Standard_D4s_v3
2024-03-23 20:00:00,40.99386945,41.87486,asia-south,Standard_D4s_v3
2024-03-23 21:00:00,44.97022382,43.957603,asia-south,Standard_D4s_v3
2024-03-23 22:00:00,64.49003627,55.392876,asia-south,Standard_D4s_v3
2024-03-23 23:00:00,53.34048497,52.549877,asia-south,Standard_D4s_v3
2024-03-24 00:00:00,63.33285177,64.24271,asia-south,Standard_D4s_v3
2024-03-24 01:00:00,62.0473037,62.80004,asia-south,Standard_D4s_v3
2024-03-24 02:00:00,71.9891616,80.80557,asia-south,Standard_D4s_v3
2024-03-24 03:00:00,81.93101949,79.103004,asia-south,Standard_D4s_v3
2024-03-24 04:00:00,91.87287739,93.16822,asia-south,Standard_D4s_v3
2024-03-24 05:00:00,93.06326453,92.99985,asia-south,Standard_D4s_v3
2024-03-24 06:00:00,46.17208514,51.216667,asia-south,Standard_D4s_v3
2024-03-24 07:00:00,64.72195195,72.10966,asia-south,Standard_D4s_v3
2024-03-24 08:00:00,83.27181875,78.21754,asia-south,Standard_D4s_v3
2024-03-24 09:00:00,75.91256112,78.609314,asia-south,Standard_D4s_v3
2024-03-24 10:00:00,58.72730159,60.688232,asia-south,Standard_D4s_v3
2024-03-24 11:00:00,75.39343534,74.065765,asia-south,Standard_D4s_v3
2024-03-24 12:00:00,52.04281923,52.61213,asia-south,Standard_D4s_v3
2024-03-24 13:00:00,79.66431309,74.57434,asia-south,Standard_D4s_v3
2024-03-24 14:00:00,43.28133277,46.572613,asia-south,Standard_D4s_v3
2024-03-24 15:00:00,39.69109261,40.742096,asia-south,Standard_D4s_v3
2024-03-24 16:00:00,33.61542142,36.278877,asia-south,Standard_D4s_v3
2024-03-24 17:00:00,54.56422439,50.96107,asia-south,Standard_D4s_v3
2024-03-24 18:00:00,54.29391223,53.153778,asia-south,Standard_D4s_v3
2024-03-24 19:00:00,48.5792947,51.35899,asia-south,Standard_D4s_v3
2024-03-24 20:00:00,56.95495919,54.663372,asia-south,Standard_D4s_v3
2024-03-24 21:00:00,56.05292965,54.56775,asia-south,Standard_D4s_v3
2024-03-24 22:00:00,55.15090011,64.55234,asia-south,Standard_D4s_v3
2024-03-24 23:00:00,54.24887057,64.21797,asia-south,Standard_D4s_v3
2024-03-25 00:00:00,74.26399119,72.336464,asia-south,Standard_D4s_v3
2024-03-25 01:00:00,48.0134264,50.761154,asia-south,Standard_D4s_v3
2024-03-25 02:00:00,73.08457765,71.52097,asia-south,Standard_D4s_v3
2024-03-25 03:00:00,58.65603054,66.05452,asia-south,Standard_D4s_v3
2024-03-25 04:00:00,75.54437179,74.70036,asia-south,Standard_D4s_v3
2024-03-25 05:00:00,90.22979142,93.229866,asia-south,Standard_D4s_v3
2024-03-25 06:00:00,89.85031735,86.09988,asia-south,Standard_D4s_v3
2024-03-25 07:00:00,77.49687892,78.68061,asia-south,Standard_D4s_v3
2024-03-25 08:00:00,62.89750839,71.05216,asia-south,Standard_D4s_v3
2024-03-25 09:00:00,96.18669857,92.13353,asia-south,Standard_D4s_v3
2024-03-25 10:00:00,77.32850431,74.31959,asia-south,Standard_D4s_v3
2024-03-25 11:00:00,72.41555658,68.26065,asia-south,Standard_D4s_v3
2024-03-25 12:00:00,67.50260884,66.11609,asia-south,Standard_D4s_v3
2024-03-25 13:00:00,60.99586364,63.8107,asia-south,Standard_D4s_v3
2024-03-25 14:00:00,56.55696848,44.67933,asia-south,Standard_D4s_v3
2024-03-25 15:00:00,39.55786975,41.830566,asia-south,Standard_D4s_v3
2024-03-25 16:00:00,45.92169883,43.82571,asia-south,Standard_D4s_v3
2024-03-25 17:00:00,52.2855279,52.796963,asia-south,Standard_D4s_v3
2024-03-25 18:00:00,40.94000698,44.318398,asia-south,Standard_D4s_v3
2024-03-25 19:00:00,53.66867093,50.17145,asia-south,Standard_D4s_v3
2024-03-25 20:00:00,54.43057043,52.239174,asia-south,Standard_D4s_v3
2024-03-25 21:00:00,55.19246994,54.420216,asia-south,Standard_D4s_v3
2024-03-25 22:00:00,44.71016264,46.71849,asia-south,Standard_D4s_v3
2024-03-25 23:00:00,69.11063307,69.646484,asia-south,Standard_D4s_v3
2024-03-26 00:00:00,76.65887715,76.89332,asia-south,Standard_D4s_v3
2024-03-26 01:00:00,79.09279748,77.38841,asia-south,Standard_D4s_v3
2024-03-26 02:00:00,77.51457931,80.07535,asia-south,Standard_D4s_v3
2024-03-26 03:00:00,75.93636114,77.38368,asia-south,Standard_D4s_v3
2024-03-26 04:00:00,74.35814297,80.560234,asia-south,Standard_D4s_v3
2024-03-26 05:00:00,72.7799248,73.39493,asia-south,Standard_D4s_v3
2024-03-26 06:00:00,81.47033578,63.250175,asia-south,Standard_D4s_v3
2024-03-26 07:00:00,90.16074677,91.79732,asia-south,Standard_D4s_v3
2024-03-26 08:00:00,96.81183026,94.24934,asia-south,Standard_D4s_v3
2024-03-26 09:00:00,89.51914049,84.60894,asia-south,Standard_D4s_v3
2024-03-26 10:00:00,87.77020945,83.35327,asia-south,Standard_D4s_v3
2024-03-26 11:00:00,74.68705064,79.98652,asia-south,Standard_D4s_v3
2024-03-26 12:00:00,61.60389184,63.565468,asia-south,Standard_D4s_v3
2024-03-26 13:00:00,49.62609735,51.33838,asia-south,Standard_D4s_v3
2024-03-26 14:00:00,37.64830287,41.433758,asia-south,Standard_D4s_v3
2024-03-26 15:00:00,51.42331422,51.250168,asia-south,Standard_D4s_v3
2024-03-26 16:00:00,57.97553788,53.720345,asia-south,Standard_D4s_v3
2024-03-26 17:00:00,42.00718004,44.830425,asia-south,Standard_D4s_v3
2024-03-26 18:00:00,33.84513551,33.884663,asia-south,Standard_D4s_v3
2024-03-26 19:00:00,40.1363451,37.065826,asia-south,Standard_D4s_v3
2024-03-26 20:00:00,34.7280599,37.38171,asia-south,Standard_D4s_v3
2024-03-26 21:00:00,34.14899277,38.19222,asia-south,Standard_D4s_v3
2024-03-26 22:00:00,44.81755989,43.065506,asia-south,Standard_D4s_v3
2024-03-26 23:00:00,59.17275092,55.112923,asia-south,Standard_D4s_v3
2024-03-27 00:00:00,75.95715387,69.277534,asia-south,Standard_D4s_v3
2024-03-27 01:00:00,49.88550457,53.953903,asia-south,Standard_D4s_v3
2024-03-27 02:00:00,75.62163686,67.70221,asia-south,Standard_D4s_v3
2024-03-27 03:00:00,94.60281733,93.13281,asia-south,Standard_D4s_v3
2024-03-27 04:00:00,74.17336384,78.63529,asia-south,Standard_D4s_v3
2024-03-27 05:00:00,88.90800813,83.57757,asia-south,Standard_D4s_v3
2024-03-27 06:00:00,80.41832388,80.37128,asia-south,Standard_D4s_v3
2024-03-27 07:00:00,71.92863964,61.090965,asia-south,Standard_D4s_v3
2024-03-27 08:00:00,63.43895539,72.587135,asia-south,Standard_D4s_v3
2024-03-27 09:00:00,54.94927114,56.9463,asia-south,Standard_D4s_v3
2024-03-27 10:00:00,72.82954703,64.09196,asia-south,Standard_D4s_v3
2024-03-27 11:00:00,83.28871164,75.365295,asia-south,Standard_D4s_v3
2024-03-27 12:00:00,86.74376278,78.18679,asia-south,Standard_D4s_v3
2024-03-27 13:00:00,90.19881392,91.41898,asia-south,Standard_D4s_v3
2024-03-27 14:00:00,49.23546203,58.595005,asia-south,Standard_D4s_v3
2024-03-27 15:00:00,52.80104404,51.01781,asia-south,Standard_D4s_v3
2024-03-27 16:00:00,39.76830786,42.786873,asia-south,Standard_D4s_v3
2024-03-27 17:00:00,33.97700829,33.70466,asia-south,Standard_D4s_v3
2024-03-27 18:00:00,47.91500282,45.47004,asia-south,Standard_D4s_v3
2024-03-27 19:00:00,48.39729354,49.593243,asia-south,Standard_D4s_v3
2024-03-27 20:00:00,54.15602996,53.508976,asia-south,Standard_D4s_v3
2024-03-27 21:00:00,52.05961869,51.249966,asia-south,Standard_D4s_v3
2024-03-27 22:00:00,45.65672825,49.77178,asia-south,Standard_D4s_v3
2024-03-27 23:00:00,66.33655858,66.143875,asia-south,Standard_D4s_v3
2024-03-28 00:00:00,63.21796039,71.22311,asia-south,Standard_D4s_v3
2024-03-28 01:00:00,88.07887989,81.93328,asia-south,Standard_D4s_v3
2024-03-28 02:00:00,79.6993372,73.02752,asia-south,Standard_D4s_v3
2024-03-28 03:00:00,71.3197945,74.42787,asia-south,Standard_D4s_v3
2024-03-28 04:00:00,79.42481355,80.69227,asia-south,Standard_D4s_v3
2024-03-28 05:00:00,78.07302332,82.69066,asia-south,Standard_D4s_v3
2024-03-28 06:00:00,76.72123309,78.44897,asia-south,Standard_D4s_v3
2024-03-28 07:00:00,58.54121385,61.44164,asia-south,Standard_D4s_v3
2024-03-28 08:00:00,78.16496784,76.84098,asia-south,Standard_D4s_v3
2024-03-28 09:00:00,46.53422496,51.3732,asia-south,Standard_D4s_v3
2024-03-28 10:00:00,79.89289824,78.774994,asia-south,Standard_D4s_v3
2024-03-28 11:00:00,65.96082817,69.140816,asia-south,Standard_D4s_v3
2024-03-28 12:00:00,74.05589791,75.75923,asia-south,Standard_D4s_v3
2024-03-28 13:00:00,63.34345772,62.72574,asia-south,Standard_D4s_v3
2024-03-28 14:00:00,61.34906253,60.533962,asia-south,Standard_D4s_v3
2024-03-28 15:00:00,70.34155494,63.83987,asia-south,Standard_D4s_v3
2024-03-28 16:00:00,45.7156651,48.202576,asia-south,Standard_D4s_v3
2024-03-28 17:00:00,35.61563776,36.1264,asia-south,Standard_D4s_v3
2024-03-28 18:00:00,31.34880902,30.73634,asia-south,Standard_D4s_v3
2024-03-28 19:00:00,55.62990348,46.08296,asia-south,Standard_D4s_v3
2024-03-28 20:00:00,48.54995771,42.041264,asia-south,Standard_D4s_v3
2024-03-28 21:00:00,34.95118955,37.93127,asia-south,Standard_D4s_v3
2024-03-28 22:00:00,49.07774176,49.873043,asia-south,Standard_D4s_v3
2024-03-28 23:00:00,67.82109639,65.28915,asia-south,Standard_D4s_v3
2024-03-29 00:00:00,74.5597564,72.875145,asia-south,Standard_D4s_v3
2024-03-29 01:00:00,71.28383801,76.171005,asia-south,Standard_D4s_v3
2024-03-29 02:00:00,89.93074668,92.848755,asia-south,Standard_D4s_v3
2024-03-29 03:00:00,85.5855613,83.345695,asia-south,Standard_D4s_v3
2024-03-29 04:00:00,75.11976452,77.24375,asia-south,Standard_D4s_v3
2024-03-29 05:00:00,50.10063957,54.43448,asia-south,Standard_D4s_v3
2024-03-29 06:00:00,80.68482204,76.60189,asia-south,Standard_D4s_v3
2024-03-29 07:00:00,83.87299037,83.65758,asia-south,Standard_D4s_v3
2024-03-29 08:00:00,76.23971304,78.86642,asia-south,Standard_D4s_v3
2024-03-29 09:00:00,70.72442133,73.97506,asia-south,Standard_D4s_v3
2024-03-29 10:00:00,91.58323808,90.694115,asia-south,Standard_D4s_v3
2024-03-29 11:00:00,79.72365701,79.88912,asia-south,Standard_D4s_v3
2024-03-29 12:00:00,57.45350265,68.97774,asia-south,Standard_D4s_v3
2024-03-29 13:00:00,64.2441294,59.357162,asia-south,Standard_D4s_v3
2024-03-29 14:00:00,56.37198628,45.651814,asia-south,Standard_D4s_v3
2024-03-29 15:00:00,48.49984316,46.927216,asia-south,Standard_D4s_v3
2024-03-29 16:00:00,47.67426423,48.880356,asia-south,Standard_D4s_v3
2024-03-29 17:00:00,42.02020333,44.586876,asia-south,Standard_D4s_v3
2024-03-29 18:00:00,36.36614244,38.080124,asia-south,Standard_D4s_v3
2024-03-29 19:00:00,45.26552338,43.783752,asia-south,Standard_D4s_v3
2024-03-29 20:00:00,46.68515318,48.06743,asia-south,Standard_D4s_v3
2024-03-29 21:00:00,55.17781575,57.594532,asia-south,Standard_D4s_v3
2024-03-29 22:00:00,55.17367079,58.95884,asia-south,Standard_D4s_v3
2024-03-29 23:00:00,55.16952583,55.203884,asia-south,Standard_D4s_v3
2024-03-30 00:00:00,58.43313177,62.531494,asia-south,Standard_D4s_v3
2024-03-30 01:00:00,69.58486099,56.321117,asia-south,Standard_D4s_v3
2024-03-30 02:00:00,80.73659021,78.02308,asia-south,Standard_D4s_v3
2024-03-30 03:00:00,79.0603084,83.31664,asia-south,Standard_D4s_v3
2024-03-30 04:00:00,77.38402659,79.50331,asia-south,Standard_D4s_v3
2024-03-30 05:00:00,95.94396022,93.69658,asia-south,Standard_D4s_v3
2024-03-30 06:00:00,82.15203871,69.01566,asia-south,Standard_D4s_v3
2024-03-30 07:00:00,68.36011721,70.85758,asia-south,Standard_D4s_v3
2024-03-30 08:00:00,93.66905608,93.32506,asia-south,Standard_D4s_v3
2024-03-30 09:00:00,93.02948932,91.630226,asia-south,Standard_D4s_v3
2024-03-30 10:00:00,54.23289281,63.41308,asia-south,Standard_D4s_v3
2024-03-30 11:00:00,77.13103657,74.13344,asia-south,Standard_D4s_v3
2024-03-30 12:00:00,54.82579234,56.52627,asia-south,Standard_D4s_v3
2024-03-30 13:00:00,69.20879422,69.2234,asia-south,Standard_D4s_v3
2024-03-30 14:00:00,57.69076353,59.899117,asia-south,Standard_D4s_v3
2024-03-30 15:00:00,44.64816642,51.204853,asia-south,Standard_D4s_v3
2024-03-30 16:00:00,56.22090492,54.361767,asia-south,Standard_D4s_v3
2024-03-30 17:00:00,40.11102301,42.720325,asia-south,Standard_D4s_v3
2024-03-30 18:00:00,46.6413367,44.16101,asia-south,Standard_D4s_v3
2024-03-30 19:00:00,47.10528524,49.486343,asia-south,Standard_D4s_v3
2024-03-30 20:00:00,44.60000326,43.964874,asia-south,Standard_D4s_v3
2024-03-30 21:00:00,42.09472128,42.248234,asia-south,Standard_D4s_v3
2024-03-30 22:00:00,52.29623936,47.48675,asia-south,Standard_D4s_v3
2024-03-30 23:00:00,56.70937769,52.783924,asia-south,Standard_D4s_v3
2024-03-31 00:00:00,50.60433821,53.712563,asia-south,Standard_D4s_v3
2024-03-31 01:00:00,76.19049585,68.91085,asia-south,Standard_D4s_v3
2024-03-31 02:00:00,78.35482472,66.587425,asia-south,Standard_D4s_v3
2024-03-31 03:00:00,80.5191536,81.80548,asia-south,Standard_D4s_v3
2024-03-31 04:00:00,88.61914436,84.40577,asia-south,Standard_D4s_v3
2024-03-31 05:00:00,96.71913512,93.9102,asia-south,Standard_D4s_v3
2024-03-31 06:00:00,95.6484261,93.740776,asia-south,Standard_D4s_v3
2024-03-31 07:00:00,94.57771708,94.4991,asia-south,Standard_D4s_v3
2024-03-31 08:00:00,73.01958824,74.99234,asia-south,Standard_D4s_v3
2024-03-31 09:00:00,70.95409469,77.9106,asia-south,Standard_D4s_v3
2024-03-31 10:00:00,68.88860113,66.612274,asia-south,Standard_D4s_v3
2024-03-31 11:00:00,72.39400012,72.20579,asia-south,Standard_D4s_v3
2024-03-31 12:00:00,64.55548352,64.52709,asia-south,Standard_D4s_v3
2024-03-31 13:00:00,44.30612428,46.4045,asia-south,Standard_D4s_v3
2024-03-31 14:00:00,72.0122401,69.277054,asia-south,Standard_D4s_v3
2024-03-31 15:00:00,51.65214266,52.663876,asia-south,Standard_D4s_v3
2024-03-31 16:00:00,31.24740125,34.180164,asia-south,Standard_D4s_v3
2024-03-31 17:00:00,38.04038127,38.544003,asia-south,Standard_D4s_v3
2024-03-31 18:00:00,44.70698354,30.784782,asia-south,Standard_D4s_v3
2024-03-31 19:00:00,51.37358581,54.18692,asia-south,Standard_D4s_v3
2024-03-31 20:00:00,58.04018809,57.288414,asia-south,Standard_D4s_v3
2024-03-31 21:00:00,43.28995407,44.263283,asia-south,Standard_D4s_v3
2024-03-31 22:00:00,48.8473418,46.887505,asia-south,Standard_D4s_v3
2024-03-31 23:00:00,53.14628871,57.271248,asia-south,Standard_D4s_v3
2024-04-01 00:00:00,57.44523563,63.37107,asia-south,Standard_D4s_v3
2024-04-01 01:00:00,68.47549904,62.312656,asia-south,Standard_D4s_v3
2024-04-01 02:00:00,37.41083986,43.65244,asia-south,Standard_D4s_v3
2024-04-01 03:00:00,57.00433129,69.78922,asia-south,Standard_D4s_v3
2024-04-01 04:00:00,76.59782272,77.053986,asia-south,Standard_D4s_v3
2024-04-01 05:00:00,97.00247944,95.44345,asia-south,Standard_D4s_v3
2024-04-01 06:00:00,92.8676245,91.46173,asia-south,Standard_D4s_v3
2024-04-01 07:00:00,88.73276956,84.217865,asia-south,Standard_D4s_v3
2024-04-01 08:00:00,83.01394126,78.14152,asia-south,Standard_D4s_v3
2024-04-01 09:00:00,85.64705664,60.47276,asia-south,Standard_D4s_v3
2024-04-01 10:00:00,42.88378486,48.352642,asia-south,Standard_D4s_v3
2024-04-01 11:00:00,59.49707044,57.858837,asia-south,Standard_D4s_v3
2024-04-01 12:00:00,69.07758166,59.690193,asia-south,Standard_D4s_v3
2024-04-01 13:00:00,57.83031439,57.769714,asia-south,Standard_D4s_v3
2024-04-01 14:00:00,62.3176707,36.500473,asia-south,Standard_D4s_v3
2024-04-01 15:00:00,66.80502702,70.021835,asia-south,Standard_D4s_v3
2024-04-01 16:00:00,57.31206286,60.892742,asia-south,Standard_D4s_v3
2024-04-01 17:00:00,51.02084177,55.36753,asia-south,Standard_D4s_v3
2024-04-01 18:00:00,44.72962069,45.76217,asia-south,Standard_D4s_v3
2024-04-01 19:00:00,44.90532634,44.185062,asia-south,Standard_D4s_v3
2024-04-01 20:00:00,49.01297054,50.97368,asia-south,Standard_D4s_v3
2024-04-01 21:00:00,53.12061475,59.57354,asia-south,Standard_D4s_v3
2024-04-01 22:00:00,57.22825895,63.754013,asia-south,Standard_D4s_v3
2024-04-01 23:00:00,86.64365813,78.43396,asia-south,Standard_D4s_v3
2024-04-02 00:00:00,71.9306794,73.32241,asia-south,Standard_D4s_v3
2024-04-02 01:00:00,72.04032325,71.739914,asia-south,Standard_D4s_v3
2024-04-02 02:00:00,72.76682057,64.754814,asia-south,Standard_D4s_v3
2024-04-02 03:00:00,73.4933179,71.61886,asia-south,Standard_D4s_v3
2024-04-02 04:00:00,73.02433255,75.124756,asia-south,Standard_D4s_v3
2024-04-02 05:00:00,71.43891472,72.653625,asia-south,Standard_D4s_v3
2024-04-02 06:00:00,99.75312678,96.30853,asia-south,Standard_D4s_v3
2024-04-02 07:00:00,78.24073321,79.3438,asia-south,Standard_D4s_v3
2024-04-02 08:00:00,66.64343248,74.07149,asia-south,Standard_D4s_v3
2024-04-02 09:00:00,93.4300663,94.44859,asia-south,Standard_D4s_v3
2024-04-02 10:00:00,90.07431113,91.994,asia-south,Standard_D4s_v3
2024-04-02 11:00:00,52.17493179,53.697796,asia-south,Standard_D4s_v3
2024-04-02 12:00:00,88.20601473,80.48837,asia-south,Standard_D4s_v3
2024-04-02 13:00:00,34.87460555,40.84292,asia-south,Standard_D4s_v3
2024-04-02 14:00:00,43.24473492,57.45799,asia-south,Standard_D4s_v3
2024-04-02 15:00:00,51.61486429,51.51342,asia-south,Standard_D4s_v3
2024-04-02 16:00:00,40.13259342,45.99486,asia-south,Standard_D4s_v3
2024-04-02 17:00:00,53.97201654,52.709183,asia-south,Standard_D4s_v3
2024-04-02 18:00:00,40.03870217,45.207523,asia-south,Standard_D4s_v3
2024-04-02 19:00:00,52.03140836,50.482132,asia-south,Standard_D4s_v3
2024-04-02 20:00:00,57.03368139,52.20348,asia-south,Standard_D4s_v3
2024-04-02 21:00:00,62.03595441,63.235985,asia-south,Standard_D4s_v3
2024-04-02 22:00:00,67.03822744,60.578094,asia-south,Standard_D4s_v3
2024-04-02 23:00:00,52.98087789,57.891155,asia-south,Standard_D4s_v3
2024-04-03 00:00:00,64.6466635,65.764915,asia-south,Standard_D4s_v3
2024-04-03 01:00:00,62.48638113,63.418114,asia-south,Standard_D4s_v3
2024-04-03 02:00:00,27.42733579,31.153358,asia-south,Standard_D4s_v3
2024-04-03 03:00:00,79.83942094,77.70581,asia-south,Standard_D4s_v3
2024-04-03 04:00:00,83.69347622,82.852684,asia-south,Standard_D4s_v3
2024-04-03 05:00:00,75.93991041,77.494125,asia-south,Standard_D4s_v3
2024-04-03 06:00:00,89.82292451,84.11749,asia-south,Standard_D4s_v3
2024-04-03 07:00:00,95.16030187,95.06911,asia-south,Standard_D4s_v3
2024-04-03 08:00:00,91.23848492,92.71964,asia-south,Standard_D4s_v3
2024-04-03 09:00:00,81.05454819,81.98543,asia-south,Standard_D4s_v3
2024-04-03 10:00:00,70.87061147,78.20977,asia-south,Standard_D4s_v3
2024-04-03 11:00:00,65.96950328,68.04033,asia-south,Standard_D4s_v3
2024-04-03 12:00:00,60.59640733,70.45175,asia-south,Standard_D4s_v3
2024-04-03 13:00:00,55.22331138,53.06569,asia-south,Standard_D4s_v3
2024-04-03 14:00:00,31.78085227,34.90286,asia-south,Standard_D4s_v3
2024-04-03 15:00:00,40.96581955,42.08957,asia-south,Standard_D4s_v3
2024-04-03 16:00:00,43.63792551,43.37886,asia-south,Standard_D4s_v3
2024-04-03 17:00:00,42.75893584,39.679024,asia-south,Standard_D4s_v3
2024-04-03 18:00:00,28.56897857,36.063656,asia-south,Standard_D4s_v3
2024-04-03 19:00:00,49.63388999,42.14591,asia-south,Standard_D4s_v3
2024-04-03 20:00:00,48.68912729,49.02478,asia-south,Standard_D4s_v3
2024-04-03 21:00:00,56.77059308,62.27229,asia-south,Standard_D4s_v3
2024-04-03 22:00:00,58.41138383,65.7402,asia-south,Standard_D4s_v3
2024-04-03 23:00:00,60.05217457,66.53826,asia-south,Standard_D4s_v3
2024-04-04 00:00:00,61.69296532,60.62503,asia-south,Standard_D4s_v3
2024-04-04 01:00:00,47.25913774,51.64719,asia-south,Standard_D4s_v3
2024-04-04 02:00:00,87.8624846,80.64104,asia-south,Standard_D4s_v3
2024-04-04 03:00:00,69.93335352,71.0419,asia-south,Standard_D4s_v3
2024-04-04 04:00:00,77.98362126,81.542725,asia-south,Standard_D4s_v3
2024-04-04 05:00:00,86.03388901,84.235085,asia-south,Standard_D4s_v3
2024-04-04 06:00:00,94.08415675,93.571815,asia-south,Standard_D4s_v3
2024-04-04 07:00:00,93.13916386,91.01247,asia-south,Standard_D4s_v3
2024-04-04 08:00:00,92.19417096,92.94227,asia-south,Standard_D4s_v3
2024-04-04 09:00:00,96.36858437,94.48823,asia-south,Standard_D4s_v3
2024-04-04 10:00:00,56.79360924,59.601368,asia-south,Standard_D4s_v3
2024-04-04 11:00:00,55.83222408,68.08049,asia-south,Standard_D4s_v3
2024-04-04 12:00:00,54.87083892,59.87544,asia-south,Standard_D4s_v3
2024-04-04 13:00:00,60.65625797,49.38556,asia-south,Standard_D4s_v3
2024-04-04 14:00:00,66.44167702,65.882545,asia-south,Standard_D4s_v3
2024-04-04 15:00:00,50.59827522,53.224876,asia-south,Standard_D4s_v3
2024-04-04 16:00:00,40.5936804,36.421013,asia-south,Standard_D4s_v3
2024-04-04 17:00:00,30.58908558,30.611834,asia-south,Standard_D4s_v3
2024-04-04 18:00:00,30.7425169,33.0185,asia-south,Standard_D4s_v3
2024-04-04 19:00:00,44.46838697,42.55816,asia-south,Standard_D4s_v3
2024-04-04 20:00:00,55.07779927,52.79714,asia-south,Standard_D4s_v3
2024-04-04 21:00:00,54.59257415,54.56178,asia-south,Standard_D4s_v3
2024-04-04 22:00:00,52.6704614,56.102226,asia-south,Standard_D4s_v3
2024-04-04 23:00:00,50.74834865,50.091824,asia-south,Standard_D4s_v3
2024-04-05 00:00:00,78.94598315,74.40666,asia-south,Standard_D4s_v3
2024-04-05 01:00:00,80.45102232,79.67139,asia-south,Standard_D4s_v3
2024-04-05 02:00:00,71.24574427,61.562214,asia-south,Standard_D4s_v3
2024-04-05 03:00:00,62.04046623,65.72318,asia-south,Standard_D4s_v3
2024-04-05 04:00:00,74.01890078,73.82656,asia-south,Standard_D4s_v3
2024-04-05 05:00:00,89.08204174,85.19406,asia-south,Standard_D4s_v3
2024-04-05 06:00:00,63.5008054,66.51561,asia-south,Standard_D4s_v3
2024-04-05 07:00:00,82.00867848,78.715004,asia-south,Standard_D4s_v3
2024-04-05 08:00:00,63.31798427,65.83952,asia-south,Standard_D4s_v3
2024-04-05 09:00:00,64.02153231,66.42686,asia-south,Standard_D4s_v3
2024-04-05 10:00:00,95.8087051,93.72353,asia-south,Standard_D4s_v3
2024-04-05 11:00:00,74.10905593,75.97367,asia-south,Standard_D4s_v3
2024-04-05 12:00:00,67.05699275,67.70664,asia-south,Standard_D4s_v3
2024-04-05 13:00:00,51.07916348,50.18921,asia-south,Standard_D4s_v3
2024-04-05 14:00:00,61.83247573,57.496994,asia-south,Standard_D4s_v3
2024-04-05 15:00:00,59.08164491,58.550312,asia-south,Standard_D4s_v3
2024-04-05 16:00:00,54.50733026,50.710014,asia-south,Standard_D4s_v3
2024-04-05 17:00:00,49.93301562,45.3775,asia-south,Standard_D4s_v3
2024-04-05 18:00:00,45.35870098,45.015587,asia-south,Standard_D4s_v3
2024-04-05 19:00:00,32.06753997,34.62038,asia-south,Standard_D4s_v3
2024-04-05 20:00:00,59.45531184,59.03646,asia-south,Standard_D4s_v3
2024-04-05 21:00:00,57.80462831,59.339977,asia-south,Standard_D4s_v3
2024-04-05 22:00:00,62.62862583,52.016445,asia-south,Standard_D4s_v3
2024-04-05 23:00:00,67.45262336,67.30548,asia-south,Standard_D4s_v3
2024-04-06 00:00:00,65.34946995,67.82564,asia-south,Standard_D4s_v3
2024-04-06 01:00:00,78.1088783,77.645805,asia-south,Standard_D4s_v3
2024-04-06 02:00:00,74.90311063,79.171364,asia-south,Standard_D4s_v3
2024-04-06 03:00:00,64.95469284,73.30885,asia-south,Standard_D4s_v3
2024-04-06 04:00:00,79.99021449,79.877846,asia-south,Standard_D4s_v3
2024-04-06 05:00:00,95.39045258,95.02725,asia-south,Standard_D4s_v3
2024-04-06 06:00:00,90.65166771,93.93017,asia-south,Standard_D4s_v3
2024-04-06 07:00:00,73.62173732,80.10837,asia-south,Standard_D4s_v3
2024-04-06 08:00:00,82.16280213,82.198326,asia-south,Standard_D4s_v3
2024-04-06 09:00:00,81.64354902,82.86078,asia-south,Standard_D4s_v3
2024-04-06 10:00:00,81.12429592,82.54745,asia-south,Standard_D4s_v3
2024-04-06 11:00:00,53.76218104,62.84877,asia-south,Standard_D4s_v3
2024-04-06 12:00:00,47.18158443,50.329037,asia-south,Standard_D4s_v3
2024-04-06 13:00:00,72.04320346,61.161938,asia-south,Standard_D4s_v3
2024-04-06 14:00:00,50.74000963,51.198174,asia-south,Standard_D4s_v3
2024-04-06 15:00:00,51.34294677,52.63927,asia-south,Standard_D4s_v3
2024-04-06 16:00:00,51.94588391,47.61716,asia-south,Standard_D4s_v3
2024-04-06 17:00:00,52.54882105,50.06345,asia-south,Standard_D4s_v3
2024-04-06 18:00:00,41.93890374,45.01264,asia-south,Standard_D4s_v3
2024-04-06 19:00:00,41.77009112,42.282974,asia-south,Standard_D4s_v3
2024-04-06 20:00:00,38.34400591,44.587322,asia-south,Standard_D4s_v3
2024-04-06 21:00:00,34.9179207,35.849957,asia-south,Standard_D4s_v3
2024-04-06 22:00:00,57.46545549,55.091084,asia-south,Standard_D4s_v3
2024-04-06 23:00:00,56.75967696,54.379013,asia-south,Standard_D4s_v3
2024-04-07 00:00:00,35.81240747,44.079327,asia-south,Standard_D4s_v3
2024-04-07 01:00:00,62.85715743,58.27746,asia-south,Standard_D4s_v3
2024-04-07 02:00:00,89.9019074,92.912895,asia-south,Standard_D4s_v3
2024-04-07 03:00:00,84.44154674,83.24167,asia-south,Standard_D4s_v3
2024-04-07 04:00:00,85.98477866,84.30616,asia-south,Standard_D4s_v3
2024-04-07 05:00:00,87.52801058,86.4891,asia-south,Standard_D4s_v3
2024-04-07 06:00:00,84.37299082,86.79683,asia-south,Standard_D4s_v3
2024-04-07 07:00:00,81.21797106,81.01401,asia-south,Standard_D4s_v3
2024-04-07 08:00:00,78.67035125,83.07538,asia-south,Standard_D4s_v3
2024-04-07 09:00:00,87.42339308,84.75847,asia-south,Standard_D4s_v3
2024-04-07 10:00:00,77.26991638,76.79703,asia-south,Standard_D4s_v3
2024-04-07 11:00:00,90.08040851,88.23787,asia-south,Standard_D4s_v3
2024-04-07 12:00:00,44.07719215,60.915527,asia-south,Standard_D4s_v3
2024-04-07 13:00:00,66.67016857,59.677753,asia-south,Standard_D4s_v3
2024-04-07 14:00:00,53.32804748,54.638096,asia-south,Standard_D4s_v3
2024-04-07 15:00:00,54.59672215,53.62229,asia-south,Standard_D4s_v3
2024-04-07 16:00:00,55.86539682,52.91198,asia-south,Standard_D4s_v3
2024-04-07 17:00:00,51.34164751,48.649265,asia-south,Standard_D4s_v3
2024-04-07 18:00:00,45.0800662,46.017414,asia-south,Standard_D4s_v3
2024-04-07 19:00:00,48.37523198,48.58834,asia-south,Standard_D4s_v3
2024-04-07 20:00:00,34.1341103,37.473213,asia-south,Standard_D4s_v3
2024-04-07 21:00:00,37.46982343,46.838245,asia-south,Standard_D4s_v3
2024-04-07 22:00:00,76.23083611,77.94383,asia-south,Standard_D4s_v3
2024-04-07 23:00:00,62.37813875,60.776947,asia-south,Standard_D4s_v3
2024-04-08 00:00:00,56.65566738,57.83561,asia-south,Standard_D4s_v3
2024-04-08 01:00:00,74.47599637,74.909775,asia-south,Standard_D4s_v3
2024-04-08 02:00:00,71.55141734,71.94465,asia-south,Standard_D4s_v3
2024-04-08 03:00:00,77.73083449,77.13944,asia-south,Standard_D4s_v3
2024-04-08 04:00:00,79.63203476,79.9718,asia-south,Standard_D4s_v3
2024-04-08 05:00:00,91.40456326,95.374504,asia-south,Standard_D4s_v3
2024-04-08 06:00:00,91.83817349,89.24925,asia-south,Standard_D4s_v3
2024-04-08 07:00:00,92.27178372,92.978615,asia-south,Standard_D4s_v3
2024-04-08 08:00:00,90.86444123,93.49174,asia-south,Standard_D4s_v3
2024-04-08 09:00:00,75.04132087,75.87315,asia-south,Standard_D4s_v3
2024-04-08 10:00:00,32.96465631,37.77817,asia-south,Standard_D4s_v3
2024-04-08 11:00:00,54.90184966,56.79372,asia-south,Standard_D4s_v3
2024-04-08 12:00:00,47.07546803,52.296543,asia-south,Standard_D4s_v3
2024-04-08 13:00:00,46.33955232,51.90264,asia-south,Standard_D4s_v3
2024-04-08 14:00:00,45.60363661,45.818115,asia-south,Standard_D4s_v3
2024-04-08 15:00:00,59.28922397,62.781048,asia-south,Standard_D4s_v3
2024-04-08 16:00:00,30.22794893,39.082024,asia-south,Standard_D4s_v3
2024-04-08 17:00:00,42.37267586,40.64333,asia-south,Standard_D4s_v3
2024-04-08 18:00:00,34.59327047,35.86682,asia-south,Standard_D4s_v3
2024-04-08 19:00:00,28.79559035,34.047955,asia-south,Standard_D4s_v3
2024-04-08 20:00:00,53.01300853,42.70989,asia-south,Standard_D4s_v3
2024-04-08 21:00:00,56.73604611,51.49364,asia-south,Standard_D4s_v3
2024-04-08 22:00:00,49.79900616,48.545086,asia-south,Standard_D4s_v3
2024-04-08 23:00:00,62.49397202,62.39728,asia-south,Standard_D4s_v3
2024-04-09 00:00:00,46.06530977,50.539173,asia-south,Standard_D4s_v3
2024-04-09 01:00:00,68.48789189,76.40328,asia-south,Standard_D4s_v3
2024-04-09 02:00:00,90.91047401,93.26258,asia-south,Standard_D4s_v3
2024-04-09 03:00:00,80.58010818,82.67583,asia-south,Standard_D4s_v3
2024-04-09 04:00:00,84.77387321,84.93706,asia-south,Standard_D4s_v3
2024-04-09 05:00:00,95.25466289,95.14016,asia-south,Standard_D4s_v3
2024-04-09 06:00:00,53.42287823,55.708244,asia-south,Standard_D4s_v3
2024-04-09 07:00:00,98.2177623,91.660255,asia-south,Standard_D4s_v3
2024-04-09 08:00:00,81.62232419,79.843636,asia-south,Standard_D4s_v3
2024-04-09 09:00:00,66.50958489,68.23196,asia-south,Standard_D4s_v3
2024-04-09 10:00:00,95.80308601,94.353065,asia-south,Standard_D4s_v3
2024-04-09 11:00:00,74.74935151,77.63986,asia-south,Standard_D4s_v3
2024-04-09 12:00:00,73.62091974,70.06986,asia-south,Standard_D4s_v3
2024-04-09 13:00:00,72.09395098,70.61888,asia-south,Standard_D4s_v3
2024-04-09 14:00:00,52.82761259,51.04708,asia-south,Standard_D4s_v3
2024-04-09 15:00:00,28.9843695,33.424755,asia-south,Standard_D4s_v3
2024-04-09 16:00:00,47.78334257,45.60663,asia-south,Standard_D4s_v3
2024-04-09 17:00:00,29.21020341,30.450838,asia-south,Standard_D4s_v3
2024-04-09 18:00:00,32.83448633,34.858395,asia-south,Standard_D4s_v3
2024-04-09 19:00:00,28.7375836,32.259518,asia-south,Standard_D4s_v3
2024-04-09 20:00:00,53.50207673,48.911533,asia-south,Standard_D4s_v3
2024-04-09 21:00:00,66.83275747,67.508965,asia-south,Standard_D4s_v3
2024-04-09 22:00:00,57.53729239,63.40104,asia-south,Standard_D4s_v3
2024-04-09 23:00:00,75.61053177,73.279884,asia-south,Standard_D4s_v3
2024-04-10 00:00:00,56.90660344,62.181812,asia-south,Standard_D4s_v3
2024-04-10 01:00:00,53.50618068,57.48269,asia-south,Standard_D4s_v3
2024-04-10 02:00:00,62.15615028,62.92735,asia-south,Standard_D4s_v3
2024-04-10 03:00:00,86.09836554,77.98308,asia-south,Standard_D4s_v3
2024-04-10 04:00:00,75.49350401,75.97577,asia-south,Standard_D4s_v3
2024-04-10 05:00:00,89.51460067,84.24706,asia-south,Standard_D4s_v3
2024-04-10 06:00:00,81.38542626,80.97571,asia-south,Standard_D4s_v3
2024-04-10 07:00:00,77.81794527,74.73845,asia-south,Standard_D4s_v3
2024-04-10 08:00:00,70.1339214,72.17818,asia-south,Standard_D4s_v3
2024-04-10 09:00:00,46.16707475,51.316322,asia-south,Standard_D4s_v3
2024-04-10 10:00:00,81.95096026,77.23019,asia-south,Standard_D4s_v3
2024-04-10 11:00:00,77.62568885,77.72268,asia-south,Standard_D4s_v3
2024-04-10 12:00:00,74.77657903,74.439644,asia-south,Standard_D4s_v3
2024-04-10 13:00:00,64.48771897,56.268154,asia-south,Standard_D4s_v3
2024-04-10 14:00:00,31.29936278,34.52335,asia-south,Standard_D4s_v3
2024-04-10 15:00:00,37.9488666,41.027542,asia-south,Standard_D4s_v3
2024-04-10 16:00:00,44.59837041,43.411434,asia-south,Standard_D4s_v3
2024-04-10 17:00:00,47.72034088,47.66114,asia-south,Standard_D4s_v3
2024-04-10 18:00:00,44.85890376,51.81811,asia-south,Standard_D4s_v3
2024-04-10 19:00:00,56.47828207,56.19479,asia-south,Standard_D4s_v3
2024-04-10 20:00:00,63.92067334,58.588737,asia-south,Standard_D4s_v3
2024-04-10 21:00:00,71.36306461,70.52282,asia-south,Standard_D4s_v3
2024-04-10 22:00:00,50.78395699,61.237534,asia-south,Standard_D4s_v3
2024-04-10 23:00:00,65.38979904,75.466774,asia-south,Standard_D4s_v3
2024-04-11 00:00:00,79.99564108,74.81944,asia-south,Standard_D4s_v3
2024-04-11 01:00:00,68.70271364,70.054596,asia-south,Standard_D4s_v3
2024-04-11 02:00:00,50.15158443,53.860416,asia-south,Standard_D4s_v3
2024-04-11 03:00:00,96.3072602,95.54798,asia-south,Standard_D4s_v3
2024-04-11 04:00:00,60.02878318,60.665447,asia-south,Standard_D4s_v3
2024-04-11 05:00:00,82.50245042,72.6877,asia-south,Standard_D4s_v3
2024-04-11 06:00:00,83.83380162,53.677326,asia-south,Standard_D4s_v3
2024-04-11 07:00:00,85.16515283,80.5266,asia-south,Standard_D4s_v3
2024-04-11 08:00:00,64.33172529,70.74444,asia-south,Standard_D4s_v3
2024-04-11 09:00:00,78.25206408,77.30089,asia-south,Standard_D4s_v3
2024-04-11 10:00:00,69.94664294,68.54799,asia-south,Standard_D4s_v3
2024-04-11 11:00:00,64.06483851,57.722824,asia-south,Standard_D4s_v3
2024-04-11 12:00:00,48.70293503,58.69679,asia-south,Standard_D4s_v3
2024-04-11 13:00:00,47.73514099,69.751625,asia-south,Standard_D4s_v3
2024-04-11 14:00:00,46.76734695,58.84737,asia-south,Standard_D4s_v3
2024-04-11 15:00:00,58.46308975,58.43647,asia-south,Standard_D4s_v3
2024-04-11 16:00:00,51.14496501,49.14783,asia-south,Standard_D4s_v3
2024-04-11 17:00:00,43.79542848,47.05105,asia-south,Standard_D4s_v3
2024-04-11 18:00:00,36.44589196,38.203396,asia-south,Standard_D4s_v3
2024-04-11 19:00:00,46.48202032,43.541317,asia-south,Standard_D4s_v3
2024-04-11 20:00:00,56.51814867,55.05404,asia-south,Standard_D4s_v3
2024-04-11 21:00:00,52.33849858,51.99285,asia-south,Standard_D4s_v3
2024-04-11 22:00:00,41.7602008,45.155064,asia-south,Standard_D4s_v3
2024-04-11 23:00:00,75.11303541,63.18695,asia-south,Standard_D4s_v3
2024-04-12 00:00:00,60.1389511,59.786987,asia-south,Standard_D4s_v3
2024-04-12 01:00:00,51.14160117,53.0415,asia-south,Standard_D4s_v3
2024-04-12 02:00:00,96.25910866,93.699684,asia-south,Standard_D4s_v3
2024-04-12 03:00:00,91.56946241,93.008354,asia-south,Standard_D4s_v3
2024-04-12 04:00:00,86.87981616,83.35683,asia-south,Standard_D4s_v3
2024-04-12 05:00:00,91.97017874,93.794495,asia-south,Standard_D4s_v3
2024-04-12 06:00:00,93.18348104,94.18155,asia-south,Standard_D4s_v3
2024-04-12 07:00:00,93.50207699,97.35938,asia-south,Standard_D4s_v3
2024-04-12 08:00:00,93.82067295,94.036,asia-south,Standard_D4s_v3
2024-04-12 09:00:00,94.1392689,95.36215,asia-south,Standard_D4s_v3
2024-04-12 10:00:00,90.64256791,93.13173,asia-south,Standard_D4s_v3
2024-04-12 11:00:00,85.74273591,78.656586,asia-south,Standard_D4s_v3
2024-04-12 12:00:00,70.71003905,58.779305,asia-south,Standard_D4s_v3
2024-04-12 13:00:00,55.67734219,56.109795,asia-south,Standard_D4s_v3
2024-04-12 14:00:00,52.77182922,49.48285,asia-south,Standard_D4s_v3
2024-04-12 15:00:00,38.90301903,42.198135,asia-south,Standard_D4s_v3
2024-04-12 16:00:00,40.13766744,41.658405,asia-south,Standard_D4s_v3
2024-04-12 17:00:00,46.7302105,45.229324,asia-south,Standard_D4s_v3
2024-04-12 18:00:00,49.42831773,45.869587,asia-south,Standard_D4s_v3
2024-04-12 19:00:00,52.12642495,51.57544,asia-south,Standard_D4s_v3
2024-04-12 20:00:00,48.74301932,49.16393,asia-south,Standard_D4s_v3
2024-04-12 21:00:00,68.35515528,60.578457,asia-south,Standard_D4s_v3
2024-04-12 22:00:00,57.51426937,57.951885,asia-south,Standard_D4s_v3
2024-04-12 23:00:00,44.94033364,50.506035,asia-south,Standard_D4s_v3
2024-04-13 00:00:00,70.88908942,70.82451,asia-south,Standard_D4s_v3
2024-04-13 01:00:00,52.03098019,58.60489,asia-south,Standard_D4s_v3
2024-04-13 02:00:00,47.61321317,49.72641,asia-south,Standard_D4s_v3
2024-04-13 03:00:00,94.38701482,92.44872,asia-south,Standard_D4s_v3
2024-04-13 04:00:00,95.32115185,96.08642,asia-south,Standard_D4s_v3
2024-04-13 05:00:00,100.0,97.55396,asia-south,Standard_D4s_v3
2024-04-13 06:00:00,79.83403158,82.42548,asia-south,Standard_D4s_v3
2024-04-13 07:00:00,95.39605653,95.89309,asia-south,Standard_D4s_v3
2024-04-13 08:00:00,90.04770374,95.88633,asia-south,Standard_D4s_v3
2024-04-13 09:00:00,90.00764389,92.97278,asia-south,Standard_D4s_v3
2024-04-13 10:00:00,80.79362845,82.017784,asia-south,Standard_D4s_v3
2024-04-13 11:00:00,52.94191023,53.082027,asia-south,Standard_D4s_v3
2024-04-13 12:00:00,42.58077026,47.093567,asia-south,Standard_D4s_v3
2024-04-13 13:00:00,57.64572078,56.977333,asia-south,Standard_D4s_v3
2024-04-13 14:00:00,57.20618845,69.05457,asia-south,Standard_D4s_v3
2024-04-13 15:00:00,56.76665611,56.611958,asia-south,Standard_D4s_v3
2024-04-13 16:00:00,51.48198677,35.87278,asia-south,Standard_D4s_v3
2024-04-13 17:00:00,46.19731743,48.926796,asia-south,Standard_D4s_v3
2024-04-13 18:00:00,46.91205827,50.73052,asia-south,Standard_D4s_v3
2024-04-13 19:00:00,47.62679911,47.55733,asia-south,Standard_D4s_v3
2024-04-13 20:00:00,43.98590323,44.00304,asia-south,Standard_D4s_v3
2024-04-13 21:00:00,29.56502228,34.940746,asia-south,Standard_D4s_v3
2024-04-13 22:00:00,52.57695212,49.179874,asia-south,Standard_D4s_v3
2024-04-13 23:00:00,47.52773107,46.932934,asia-south,Standard_D4s_v3
2024-04-14 00:00:00,83.09713144,80.07396,asia-south,Standard_D4s_v3
2024-04-14 01:00:00,45.9288653,61.28039,asia-south,Standard_D4s_v3
2024-04-14 02:00:00,76.60323,77.95678,asia-south,Standard_D4s_v3
2024-04-14 03:00:00,80.29595226,74.93919,asia-south,Standard_D4s_v3
2024-04-14 04:00:00,83.98867453,72.648506,asia-south,Standard_D4s_v3
2024-04-14 05:00:00,87.6813968,85.03534,asia-south,Standard_D4s_v3
2024-04-14 06:00:00,91.37411907,95.304344,asia-south,Standard_D4s_v3
2024-04-14 07:00:00,93.98609681,95.70592,asia-south,Standard_D4s_v3
2024-04-14 08:00:00,96.59807454,94.37253,asia-south,Standard_D4s_v3
2024-04-14 09:00:00,89.25394148,75.819725,asia-south,Standard_D4s_v3
2024-04-14 10:00:00,81.90980842,77.60292,asia-south,Standard_D4s_v3
2024-04-14 11:00:00,69.54953143,71.89254,asia-south,Standard_D4s_v3
2024-04-14 12:00:00,71.66579659,68.00928,asia-south,Standard_D4s_v3
2024-04-14 13:00:00,64.0097652,63.218014,asia-south,Standard_D4s_v3
2024-04-14 14:00:00,49.08027739,49.37815,asia-south,Standard_D4s_v3
2024-04-14 15:00:00,51.0420815,51.916924,asia-south,Standard_D4s_v3
2024-04-14 16:00:00,49.77740707,50.078148,asia-south,Standard_D4s_v3
2024-04-14 17:00:00,52.05859885,48.05883,asia-south,Standard_D4s_v3
2024-04-14 18:00:00,54.33979062,51.02112,asia-south,Standard_D4s_v3
2024-04-14 19:00:00,53.18852984,51.02818,asia-south,Standard_D4s_v3
2024-04-14 20:00:00,56.71520935,48.862057,asia-south,Standard_D4s_v3
2024-04-14 21:00:00,60.24188886,47.191814,asia-south,Standard_D4s_v3
2024-04-14 22:00:00,63.76856836,63.38334,asia-south,Standard_D4s_v3
2024-04-14 23:00:00,77.78933008,77.705055,asia-south,Standard_D4s_v3
2024-04-15 00:00:00,66.85637777,63.674942,asia-south,Standard_D4s_v3
2024-04-15 01:00:00,55.92342546,58.308975,asia-south,Standard_D4s_v3
2024-04-15 02:00:00,78.17896599,77.38446,asia-south,Standard_D4s_v3
2024-04-15 03:00:00,81.84803179,84.12651,asia-south,Standard_D4s_v3
2024-04-15 04:00:00,85.5170976,85.60062,asia-south,Standard_D4s_v3
2024-04-15 05:00:00,89.1861634,83.76702,asia-south,Standard_D4s_v3
2024-04-15 06:00:00,91.99639046,96.316795,asia-south,Standard_D4s_v3
2024-04-15 07:00:00,94.80661752,94.95019,asia-south,Standard_D4s_v3
2024-04-15 08:00:00,58.76260922,64.27566,asia-south,Standard_D4s_v3
2024-04-15 09:00:00,92.28626074,91.89914,asia-south,Standard_D4s_v3
2024-04-15 10:00:00,86.00843559,75.100365,asia-south,Standard_D4s_v3
2024-04-15 11:00:00,79.73061045,80.240585,asia-south,Standard_D4s_v3
2024-04-15 12:00:00,75.86549749,78.18933,asia-south,Standard_D4s_v3
2024-04-15 13:00:00,46.12583586,54.806374,asia-south,Standard_D4s_v3
2024-04-15 14:00:00,50.00855983,49.361073,asia-south,Standard_D4s_v3
2024-04-15 15:00:00,51.71700949,55.07273,asia-south,Standard_D4s_v3
2024-04-15 16:00:00,44.88071219,48.42211,asia-south,Standard_D4s_v3
2024-04-15 17:00:00,45.07644112,46.92986,asia-south,Standard_D4s_v3
2024-04-15 18:00:00,42.22448176,46.37868,asia-south,Standard_D4s_v3
2024-04-15 19:00:00,50.27597661,48.610413,asia-south,Standard_D4s_v3
2024-04-15 20:00:00,55.99951225,57.117764,asia-south,Standard_D4s_v3
2024-04-15 21:00:00,55.12427946,56.729645,asia-south,Standard_D4s_v3
2024-04-15 22:00:00,57.71885331,57.84345,asia-south,Standard_D4s_v3
2024-04-15 23:00:00,48.82950421,48.787125,asia-south,Standard_D4s_v3
2024-04-16 00:00:00,72.04383578,63.512363,asia-south,Standard_D4s_v3
2024-04-16 01:00:00,87.58412666,85.60708,asia-south,Standard_D4s_v3
2024-04-16 02:00:00,50.11040989,51.802273,asia-south,Standard_D4s_v3
2024-04-16 03:00:00,65.45828461,64.18913,asia-south,Standard_D4s_v3
2024-04-16 04:00:00,93.11022156,91.69977,asia-south,Standard_D4s_v3
2024-04-16 05:00:00,97.39240282,97.617546,asia-south,Standard_D4s_v3
2024-04-16 06:00:00,68.16669358,71.72671,asia-south,Standard_D4s_v3
2024-04-16 07:00:00,92.17923202,91.47866,asia-south,Standard_D4s_v3
2024-04-16 08:00:00,40.87763819,44.797085,asia-south,Standard_D4s_v3
2024-04-16 09:00:00,85.30069945,81.282776,asia-south,Standard_D4s_v3
2024-04-16 10:00:00,56.04474994,60.97598,asia-south,Standard_D4s_v3
2024-04-16 11:00:00,68.92231272,67.234314,asia-south,Standard_D4s_v3
2024-04-16 12:00:00,64.17664783,63.230686,asia-south,Standard_D4s_v3
2024-04-16 13:00:00,63.05567605,47.584927,asia-south,Standard_D4s_v3
2024-04-16 14:00:00,61.93470426,53.914627,asia-south,Standard_D4s_v3
2024-04-16 15:00:00,31.4942985,34.917362,asia-south,Standard_D4s_v3
2024-04-16 16:00:00,25.06298748,35.479027,asia-south,Standard_D4s_v3
2024-04-16 17:00:00,18.63167645,21.583633,asia-south,Standard_D4s_v3
2024-04-16 18:00:00,55.69295647,50.586174,asia-south,Standard_D4s_v3
2024-04-16 19:00:00,40.22935335,47.615635,asia-south,Standard_D4s_v3
2024-04-16 20:00:00,24.76575024,25.38586,asia-south,Standard_D4s_v3
2024-04-16 21:00:00,45.94437438,42.85617,asia-south,Standard_D4s_v3
2024-04-16 22:00:00,67.12299851,59.634384,asia-south,Standard_D4s_v3
2024-04-16 23:00:00,55.80407301,55.196922,asia-south,Standard_D4s_v3
2024-04-17 00:00:00,56.14332135,69.77584,asia-south,Standard_D4s_v3
2024-04-17 01:00:00,56.48256969,67.45133,asia-south,Standard_D4s_v3
2024-04-17 02:00:00,95.8067674,91.95133,asia-south,Standard_D4s_v3
2024-04-17 03:00:00,92.07439608,93.171005,asia-south,Standard_D4s_v3
2024-04-17 04:00:00,86.4468849,81.92155,asia-south,Standard_D4s_v3
2024-04-17 05:00:00,80.81937371,83.0862,asia-south,Standard_D4s_v3
2024-04-17 06:00:00,69.6036308,77.75035,asia-south,Standard_D4s_v3
2024-04-17 07:00:00,94.70210206,94.05188,asia-south,Standard_D4s_v3
2024-04-17 08:00:00,61.33987076,68.30376,asia-south,Standard_D4s_v3
2024-04-17 09:00:00,80.36141425,80.600494,asia-south,Standard_D4s_v3
2024-04-17 10:00:00,66.66459621,64.27833,asia-south,Standard_D4s_v3
2024-04-17 11:00:00,63.8274763,63.639675,asia-south,Standard_D4s_v3
2024-04-17 12:00:00,55.57794014,50.401062,asia-south,Standard_D4s_v3
2024-04-17 13:00:00,50.04293297,52.922707,asia-south,Standard_D4s_v3
2024-04-17 14:00:00,44.50792581,45.21303,asia-south,Standard_D4s_v3
2024-04-17 15:00:00,50.33653844,48.999565,asia-south,Standard_D4s_v3
2024-04-17 16:00:00,44.31352023,49.816345,asia-south,Standard_D4s_v3
2024-04-17 17:00:00,38.29050202,38.424667,asia-south,Standard_D4s_v3
2024-04-17 18:00:00,34.95955205,40.835766,asia-south,Standard_D4s_v3
2024-04-17 19:00:00,53.8656445,52.209457,asia-south,Standard_D4s_v3
2024-04-17 20:00:00,53.03534551,50.77284,asia-south,Standard_D4s_v3
2024-04-17 21:00:00,61.96995557,60.539787,asia-south,Standard_D4s_v3
2024-04-17 22:00:00,23.21065619,29.283163,asia-south,Standard_D4s_v3
2024-04-17 23:00:00,48.73411917,47.987835,asia-south,Standard_D4s_v3
2024-04-18 00:00:00,86.04085196,58.972202,asia-south,Standard_D4s_v3
2024-04-18 01:00:00,74.01549801,54.916744,asia-south,Standard_D4s_v3
2024-04-18 02:00:00,61.99014407,63.73901,asia-south,Standard_D4s_v3
2024-04-18 03:00:00,73.14362585,68.441475,asia-south,Standard_D4s_v3
2024-04-18 04:00:00,84.69376023,79.98153,asia-south,Standard_D4s_v3
2024-04-18 05:00:00,74.68103115,76.95678,asia-south,Standard_D4s_v3
2024-04-18 06:00:00,69.69885195,73.18495,asia-south,Standard_D4s_v3
2024-04-18 07:00:00,92.09002156,94.48501,asia-south,Standard_D4s_v3
2024-04-18 08:00:00,57.80526813,65.16868,asia-south,Standard_D4s_v3
2024-04-18 09:00:00,61.54274526,55.26817,asia-south,Standard_D4s_v3
2024-04-18 10:00:00,78.21388739,70.65138,asia-south,Standard_D4s_v3
2024-04-18 11:00:00,79.70097252,77.42443,asia-south,Standard_D4s_v3
2024-04-18 12:00:00,65.15957428,66.09133,asia-south,Standard_D4s_v3
2024-04-18 13:00:00,70.40542537,69.66676,asia-south,Standard_D4s_v3
2024-04-18 14:00:00,64.67670168,57.31607,asia-south,Standard_D4s_v3
2024-04-18 15:00:00,58.94797799,55.97392,asia-south,Standard_D4s_v3
2024-04-18 16:00:00,47.81681959,48.67446,asia-south,Standard_D4s_v3
2024-04-18 17:00:00,46.88017372,50.621674,asia-south,Standard_D4s_v3
2024-04-18 18:00:00,45.94352785,46.56583,asia-south,Standard_D4s_v3
2024-04-18 19:00:00,45.00688197,45.2778,asia-south,Standard_D4s_v3
2024-04-18 20:00:00,45.24128615,44.87056,asia-south,Standard_D4s_v3
2024-04-18 21:00:00,50.33933162,40.892014,asia-south,Standard_D4s_v3
2024-04-18 22:00:00,55.43737708,54.62231,asia-south,Standard_D4s_v3
2024-04-18 23:00:00,60.53542255,61.508797,asia-south,Standard_D4s_v3
2024-04-19 00:00:00,68.05272498,69.53973,asia-south,Standard_D4s_v3
2024-04-19 01:00:00,70.96153679,71.35794,asia-south,Standard_D4s_v3
2024-04-19 02:00:00,85.27262828,83.776054,asia-south,Standard_D4s_v3
2024-04-19 03:00:00,58.67582721,61.22034,asia-south,Standard_D4s_v3
2024-04-19 04:00:00,82.57907211,78.32199,asia-south,Standard_D4s_v3
2024-04-19 05:00:00,93.30358492,92.307945,asia-south,Standard_D4s_v3
2024-04-19 06:00:00,77.49535673,80.80482,asia-south,Standard_D4s_v3
2024-04-19 07:00:00,76.20644976,78.659615,asia-south,Standard_D4s_v3
2024-04-19 08:00:00,92.46237692,90.79096,asia-south,Standard_D4s_v3
2024-04-19 09:00:00,58.77259468,68.571045,asia-south,Standard_D4s_v3
2024-04-19 10:00:00,75.81585037,61.63552,asia-south,Standard_D4s_v3
2024-04-19 11:00:00,46.1197259,49.25793,asia-south,Standard_D4s_v3
2024-04-19 12:00:00,30.1194999,33.996815,asia-south,Standard_D4s_v3
2024-04-19 13:00:00,44.37163938,48.036137,asia-south,Standard_D4s_v3
2024-04-19 14:00:00,58.62377885,57.38401,asia-south,Standard_D4s_v3
2024-04-19 15:00:00,51.70638113,53.193996,asia-south,Standard_D4s_v3
2024-04-19 16:00:00,44.7889834,45.75361,asia-south,Standard_D4s_v3
2024-04-19 17:00:00,47.7483362,46.91367,asia-south,Standard_D4s_v3
2024-04-19 18:00:00,38.23987658,40.844982,asia-south,Standard_D4s_v3
2024-04-19 19:00:00,45.13625716,44.782997,asia-south,Standard_D4s_v3
2024-04-19 20:00:00,56.65028942,54.97134,asia-south,Standard_D4s_v3
2024-04-19 21:00:00,53.83898014,54.54482,asia-south,Standard_D4s_v3
2024-04-19 22:00:00,46.91364948,47.785084,asia-south,Standard_D4s_v3
2024-04-19 23:00:00,64.99652462,59.299225,asia-south,Standard_D4s_v3
2024-04-20 00:00:00,56.77132108,63.939674,asia-south,Standard_D4s_v3
2024-04-20 01:00:00,75.49182035,74.13711,asia-south,Standard_D4s_v3
2024-04-20 02:00:00,77.29630451,81.978714,asia-south,Standard_D4s_v3
2024-04-20 03:00:00,92.16710019,93.277214,asia-south,Standard_D4s_v3
2024-04-20 04:00:00,39.18864615,43.721714,asia-south,Standard_D4s_v3
2024-04-20 05:00:00,42.95708222,77.68976,asia-south,Standard_D4s_v3
2024-04-20 06:00:00,46.72551829,74.0602,asia-south,Standard_D4s_v3
2024-04-20 07:00:00,50.49395435,60.180332,asia-south,Standard_D4s_v3
2024-04-20 08:00:00,95.27404148,94.44146,asia-south,Standard_D4s_v3
2024-04-20 09:00:00,70.3543294,74.11983,asia-south,Standard_D4s_v3
2024-04-20 10:00:00,79.34662136,79.40371,asia-south,Standard_D4s_v3
2024-04-20 11:00:00,90.18431424,91.214165,asia-south,Standard_D4s_v3
2024-04-20 12:00:00,74.04721718,74.39841,asia-south,Standard_D4s_v3
2024-04-20 13:00:00,66.91979788,68.54394,asia-south,Standard_D4s_v3
2024-04-20 14:00:00,62.0958298,61.507496,asia-south,Standard_D4s_v3
2024-04-20 15:00:00,55.92608146,56.75717,asia-south,Standard_D4s_v3
2024-04-20 16:00:00,49.75633312,48.31636,asia-south,Standard_D4s_v3
2024-04-20 17:00:00,43.58658478,48.3354,asia-south,Standard_D4s_v3
2024-04-20 18:00:00,60.0342452,57.409737,asia-south,Standard_D4s_v3
2024-04-20 19:00:00,50.99868187,50.482643,asia-south,Standard_D4s_v3
2024-04-20 20:00:00,54.04330388,52.275085,asia-south,Standard_D4s_v3
2024-04-20 21:00:00,42.97088906,47.85833,asia-south,Standard_D4s_v3
2024-04-20 22:00:00,60.05993391,53.969208,asia-south,Standard_D4s_v3
2024-04-20 23:00:00,36.98078873,41.79116,asia-south,Standard_D4s_v3
2024-04-21 00:00:00,52.95202374,55.03213,asia-south,Standard_D4s_v3
2024-04-21 01:00:00,68.75145085,69.750755,asia-south,Standard_D4s_v3
2024-04-21 02:00:00,84.55087795,81.18187,asia-south,Standard_D4s_v3
2024-04-21 03:00:00,69.68321174,75.99884,asia-south,Standard_D4s_v3
2024-04-21 04:00:00,83.34553554,76.700195,asia-south,Standard_D4s_v3
2024-04-21 05:00:00,68.14136261,69.11361,asia-south,Standard_D4s_v3
2024-04-21 06:00:00,84.74502734,80.917534,asia-south,Standard_D4s_v3
2024-04-21 07:00:00,85.16397161,84.05151,asia-south,Standard_D4s_v3
2024-04-21 08:00:00,74.51139018,74.48423,asia-south,Standard_D4s_v3
2024-04-21 09:00:00,63.85880875,58.985107,asia-south,Standard_D4s_v3
2024-04-21 10:00:00,55.26898365,58.54274,asia-south,Standard_D4s_v3
2024-04-21 11:00:00,57.99392805,57.938515,asia-south,Standard_D4s_v3
2024-04-21 12:00:00,69.26474788,65.96066,asia-south,Standard_D4s_v3
2024-04-21 13:00:00,40.7730051,43.499966,asia-south,Standard_D4s_v3
2024-04-21 14:00:00,50.80828094,42.173466,asia-south,Standard_D4s_v3
2024-04-21 15:00:00,60.84355678,50.608418,asia-south,Standard_D4s_v3
2024-04-21 16:00:00,44.02052246,45.982925,asia-south,Standard_D4s_v3
2024-04-21 17:00:00,28.63543233,33.06162,asia-south,Standard_D4s_v3
2024-04-21 18:00:00,25.01612255,26.558039,asia-south,Standard_D4s_v3
2024-04-21 19:00:00,55.05245902,54.561886,asia-south,Standard_D4s_v3
2024-04-21 20:00:00,41.63485107,44.289318,asia-south,Standard_D4s_v3
2024-04-21 21:00:00,46.50193834,48.5043,asia-south,Standard_D4s_v3
2024-04-21 22:00:00,51.36902561,52.354885,asia-south,Standard_D4s_v3
2024-04-21 23:00:00,58.12425116,56.37136,asia-south,Standard_D4s_v3
2024-04-22 00:00:00,59.97421158,60.326378,asia-south,Standard_D4s_v3
2024-04-22 01:00:00,61.82417201,63.28735,asia-south,Standard_D4s_v3
2024-04-22 02:00:00,62.41299948,60.71299,asia-south,Standard_D4s_v3
2024-04-22 03:00:00,73.34815075,70.43685,asia-south,Standard_D4s_v3
2024-04-22 04:00:00,93.25819128,93.53994,asia-south,Standard_D4s_v3
2024-04-22 05:00:00,92.07670422,91.05278,asia-south,Standard_D4s_v3
2024-04-22 06:00:00,62.86918027,72.33427,asia-south,Standard_D4s_v3
2024-04-22 07:00:00,83.04805196,81.81323,asia-south,Standard_D4s_v3
2024-04-22 08:00:00,70.6355565,72.13272,asia-south,Standard_D4s_v3
2024-04-22 09:00:00,69.46173762,69.89964,asia-south,Standard_D4s_v3
2024-04-22 10:00:00,72.79182484,77.36723,asia-south,Standard_D4s_v3
2024-04-22 11:00:00,95.22443034,91.582214,asia-south,Standard_D4s_v3
2024-04-22 12:00:00,73.03408584,60.886204,asia-south,Standard_D4s_v3
2024-04-22 13:00:00,50.84374134,51.105175,asia-south,Standard_D4s_v3
2024-04-22 14:00:00,51.50746165,47.594517,asia-south,Standard_D4s_v3
2024-04-22 15:00:00,43.58504553,34.981495,asia-south,Standard_D4s_v3
2024-04-22 16:00:00,35.66262941,45.257385,asia-south,Standard_D4s_v3
2024-04-22 17:00:00,27.74021328,29.376867,asia-south,Standard_D4s_v3
2024-04-22 18:00:00,64.98960677,55.241272,asia-south,Standard_D4s_v3
2024-04-22 19:00:00,48.61205477,48.611973,asia-south,Standard_D4s_v3
2024-04-22 20:00:00,42.81088129,42.438103,asia-south,Standard_D4s_v3
2024-04-22 21:00:00,37.00970781,38.615837,asia-south,Standard_D4s_v3
2024-04-22 22:00:00,36.74311751,37.507,asia-south,Standard_D4s_v3
2024-04-22 23:00:00,46.26502161,55.001522,asia-south,Standard_D4s_v3
2024-04-23 00:00:00,55.78692571,55.845287,asia-south,Standard_D4s_v3
2024-04-23 01:00:00,68.17850494,78.8453,asia-south,Standard_D4s_v3
2024-04-23 02:00:00,80.57008416,78.26237,asia-south,Standard_D4s_v3
2024-04-23 03:00:00,92.96166338,96.02976,asia-south,Standard_D4s_v3
2024-04-23 04:00:00,78.39350256,79.0598,asia-south,Standard_D4s_v3
2024-04-23 05:00:00,93.4800673,92.45242,asia-south,Standard_D4s_v3
2024-04-23 06:00:00,97.8782169,95.39664,asia-south,Standard_D4s_v3
2024-04-23 07:00:00,86.41117057,85.78696,asia-south,Standard_D4s_v3
2024-04-23 08:00:00,74.94412424,74.73545,asia-south,Standard_D4s_v3
2024-04-23 09:00:00,93.67926641,95.145645,asia-south,Standard_D4s_v3
2024-04-23 10:00:00,73.78115064,73.22944,asia-south,Standard_D4s_v3
2024-04-23 11:00:00,56.80497518,61.394585,asia-south,Standard_D4s_v3
2024-04-23 12:00:00,69.53568103,65.9834,asia-south,Standard_D4s_v3
2024-04-23 13:00:00,62.7088045,59.317844,asia-south,Standard_D4s_v3
2024-04-23 14:00:00,55.66508545,56.078163,asia-south,Standard_D4s_v3
2024-04-23 15:00:00,45.61304749,49.322426,asia-south,Standard_D4s_v3
2024-04-23 16:00:00,43.19139969,50.906853,asia-south,Standard_D4s_v3
2024-04-23 17:00:00,40.76975189,40.899834,asia-south,Standard_D4s_v3
2024-04-23 18:00:00,46.78482191,45.325638,asia-south,Standard_D4s_v3
2024-04-23 19:00:00,45.87683393,42.775524,asia-south,Standard_D4s_v3
2024-04-23 20:00:00,44.96884595,41.249012,asia-south,Standard_D4s_v3
2024-04-23 21:00:00,44.06085797,42.99171,asia-south,Standard_D4s_v3
2024-04-23 22:00:00,54.97725575,54.64671,asia-south,Standard_D4s_v3
2024-04-23 23:00:00,65.89365353,66.19201,asia-south,Standard_D4s_v3
2024-04-24 00:00:00,57.42603972,60.1055,asia-south,Standard_D4s_v3
2024-04-24 01:00:00,88.5864186,77.56409,asia-south,Standard_D4s_v3
2024-04-24 02:00:00,66.01285678,72.31379,asia-south,Standard_D4s_v3
2024-04-24 03:00:00,93.48409634,93.542915,asia-south,Standard_D4s_v3
2024-04-24 04:00:00,72.39565058,75.08753,asia-south,Standard_D4s_v3
2024-04-24 05:00:00,72.54983735,73.26563,asia-south,Standard_D4s_v3
2024-04-24 06:00:00,89.27909861,85.78902,asia-south,Standard_D4s_v3
2024-04-24 07:00:00,75.01234313,78.28481,asia-south,Standard_D4s_v3
2024-04-24 08:00:00,69.92248763,73.2666,asia-south,Standard_D4s_v3
2024-04-24 09:00:00,82.58391321,84.636406,asia-south,Standard_D4s_v3
2024-04-24 10:00:00,63.13873778,65.05171,asia-south,Standard_D4s_v3
2024-04-24 11:00:00,60.0672475,62.201527,asia-south,Standard_D4s_v3
2024-04-24 12:00:00,75.21164008,72.60385,asia-south,Standard_D4s_v3
2024-04-24 13:00:00,67.85556082,68.479805,asia-south,Standard_D4s_v3
2024-04-24 14:00:00,47.99529361,53.857773,asia-south,Standard_D4s_v3
2024-04-24 15:00:00,49.90234321,46.87388,asia-south,Standard_D4s_v3
2024-04-24 16:00:00,41.37060676,42.478836,asia-south,Standard_D4s_v3
2024-04-24 17:00:00,62.44447143,60.30881,asia-south,Standard_D4s_v3
2024-04-24 18:00:00,44.31016573,45.783237,asia-south,Standard_D4s_v3
2024-04-24 19:00:00,45.31846776,40.19025,asia-south,Standard_D4s_v3
2024-04-24 20:00:00,46.32676979,45.30449,asia-south,Standard_D4s_v3
2024-04-24 21:00:00,46.99028913,46.449627,asia-south,Standard_D4s_v3
2024-04-24 22:00:00,54.4119919,49.41273,asia-south,Standard_D4s_v3
2024-04-24 23:00:00,61.83369467,61.10224,asia-south,Standard_D4s_v3
2024-04-25 00:00:00,69.25539744,70.19258,asia-south,Standard_D4s_v3
2024-04-25 01:00:00,55.89338561,58.964054,asia-south,Standard_D4s_v3
2024-04-25 02:00:00,69.72469558,65.29646,asia-south,Standard_D4s_v3
2024-04-25 03:00:00,67.07613781,67.2621,asia-south,Standard_D4s_v3
2024-04-25 04:00:00,68.84322503,69.29546,asia-south,Standard_D4s_v3
2024-04-25 05:00:00,91.94410418,93.63925,asia-south,Standard_D4s_v3
2024-04-25 06:00:00,94.62511423,94.772766,asia-south,Standard_D4s_v3
2024-04-25 07:00:00,94.97342971,95.76864,asia-south,Standard_D4s_v3
2024-04-25 08:00:00,71.79007184,77.647995,asia-south,Standard_D4s_v3
2024-04-25 09:00:00,97.49559948,95.554665,asia-south,Standard_D4s_v3
2024-04-25 10:00:00,74.04263185,70.422356,asia-south,Standard_D4s_v3
2024-04-25 11:00:00,50.58966422,53.24685,asia-south,Standard_D4s_v3
2024-04-25 12:00:00,65.22348312,60.505707,asia-south,Standard_D4s_v3
2024-04-25 13:00:00,51.11473408,57.07289,asia-south,Standard_D4s_v3
2024-04-25 14:00:00,37.00598504,44.747406,asia-south,Standard_D4s_v3
2024-04-25 15:00:00,59.53281495,57.27703,asia-south,Standard_D4s_v3
2024-04-25 16:00:00,56.33240142,54.21991,asia-south,Standard_D4s_v3
2024-04-25 17:00:00,49.05818261,49.03861,asia-south,Standard_D4s_v3
2024-04-25 18:00:00,49.44612859,48.55477,asia-south,Standard_D4s_v3
2024-04-25 19:00:00,44.29199766,47.075314,asia-south,Standard_D4s_v3
2024-04-25 20:00:00,40.69962265,40.13985,asia-south,Standard_D4s_v3
2024-04-25 21:00:00,48.28859472,50.64448,asia-south,Standard_D4s_v3
2024-04-25 22:00:00,55.8775668,54.804832,asia-south,Standard_D4s_v3
2024-04-25 23:00:00,55.97997758,54.9611,asia-south,Standard_D4s_v3
2024-04-26 00:00:00,56.08238836,59.146793,asia-south,Standard_D4s_v3
2024-04-26 01:00:00,52.66893904,55.389084,asia-south,Standard_D4s_v3
2024-04-26 02:00:00,68.98057437,67.362236,asia-south,Standard_D4s_v3
2024-04-26 03:00:00,70.30635013,66.22432,asia-south,Standard_D4s_v3
2024-04-26 04:00:00,78.65469983,67.48488,asia-south,Standard_D4s_v3
2024-04-26 05:00:00,87.00304952,78.31019,asia-south,Standard_D4s_v3
2024-04-26 06:00:00,94.85886211,95.020134,asia-south,Standard_D4s_v3
2024-04-26 07:00:00,99.43992631,97.22404,asia-south,Standard_D4s_v3
2024-04-26 08:00:00,87.48519938,83.21603,asia-south,Standard_D4s_v3
2024-04-26 09:00:00,87.62834491,83.74699,asia-south,Standard_D4s_v3
2024-04-26 10:00:00,69.57150551,71.539635,asia-south,Standard_D4s_v3
2024-04-26 11:00:00,63.44054094,63.80073,asia-south,Standard_D4s_v3
2024-04-26 12:00:00,43.27098338,45.32606,asia-south,Standard_D4s_v3
2024-04-26 13:00:00,83.15533376,71.48062,asia-south,Standard_D4s_v3
2024-04-26 14:00:00,43.84907893,45.65773,asia-south,Standard_D4s_v3
2024-04-26 15:00:00,44.92040001,53.516438,asia-south,Standard_D4s_v3
2024-04-26 16:00:00,45.99172108,46.43124,asia-south,Standard_D4s_v3
2024-04-26 17:00:00,46.82815066,46.772392,asia-south,Standard_D4s_v3
2024-04-26 18:00:00,49.90344541,43.817097,asia-south,Standard_D4s_v3
2024-04-26 19:00:00,52.97874016,40.868706,asia-south,Standard_D4s_v3
2024-04-26 20:00:00,56.05403491,50.51116,asia-south,Standard_D4s_v3
2024-04-26 21:00:00,46.46905562,49.393234,asia-south,Standard_D4s_v3
2024-04-26 22:00:00,57.224166,49.31023,asia-south,Standard_D4s_v3
2024-04-26 23:00:00,67.97927637,63.42702,asia-south,Standard_D4s_v3
2024-04-27 00:00:00,68.18532991,64.71486,asia-south,Standard_D4s_v3
2024-04-27 01:00:00,63.57340054,64.47447,asia-south,Standard_D4s_v3
2024-04-27 02:00:00,85.98447981,77.945175,asia-south,Standard_D4s_v3
2024-04-27 03:00:00,69.23106376,70.51556,asia-south,Standard_D4s_v3
2024-04-27 04:00:00,90.19942264,93.606285,asia-south,Standard_D4s_v3
2024-04-27 05:00:00,93.79814236,94.03234,asia-south,Standard_D4s_v3
2024-04-27 06:00:00,86.15121247,84.108055,asia-south,Standard_D4s_v3
2024-04-27 07:00:00,80.2118428,81.51795,asia-south,Standard_D4s_v3
2024-04-27 08:00:00,76.98072952,83.800766,asia-south,Standard_D4s_v3
2024-04-27 09:00:00,73.74961624,70.974594,asia-south,Standard_D4s_v3
2024-04-27 10:00:00,70.51850296,72.864845,asia-south,Standard_D4s_v3
2024-04-27 11:00:00,81.99823506,74.58831,asia-south,Standard_D4s_v3
2024-04-27 12:00:00,72.06039577,73.17746,asia-south,Standard_D4s_v3
2024-04-27 13:00:00,45.82755299,48.601227,asia-south,Standard_D4s_v3
2024-04-27 14:00:00,52.46681963,47.39745,asia-south,Standard_D4s_v3
2024-04-27 15:00:00,49.03807704,45.118008,asia-south,Standard_D4s_v3
2024-04-27 16:00:00,45.60933446,46.310837,asia-south,Standard_D4s_v3
2024-04-27 17:00:00,42.18059187,43.004803,asia-south,Standard_D4s_v3
2024-04-27 18:00:00,46.62580228,46.15275,asia-south,Standard_D4s_v3
2024-04-27 19:00:00,22.9990015,31.242271,asia-south,Standard_D4s_v3
2024-04-27 20:00:00,39.73612943,43.6374,asia-south,Standard_D4s_v3
2024-04-27 21:00:00,35.4264526,35.971577,asia-south,Standard_D4s_v3
2024-04-27 22:00:00,46.08685267,45.87335,asia-south,Standard_D4s_v3
2024-04-27 23:00:00,73.47821563,70.94037,asia-south,Standard_D4s_v3
2024-04-28 00:00:00,58.64726475,64.206116,asia-south,Standard_D4s_v3
2024-04-28 01:00:00,67.55227324,68.83974,asia-south,Standard_D4s_v3
2024-04-28 02:00:00,82.42746038,74.285805,asia-south,Standard_D4s_v3
2024-04-28 03:00:00,66.39738302,67.81764,asia-south,Standard_D4s_v3
2024-04-28 04:00:00,90.86066308,88.611855,asia-south,Standard_D4s_v3
2024-04-28 05:00:00,92.68466848,94.240654,asia-south,Standard_D4s_v3
2024-04-28 06:00:00,48.39257697,58.411896,asia-south,Standard_D4s_v3
2024-04-28 07:00:00,92.63078154,94.227135,asia-south,Standard_D4s_v3
2024-04-28 08:00:00,86.94782767,79.40462,asia-south,Standard_D4s_v3
2024-04-28 09:00:00,81.2648738,83.591125,asia-south,Standard_D4s_v3
2024-04-28 10:00:00,75.58191993,80.60519,asia-south,Standard_D4s_v3
2024-04-28 11:00:00,69.89896605,71.813484,asia-south,Standard_D4s_v3
2024-04-28 12:00:00,86.63839918,80.77918,asia-south,Standard_D4s_v3
2024-04-28 13:00:00,56.88908117,61.857822,asia-south,Standard_D4s_v3
2024-04-28 14:00:00,59.0192047,56.696423,asia-south,Standard_D4s_v3
2024-04-28 15:00:00,47.57777719,48.150356,asia-south,Standard_D4s_v3
2024-04-28 16:00:00,49.72417977,49.9164,asia-south,Standard_D4s_v3
2024-04-28 17:00:00,39.36908926,41.646183,asia-south,Standard_D4s_v3
2024-04-28 18:00:00,41.80225549,36.35186,asia-south,Standard_D4s_v3
2024-04-28 19:00:00,44.23542173,44.21212,asia-south,Standard_D4s_v3
2024-04-28 20:00:00,35.58491662,37.72769,asia-south,Standard_D4s_v3
2024-04-28 21:00:00,41.09848017,40.151234,asia-south,Standard_D4s_v3
2024-04-28 22:00:00,37.59652085,40.53825,asia-south,Standard_D4s_v3
2024-04-28 23:00:00,45.43160212,44.63827,asia-south,Standard_D4s_v3
2024-04-29 00:00:00,61.16504971,62.87323,asia-south,Standard_D4s_v3
2024-04-29 01:00:00,71.32547047,72.13071,asia-south,Standard_D4s_v3
2024-04-29 02:00:00,67.9492815,66.82167,asia-south,Standard_D4s_v3
2024-04-29 03:00:00,65.90178853,78.91574,asia-south,Standard_D4s_v3
2024-04-29 04:00:00,100.0,96.06463,asia-south,Standard_D4s_v3
2024-04-29 05:00:00,87.21442198,84.257416,asia-south,Standard_D4s_v3
2024-04-29 06:00:00,89.21298509,82.37485,asia-south,Standard_D4s_v3
2024-04-29 07:00:00,64.89423836,67.047264,asia-south,Standard_D4s_v3
2024-04-29 08:00:00,93.73519198,94.70174,asia-south,Standard_D4s_v3
2024-04-29 09:00:00,65.83432604,67.4513,asia-south,Standard_D4s_v3
2024-04-29 10:00:00,78.36979329,78.42914,asia-south,Standard_D4s_v3
2024-04-29 11:00:00,60.30654823,59.998947,asia-south,Standard_D4s_v3
2024-04-29 12:00:00,61.78627209,59.90152,asia-south,Standard_D4s_v3
2024-04-29 13:00:00,53.43961736,49.620758,asia-south,Standard_D4s_v3
2024-04-29 14:00:00,44.84879987,44.917927,asia-south,Standard_D4s_v3
2024-04-29 15:00:00,40.29103758,42.40689,asia-south,Standard_D4s_v3
2024-04-29 16:00:00,42.73848207,42.474052,asia-south,Standard_D4s_v3
2024-04-29 17:00:00,44.99300316,43.46701,asia-south,Standard_D4s_v3
2024-04-29 18:00:00,62.24238863,61.084827,asia-south,Standard_D4s_v3
2024-04-29 19:00:00,46.62117215,47.424263,asia-south,Standard_D4s_v3
2024-04-29 20:00:00,39.78917221,41.064503,asia-south,Standard_D4s_v3
2024-04-29 21:00:00,36.86433421,38.84592,asia-south,Standard_D4s_v3
2024-04-29 22:00:00,40.6402926,45.83105,asia-south,Standard_D4s_v3
2024-04-29 23:00:00,62.91800886,65.32478,asia-south,Standard_D4s_v3
2024-04-30 00:00:00,52.14002924,52.9594,asia-south,Standard_D4s_v3
2024-04-30 01:00:00,73.22590814,71.85077,asia-south,Standard_D4s_v3
2024-04-30 02:00:00,82.28785169,82.74915,asia-south,Standard_D4s_v3
2024-04-30 03:00:00,71.21756695,70.38619,asia-south,Standard_D4s_v3
2024-04-30 04:00:00,56.69620872,58.19667,asia-south,Standard_D4s_v3
2024-04-30 05:00:00,68.23985946,71.51418,asia-south,Standard_D4s_v3
2024-04-30 06:00:00,83.02053208,83.556725,asia-south,Standard_D4s_v3
2024-04-30 07:00:00,97.8012047,96.16957,asia-south,Standard_D4s_v3
2024-04-30 08:00:00,95.10784887,94.65632,asia-south,Standard_D4s_v3
2024-04-30 09:00:00,94.58801555,93.342094,asia-south,Standard_D4s_v3
2024-04-30 10:00:00,57.17993238,60.890804,asia-south,Standard_D4s_v3
2024-04-30 11:00:00,46.34883535,44.571915,asia-south,Standard_D4s_v3
2024-04-30 12:00:00,49.49352268,70.213615,asia-south,Standard_D4s_v3
2024-04-30 13:00:00,52.63821001,51.6121,asia-south,Standard_D4s_v3
2024-04-30 14:00:00,57.27702527,48.802017,asia-south,Standard_D4s_v3
2024-04-30 15:00:00,48.69047382,48.346554,asia-south,Standard_D4s_v3
2024-04-30 16:00:00,43.18262958,38.97434,asia-south,Standard_D4s_v3
2024-04-30 17:00:00,37.67478534,38.28016,asia-south,Standard_D4s_v3
2024-04-30 18:00:00,36.65602263,33.37052,asia-south,Standard_D4s_v3
2024-04-30 19:00:00,35.63725993,49.299065,asia-south,Standard_D4s_v3
2024-04-30 20:00:00,34.61849722,42.811836,asia-south,Standard_D4s_v3
2024-04-30 21:00:00,55.18398706,53.802376,asia-south,Standard_D4s_v3
2024-04-30 22:00:00,61.47403923,61.429943,asia-south,Standard_D4s_v3
2024-04-30 23:00:00,51.17699178,56.26175,asia-south,Standard_D4s_v3
2024-05-01 00:00:00,40.87994432,42.037052,asia-south,Standard_D4s_v3
2024-05-01 01:00:00,48.51467389,47.69681,asia-south,Standard_D4s_v3
2024-05-01 02:00:00,75.84066672,72.63777,asia-south,Standard_D4s_v3
2024-05-01 03:00:00,79.76524392,79.82145,asia-south,Standard_D4s_v3
2024-05-01 04:00:00,65.00591757,67.62484,asia-south,Standard_D4s_v3
2024-05-01 05:00:00,54.11348225,57.832214,asia-south,Standard_D4s_v3
2024-05-01 06:00:00,76.90012939,75.81765,asia-south,Standard_D4s_v3
2024-05-01 07:00:00,100.0,95.51573,asia-south,Standard_D4s_v3
2024-05-01 08:00:00,58.77801596,67.8592,asia-south,Standard_D4s_v3
2024-05-01 09:00:00,89.9344853,92.33939,asia-south,Standard_D4s_v3
2024-05-01 10:00:00,58.82663258,61.966236,asia-south,Standard_D4s_v3
2024-05-01 11:00:00,62.45309787,70.81508,asia-south,Standard_D4s_v3
2024-05-01 12:00:00,66.07956315,65.3728,asia-south,Standard_D4s_v3
2024-05-01 13:00:00,57.4010928,56.59957,asia-south,Standard_D4s_v3
2024-05-01 14:00:00,40.45119209,42.104706,asia-south,Standard_D4s_v3
2024-05-01 15:00:00,55.03633573,52.373592,asia-south,Standard_D4s_v3
2024-05-01 16:00:00,26.96544573,31.074429,asia-south,Standard_D4s_v3
2024-05-01 17:00:00,33.50923553,40.376537,asia-south,Standard_D4s_v3
2024-05-01 18:00:00,40.05302533,39.76466,asia-south,Standard_D4s_v3
2024-05-01 19:00:00,26.19882452,31.82403,asia-south,Standard_D4s_v3
2024-05-01 20:00:00,61.29376822,53.02831,asia-south,Standard_D4s_v3
2024-05-01 21:00:00,48.31518159,50.036034,asia-south,Standard_D4s_v3
2024-05-01 22:00:00,50.69430901,50.76233,asia-south,Standard_D4s_v3
2024-05-01 23:00:00,60.46354836,58.296917,asia-south,Standard_D4s_v3
2024-05-02 00:00:00,59.35032161,59.437405,asia-south,Standard_D4s_v3
2024-05-02 01:00:00,73.96174986,73.160706,asia-south,Standard_D4s_v3
2024-05-02 02:00:00,77.57475428,65.43736,asia-south,Standard_D4s_v3
2024-05-02 03:00:00,81.18775871,81.52151,asia-south,Standard_D4s_v3
2024-05-02 04:00:00,54.549483,61.080147,asia-south,Standard_D4s_v3
2024-05-02 05:00:00,81.49098235,79.802986,asia-south,Standard_D4s_v3
2024-05-02 06:00:00,66.75106578,67.354706,asia-south,Standard_D4s_v3
2024-05-02 07:00:00,71.81470977,70.482925,asia-south,Standard_D4s_v3
2024-05-02 08:00:00,76.1678338,61.33172,asia-south,Standard_D4s_v3
2024-05-02 09:00:00,80.52095784,79.51532,asia-south,Standard_D4s_v3
2024-05-02 10:00:00,95.29772782,94.12385,asia-south,Standard_D4s_v3
2024-05-02 11:00:00,82.29327349,71.68264,asia-south,Standard_D4s_v3
2024-05-02 12:00:00,69.28881915,61.07365,asia-south,Standard_D4s_v3
2024-05-02 13:00:00,64.82808954,64.92504,asia-south,Standard_D4s_v3
2024-05-02 14:00:00,34.78167178,38.721054,asia-south,Standard_D4s_v3
2024-05-02 15:00:00,56.96839574,54.312042,asia-south,Standard_D4s_v3
2024-05-02 16:00:00,56.28938765,52.09029,asia-south,Standard_D4s_v3
2024-05-02 17:00:00,55.61037957,55.10245,asia-south,Standard_D4s_v3
2024-05-02 18:00:00,28.03667951,32.045216,asia-south,Standard_D4s_v3
2024-05-02 19:00:00,27.94044985,29.090696,asia-south,Standard_D4s_v3
2024-05-02 20:00:00,50.25149986,44.043175,asia-south,Standard_D4s_v3
2024-05-02 21:00:00,39.65683357,42.510956,asia-south,Standard_D4s_v3
2024-05-02 22:00:00,45.72365078,45.34672,asia-south,Standard_D4s_v3
2024-05-02 23:00:00,52.63867838,55.173683,asia-south,Standard_D4s_v3
2024-05-03 00:00:00,59.55370599,59.778473,asia-south,Standard_D4s_v3
2024-05-03 01:00:00,77.20794689,75.544815,asia-south,Standard_D4s_v3
2024-05-03 02:00:00,62.94148226,64.707054,asia-south,Standard_D4s_v3
2024-05-03 03:00:00,68.88651791,69.0233,asia-south,Standard_D4s_v3
2024-05-03 04:00:00,81.45418362,82.29833,asia-south,Standard_D4s_v3
2024-05-03 05:00:00,91.52648125,93.43661,asia-south,Standard_D4s_v3
2024-05-03 06:00:00,92.41860796,94.11354,asia-south,Standard_D4s_v3
2024-05-03 07:00:00,81.34656542,74.20417,asia-south,Standard_D4s_v3
2024-05-03 08:00:00,76.236184,67.21126,asia-south,Standard_D4s_v3
2024-05-03 09:00:00,71.12580258,73.131256,asia-south,Standard_D4s_v3
2024-05-03 10:00:00,71.46581036,66.31126,asia-south,Standard_D4s_v3
2024-05-03 11:00:00,71.80581814,70.8951,asia-south,Standard_D4s_v3
2024-05-03 12:00:00,60.67029111,60.755238,asia-south,Standard_D4s_v3
2024-05-03 13:00:00,51.40810461,49.246235,asia-south,Standard_D4s_v3
2024-05-03 14:00:00,45.25120634,45.563717,asia-south,Standard_D4s_v3
2024-05-03 15:00:00,38.26417191,42.97885,asia-south,Standard_D4s_v3
2024-05-03 16:00:00,59.55314024,57.104225,asia-south,Standard_D4s_v3
2024-05-03 17:00:00,38.34947171,40.21917,asia-south,Standard_D4s_v3
2024-05-03 18:00:00,47.16307265,44.942688,asia-south,Standard_D4s_v3
2024-05-03 19:00:00,48.24734513,43.23898,asia-south,Standard_D4s_v3
2024-05-03 20:00:00,25.88048359,33.052418,asia-south,Standard_D4s_v3
2024-05-03 21:00:00,42.95732037,43.958935,asia-south,Standard_D4s_v3
2024-05-03 22:00:00,41.34033625,40.539257,asia-south,Standard_D4s_v3
2024-05-03 23:00:00,50.53437593,64.63064,asia-south,Standard_D4s_v3
2024-05-04 00:00:00,59.7284156,48.295143,asia-south,Standard_D4s_v3
2024-05-04 01:00:00,68.92245528,73.71354,asia-south,Standard_D4s_v3
2024-05-04 02:00:00,78.11649496,77.21771,asia-south,Standard_D4s_v3
2024-05-04 03:00:00,78.43858153,76.7526,asia-south,Standard_D4s_v3
2024-05-04 04:00:00,67.93295464,67.93269,asia-south,Standard_D4s_v3
2024-05-04 05:00:00,58.54776884,80.261665,asia-south,Standard_D4s_v3
2024-05-04 06:00:00,49.16258304,50.1286,asia-south,Standard_D4s_v3
2024-05-04 07:00:00,14.52957079,18.689116,asia-south,Standard_D4s_v3
2024-05-04 08:00:00,47.85573995,68.793144,asia-south,Standard_D4s_v3
2024-05-04 09:00:00,81.18190911,75.97977,asia-south,Standard_D4s_v3
2024-05-04 10:00:00,87.55182215,82.38354,asia-south,Standard_D4s_v3
2024-05-04 11:00:00,49.8213765,52.661987,asia-south,Standard_D4s_v3
2024-05-04 12:00:00,39.65664095,42.385956,asia-south,Standard_D4s_v3
2024-05-04 13:00:00,40.08749839,48.533855,asia-south,Standard_D4s_v3
2024-05-04 14:00:00,40.51835583,42.312035,asia-south,Standard_D4s_v3
2024-05-04 15:00:00,40.94921327,41.569466,asia-south,Standard_D4s_v3
2024-05-04 16:00:00,30.1854351,29.77646,asia-south,Standard_D4s_v3
2024-05-04 17:00:00,46.47440794,41.266663,asia-south,Standard_D4s_v3
2024-05-04 18:00:00,45.73281615,43.98937,asia-south,Standard_D4s_v3
2024-05-04 19:00:00,47.94169008,40.705067,asia-south,Standard_D4s_v3
2024-05-04 20:00:00,50.15056401,48.84183,asia-south,Standard_D4s_v3
2024-05-04 21:00:00,51.37622963,56.14583,asia-south,Standard_D4s_v3
2024-05-04 22:00:00,53.88810219,54.064636,asia-south,Standard_D4s_v3
2024-05-04 23:00:00,37.52535292,42.412224,asia-south,Standard_D4s_v3
2024-05-05 00:00:00,59.29873324,59.46823,asia-south,Standard_D4s_v3
2024-05-05 01:00:00,67.17113991,65.524734,asia-south,Standard_D4s_v3
2024-05-05 02:00:00,81.16823473,79.84661,asia-south,Standard_D4s_v3
2024-05-05 03:00:00,72.73139989,72.47185,asia-south,Standard_D4s_v3
2024-05-05 04:00:00,76.63385082,75.31364,asia-south,Standard_D4s_v3
2024-05-05 05:00:00,86.25683901,74.531265,asia-south,Standard_D4s_v3
2024-05-05 06:00:00,95.8798272,94.20385,asia-south,Standard_D4s_v3
2024-05-05 07:00:00,95.23403683,94.11758,asia-south,Standard_D4s_v3
2024-05-05 08:00:00,96.13554683,94.14046,asia-south,Standard_D4s_v3
2024-05-05 09:00:00,61.14796545,63.23014,asia-south,Standard_D4s_v3
2024-05-05 10:00:00,73.49708013,72.525764,asia-south,Standard_D4s_v3
2024-05-05 11:00:00,55.0472075,56.133373,asia-south,Standard_D4s_v3
2024-05-05 12:00:00,48.6212661,51.417225,asia-south,Standard_D4s_v3
2024-05-05 13:00:00,42.19532471,45.147552,asia-south,Standard_D4s_v3
2024-05-05 14:00:00,51.87155494,61.838882,asia-south,Standard_D4s_v3
2024-05-05 15:00:00,61.54778518,58.88574,asia-south,Standard_D4s_v3
2024-05-05 16:00:00,27.42413411,41.654552,asia-south,Standard_D4s_v3
2024-05-05 17:00:00,42.79273917,44.453426,asia-south,Standard_D4s_v3
2024-05-05 18:00:00,40.94350929,41.032566,asia-south,Standard_D4s_v3
2024-05-05 19:00:00,34.06454256,40.071922,asia-south,Standard_D4s_v3
2024-05-05 20:00:00,44.87339718,51.350647,asia-south,Standard_D4s_v3
2024-05-05 21:00:00,55.6822518,54.95488,asia-south,Standard_D4s_v3
2024-05-05 22:00:00,61.35330143,43.18429,asia-south,Standard_D4s_v3
2024-05-05 23:00:00,67.02435105,57.758125,asia-south,Standard_D4s_v3
2024-05-06 00:00:00,72.69540067,65.95055,asia-south,Standard_D4s_v3
2024-05-06 01:00:00,78.3664503,79.39008,asia-south,Standard_D4s_v3
2024-05-06 02:00:00,72.35092996,66.15784,asia-south,Standard_D4s_v3
2024-05-06 03:00:00,66.33540961,68.421,asia-south,Standard_D4s_v3
2024-05-06 04:00:00,53.33952018,61.132854,asia-south,Standard_D4s_v3
2024-05-06 05:00:00,68.13063571,67.09015,asia-south,Standard_D4s_v3
2024-05-06 06:00:00,78.67460003,78.88724,asia-south,Standard_D4s_v3
2024-05-06 07:00:00,90.68981216,93.09801,asia-south,Standard_D4s_v3
2024-05-06 08:00:00,80.39449827,78.061935,asia-south,Standard_D4s_v3
2024-05-06 09:00:00,75.38410088,70.735435,asia-south,Standard_D4s_v3
2024-05-06 10:00:00,71.54243849,67.46319,asia-south,Standard_D4s_v3
2024-05-06 11:00:00,64.21256546,63.899174,asia-south,Standard_D4s_v3
2024-05-06 12:00:00,71.27271575,62.531082,asia-south,Standard_D4s_v3
2024-05-06 13:00:00,64.80153199,59.992664,asia-south,Standard_D4s_v3
2024-05-06 14:00:00,50.79044531,49.00491,asia-south,Standard_D4s_v3
2024-05-06 15:00:00,43.68104698,42.891712,asia-south,Standard_D4s_v3
2024-05-06 16:00:00,36.57164865,36.57379,asia-south,Standard_D4s_v3
2024-05-06 17:00:00,38.27507245,40.730095,asia-south,Standard_D4s_v3
2024-05-06 18:00:00,48.77279293,46.69231,asia-south,Standard_D4s_v3
2024-05-06 19:00:00,48.23154351,42.046406,asia-south,Standard_D4s_v3
2024-05-06 20:00:00,47.6902941,47.278862,asia-south,Standard_D4s_v3
2024-05-06 21:00:00,47.14904469,47.57881,asia-south,Standard_D4s_v3
2024-05-06 22:00:00,59.5796101,51.387077,asia-south,Standard_D4s_v3
2024-05-06 23:00:00,44.95678027,45.80275,asia-south,Standard_D4s_v3
2024-05-07 00:00:00,64.35429313,64.15799,asia-south,Standard_D4s_v3
2024-05-07 01:00:00,83.75180598,80.28917,asia-south,Standard_D4s_v3
2024-05-07 02:00:00,76.07939756,83.002655,asia-south,Standard_D4s_v3
2024-05-07 03:00:00,85.53009416,83.454895,asia-south,Standard_D4s_v3
2024-05-07 04:00:00,64.84877114,70.07257,asia-south,Standard_D4s_v3
2024-05-07 05:00:00,54.53888102,59.110497,asia-south,Standard_D4s_v3
2024-05-07 06:00:00,83.23367733,71.72582,asia-south,Standard_D4s_v3
2024-05-07 07:00:00,77.45441476,64.41846,asia-south,Standard_D4s_v3
2024-05-07 08:00:00,71.67515219,72.11597,asia-south,Standard_D4s_v3
2024-05-07 09:00:00,80.25997287,79.4569,asia-south,Standard_D4s_v3
2024-05-07 10:00:00,75.73506626,76.21401,asia-south,Standard_D4s_v3
2024-05-07 11:00:00,78.71499122,78.02241,asia-south,Standard_D4s_v3
2024-05-07 12:00:00,81.69491619,79.58491,asia-south,Standard_D4s_v3
2024-05-07 13:00:00,71.38791163,70.225914,asia-south,Standard_D4s_v3
2024-05-07 14:00:00,57.38426771,56.699173,asia-south,Standard_D4s_v3
2024-05-07 15:00:00,49.75284565,50.526054,asia-south,Standard_D4s_v3
2024-05-07 16:00:00,44.75838533,45.000916,asia-south,Standard_D4s_v3
2024-05-07 17:00:00,46.26024431,50.643604,asia-south,Standard_D4s_v3
2024-05-07 18:00:00,57.38692467,55.041367,asia-south,Standard_D4s_v3
2024-05-07 19:00:00,48.96514652,37.290905,asia-south,Standard_D4s_v3
2024-05-07 20:00:00,40.54336838,42.045322,asia-south,Standard_D4s_v3
2024-05-07 21:00:00,33.17301445,35.205,asia-south,Standard_D4s_v3
2024-05-07 22:00:00,44.23099273,40.915367,asia-south,Standard_D4s_v3
2024-05-07 23:00:00,54.41854988,53.808723,asia-south,Standard_D4s_v3
2024-05-08 00:00:00,55.10810267,58.85673,asia-south,Standard_D4s_v3
2024-05-08 01:00:00,55.79765547,57.841175,asia-south,Standard_D4s_v3
2024-05-08 02:00:00,59.18958156,60.361996,asia-south,Standard_D4s_v3
2024-05-08 03:00:00,89.2271779,79.06655,asia-south,Standard_D4s_v3
2024-05-08 04:00:00,74.63787999,78.94638,asia-south,Standard_D4s_v3
2024-05-08 05:00:00,76.49666367,77.118065,asia-south,Standard_D4s_v3
2024-05-08 06:00:00,58.30333237,62.224476,asia-south,Standard_D4s_v3
2024-05-08 07:00:00,91.63453047,91.52828,asia-south,Standard_D4s_v3
2024-05-08 08:00:00,83.70270433,81.68614,asia-south,Standard_D4s_v3
2024-05-08 09:00:00,75.77087818,74.75267,asia-south,Standard_D4s_v3
2024-05-08 10:00:00,67.83905204,68.53961,asia-south,Standard_D4s_v3
2024-05-08 11:00:00,66.05891972,64.91061,asia-south,Standard_D4s_v3
2024-05-08 12:00:00,80.93065108,74.45558,asia-south,Standard_D4s_v3
2024-05-08 13:00:00,54.22537796,55.181374,asia-south,Standard_D4s_v3
2024-05-08 14:00:00,49.59307711,48.385643,asia-south,Standard_D4s_v3
2024-05-08 15:00:00,50.59427167,49.295544,asia-south,Standard_D4s_v3
2024-05-08 16:00:00,40.7785251,46.047054,asia-south,Standard_D4s_v3
2024-05-08 17:00:00,30.96277852,35.717926,asia-south,Standard_D4s_v3
2024-05-08 18:00:00,41.60216936,41.51965,asia-south,Standard_D4s_v3
2024-05-08 19:00:00,45.21580503,44.194523,asia-south,Standard_D4s_v3
2024-05-08 20:00:00,28.03634664,30.714514,asia-south,Standard_D4s_v3
2024-05-08 21:00:00,46.50113405,42.78785,asia-south,Standard_D4s_v3
2024-05-08 22:00:00,64.96592146,56.209473,asia-south,Standard_D4s_v3
2024-05-08 23:00:00,40.5108003,41.976654,asia-south,Standard_D4s_v3
2024-05-09 00:00:00,42.32060155,42.836708,asia-south,Standard_D4s_v3
2024-05-09 01:00:00,89.83553878,80.351654,asia-south,Standard_D4s_v3
2024-05-09 02:00:00,61.91667119,67.73541,asia-south,Standard_D4s_v3
2024-05-09 03:00:00,69.14933896,67.68173,asia-south,Standard_D4s_v3
2024-05-09 04:00:00,95.93865067,94.68994,asia-south,Standard_D4s_v3
2024-05-09 05:00:00,75.6448923,79.63915,asia-south,Standard_D4s_v3
2024-05-09 06:00:00,84.52184393,82.984566,asia-south,Standard_D4s_v3
2024-05-09 07:00:00,67.72342986,68.48237,asia-south,Standard_D4s_v3
2024-05-09 08:00:00,93.48883715,95.055435,asia-south,Standard_D4s_v3
2024-05-09 09:00:00,84.24702795,82.32134,asia-south,Standard_D4s_v3
2024-05-09 10:00:00,68.62594524,69.51545,asia-south,Standard_D4s_v3
2024-05-09 11:00:00,66.17443614,65.60542,asia-south,Standard_D4s_v3
2024-05-09 12:00:00,70.6923934,68.93642,asia-south,Standard_D4s_v3
2024-05-09 13:00:00,57.61049844,60.952534,asia-south,Standard_D4s_v3
2024-05-09 14:00:00,59.28476667,54.776604,asia-south,Standard_D4s_v3
2024-05-09 15:00:00,54.8554741,52.41578,asia-south,Standard_D4s_v3
2024-05-09 16:00:00,50.42618153,49.077953,asia-south,Standard_D4s_v3
2024-05-09 17:00:00,34.49635428,37.00868,asia-south,Standard_D4s_v3
2024-05-09 18:00:00,46.80711662,43.390705,asia-south,Standard_D4s_v3
2024-05-09 19:00:00,45.02206295,45.944546,asia-south,Standard_D4s_v3
2024-05-09 20:00:00,39.48660248,40.903812,asia-south,Standard_D4s_v3
2024-05-09 21:00:00,58.21206817,56.699364,asia-south,Standard_D4s_v3
2024-05-09 22:00:00,27.66665334,30.847258,asia-south,Standard_D4s_v3
2024-05-09 23:00:00,63.79060776,56.06351,asia-south,Standard_D4s_v3
2024-05-10 00:00:00,66.66080295,67.389114,asia-south,Standard_D4s_v3
2024-05-10 01:00:00,56.66569542,63.25528,asia-south,Standard_D4s_v3
2024-05-10 02:00:00,85.0371309,80.46261,asia-south,Standard_D4s_v3
2024-05-10 03:00:00,65.62703849,67.849525,asia-south,Standard_D4s_v3
2024-05-10 04:00:00,76.45174135,76.86966,asia-south,Standard_D4s_v3
2024-05-10 05:00:00,71.64129386,72.704475,asia-south,Standard_D4s_v3
2024-05-10 06:00:00,68.1497582,69.072,asia-south,Standard_D4s_v3
2024-05-10 07:00:00,68.19946449,66.80044,asia-south,Standard_D4s_v3
2024-05-10 08:00:00,89.07021467,82.343346,asia-south,Standard_D4s_v3
2024-05-10 09:00:00,88.04386149,85.65965,asia-south,Standard_D4s_v3
2024-05-10 10:00:00,72.52898391,82.46187,asia-south,Standard_D4s_v3
2024-05-10 11:00:00,57.01410633,67.69828,asia-south,Standard_D4s_v3
2024-05-10 12:00:00,74.6869587,72.46959,asia-south,Standard_D4s_v3
2024-05-10 13:00:00,53.15998079,61.841908,asia-south,Standard_D4s_v3
2024-05-10 14:00:00,43.42074179,43.663704,asia-south,Standard_D4s_v3
2024-05-10 15:00:00,27.92030101,29.76921,asia-south,Standard_D4s_v3
2024-05-10 16:00:00,59.46370427,59.651924,asia-south,Standard_D4s_v3
2024-05-10 17:00:00,51.50661518,50.541183,asia-south,Standard_D4s_v3
2024-05-10 18:00:00,39.76286836,42.963352,asia-south,Standard_D4s_v3
2024-05-10 19:00:00,40.93333897,45.258797,asia-south,Standard_D4s_v3
2024-05-10 20:00:00,55.90753375,46.35357,asia-south,Standard_D4s_v3
2024-05-10 21:00:00,28.93132479,36.43571,asia-south,Standard_D4s_v3
2024-05-10 22:00:00,53.34743421,53.20117,asia-south,Standard_D4s_v3
2024-05-10 23:00:00,48.42338583,48.189625,asia-south,Standard_D4s_v3
2024-05-11 00:00:00,54.12654837,55.085278,asia-south,Standard_D4s_v3
2024-05-11 01:00:00,80.47561267,71.61358,asia-south,Standard_D4s_v3
2024-05-11 02:00:00,78.43027729,63.59502,asia-south,Standard_D4s_v3
2024-05-11 03:00:00,76.38494191,63.399227,asia-south,Standard_D4s_v3
2024-05-11 04:00:00,74.33960653,71.2482,asia-south,Standard_D4s_v3
2024-05-11 05:00:00,72.29427115,71.93049,asia-south,Standard_D4s_v3
2024-05-11 06:00:00,94.45232706,95.45084,asia-south,Standard_D4s_v3
2024-05-11 07:00:00,58.37801406,69.222984,asia-south,Standard_D4s_v3
2024-05-11 08:00:00,96.0374166,92.58697,asia-south,Standard_D4s_v3
2024-05-11 09:00:00,85.00081652,84.23438,asia-south,Standard_D4s_v3
2024-05-11 10:00:00,59.66665809,59.18536,asia-south,Standard_D4s_v3
2024-05-11 11:00:00,64.21548201,71.14432,asia-south,Standard_D4s_v3
2024-05-11 12:00:00,68.76430593,67.947296,asia-south,Standard_D4s_v3
2024-05-11 13:00:00,77.04556593,54.815777,asia-south,Standard_D4s_v3
2024-05-11 14:00:00,38.38546259,40.45197,asia-south,Standard_D4s_v3
2024-05-11 15:00:00,44.53211915,43.437794,asia-south,Standard_D4s_v3
2024-05-11 16:00:00,42.51955111,42.84418,asia-south,Standard_D4s_v3
2024-05-11 17:00:00,41.72202226,38.516872,asia-south,Standard_D4s_v3
2024-05-11 18:00:00,20.19332622,33.275463,asia-south,Standard_D4s_v3
2024-05-11 19:00:00,44.53180072,44.366497,asia-south,Standard_D4s_v3
2024-05-11 20:00:00,52.92266992,51.56877,asia-south,Standard_D4s_v3
2024-05-11 21:00:00,45.56471738,46.094532,asia-south,Standard_D4s_v3
2024-05-11 22:00:00,40.26463495,48.999386,asia-south,Standard_D4s_v3
2024-05-11 23:00:00,57.94534729,52.777103,asia-south,Standard_D4s_v3
2024-05-12 00:00:00,49.26656263,51.333946,asia-south,Standard_D4s_v3
2024-05-12 01:00:00,42.42632938,46.68721,asia-south,Standard_D4s_v3
2024-05-12 02:00:00,58.24606781,58.913685,asia-south,Standard_D4s_v3
2024-05-12 03:00:00,60.69364568,60.45242,asia-south,Standard_D4s_v3
2024-05-12 04:00:00,85.52514477,79.85033,asia-south,Standard_D4s_v3
2024-05-12 05:00:00,91.68417486,90.53623,asia-south,Standard_D4s_v3
2024-05-12 06:00:00,93.66441391,88.29305,asia-south,Standard_D4s_v3
2024-05-12 07:00:00,95.64465296,94.68179,asia-south,Standard_D4s_v3
2024-05-12 08:00:00,78.02999118,76.54088,asia-south,Standard_D4s_v3
2024-05-12 09:00:00,76.66899105,77.076546,asia-south,Standard_D4s_v3
2024-05-12 10:00:00,70.66516947,77.84359,asia-south,Standard_D4s_v3
2024-05-12 11:00:00,64.66134788,65.47096,asia-south,Standard_D4s_v3
2024-05-12 12:00:00,54.2385403,56.26129,asia-south,Standard_D4s_v3
2024-05-12 13:00:00,66.18368532,58.30986,asia-south,Standard_D4s_v3
2024-05-12 14:00:00,55.2578328,54.837322,asia-south,Standard_D4s_v3
2024-05-12 15:00:00,47.13427342,46.109856,asia-south,Standard_D4s_v3
2024-05-12 16:00:00,43.40360483,44.58386,asia-south,Standard_D4s_v3
2024-05-12 17:00:00,36.80264769,41.885605,asia-south,Standard_D4s_v3
2024-05-12 18:00:00,39.95082405,54.699604,asia-south,Standard_D4s_v3
2024-05-12 19:00:00,43.09900042,42.707153,asia-south,Standard_D4s_v3
2024-05-12 20:00:00,45.6556756,58.214504,asia-south,Standard_D4s_v3
2024-05-12 21:00:00,48.21235078,46.15654,asia-south,Standard_D4s_v3
2024-05-12 22:00:00,64.19949042,61.989864,asia-south,Standard_D4s_v3
2024-05-12 23:00:00,59.71692633,58.707367,asia-south,Standard_D4s_v3
2024-05-13 00:00:00,78.62900826,76.73383,asia-south,Standard_D4s_v3
2024-05-13 01:00:00,65.51009198,66.199486,asia-south,Standard_D4s_v3
2024-05-13 02:00:00,52.3911757,54.635822,asia-south,Standard_D4s_v3
2024-05-13 03:00:00,75.18522818,67.66982,asia-south,Standard_D4s_v3
2024-05-13 04:00:00,84.91464202,71.067055,asia-south,Standard_D4s_v3
2024-05-13 05:00:00,66.80698432,64.765945,asia-south,Standard_D4s_v3
2024-05-13 06:00:00,86.03763301,70.016174,asia-south,Standard_D4s_v3
2024-05-13 07:00:00,50.90776484,55.989407,asia-south,Standard_D4s_v3
2024-05-13 08:00:00,96.69409731,91.7804,asia-south,Standard_D4s_v3
2024-05-13 09:00:00,92.24741812,92.72386,asia-south,Standard_D4s_v3
2024-05-13 10:00:00,87.80073893,73.74169,asia-south,Standard_D4s_v3
2024-05-13 11:00:00,83.35405975,78.47883,asia-south,Standard_D4s_v3
2024-05-13 12:00:00,74.39355597,75.14756,asia-south,Standard_D4s_v3
2024-05-13 13:00:00,67.73364926,56.587585,asia-south,Standard_D4s_v3
2024-05-13 14:00:00,61.07374255,44.164673,asia-south,Standard_D4s_v3
2024-05-13 15:00:00,54.41383585,54.35242,asia-south,Standard_D4s_v3
2024-05-13 16:00:00,61.47783453,63.13592,asia-south,Standard_D4s_v3
2024-05-13 17:00:00,56.49185569,56.717365,asia-south,Standard_D4s_v3
2024-05-13 18:00:00,36.39184186,39.447365,asia-south,Standard_D4s_v3
2024-05-13 19:00:00,37.45277931,38.179367,asia-south,Standard_D4s_v3
2024-05-13 20:00:00,37.9884637,39.674824,asia-south,Standard_D4s_v3
2024-05-13 21:00:00,49.35546841,47.27674,asia-south,Standard_D4s_v3
2024-05-13 22:00:00,46.88590718,54.10597,asia-south,Standard_D4s_v3
2024-05-13 23:00:00,44.41634595,47.060448,asia-south,Standard_D4s_v3
2024-05-14 00:00:00,67.36553997,57.53857,asia-south,Standard_D4s_v3
2024-05-14 01:00:00,68.25207588,65.472206,asia-south,Standard_D4s_v3
2024-05-14 02:00:00,48.37389868,49.735104,asia-south,Standard_D4s_v3
2024-05-14 03:00:00,50.95345285,51.898335,asia-south,Standard_D4s_v3
2024-05-14 04:00:00,68.10034412,68.91957,asia-south,Standard_D4s_v3
2024-05-14 05:00:00,87.80490761,83.08175,asia-south,Standard_D4s_v3
2024-05-14 06:00:00,58.57989188,62.34814,asia-south,Standard_D4s_v3
2024-05-14 07:00:00,93.08786771,92.89657,asia-south,Standard_D4s_v3
2024-05-14 08:00:00,86.51315869,83.68695,asia-south,Standard_D4s_v3
2024-05-14 09:00:00,75.85867332,77.8899,asia-south,Standard_D4s_v3
2024-05-14 10:00:00,65.20418795,64.127235,asia-south,Standard_D4s_v3
2024-05-14 11:00:00,51.3412699,54.064266,asia-south,Standard_D4s_v3
2024-05-14 12:00:00,48.68265835,55.3106,asia-south,Standard_D4s_v3
2024-05-14 13:00:00,46.0240468,46.383686,asia-south,Standard_D4s_v3
2024-05-14 14:00:00,75.16499066,73.67212,asia-south,Standard_D4s_v3
2024-05-14 15:00:00,63.02484688,56.557877,asia-south,Standard_D4s_v3
2024-05-14 16:00:00,50.88470309,51.10261,asia-south,Standard_D4s_v3
2024-05-14 17:00:00,42.46561096,45.170994,asia-south,Standard_D4s_v3
2024-05-14 18:00:00,45.74976914,45.303204,asia-south,Standard_D4s_v3
2024-05-14 19:00:00,49.03392731,50.252113,asia-south,Standard_D4s_v3
2024-05-14 20:00:00,52.69063664,55.64329,asia-south,Standard_D4s_v3
2024-05-14 21:00:00,29.56040972,39.03086,asia-south,Standard_D4s_v3
2024-05-14 22:00:00,49.73339387,58.09785,asia-south,Standard_D4s_v3
2024-05-14 23:00:00,69.90637802,60.887012,asia-south,Standard_D4s_v3
2024-05-15 00:00:00,63.80811094,64.570656,asia-south,Standard_D4s_v3
2024-05-15 01:00:00,56.17659868,57.709858,asia-south,Standard_D4s_v3
2024-05-15 02:00:00,50.6372173,53.043526,asia-south,Standard_D4s_v3
2024-05-15 03:00:00,47.57656111,58.456688,asia-south,Standard_D4s_v3
2024-05-15 04:00:00,90.48315618,92.314606,asia-south,Standard_D4s_v3
2024-05-15 05:00:00,92.81158383,90.65763,asia-south,Standard_D4s_v3
2024-05-15 06:00:00,88.54760731,78.152725,asia-south,Standard_D4s_v3
2024-05-15 07:00:00,74.4198291,74.360504,asia-south,Standard_D4s_v3
2024-05-15 08:00:00,76.56925297,75.66554,asia-south,Standard_D4s_v3
2024-05-15 09:00:00,73.58697149,78.351776,asia-south,Standard_D4s_v3
2024-05-15 10:00:00,73.24287255,75.125175,asia-south,Standard_D4s_v3
2024-05-15 11:00:00,73.17864381,71.75956,asia-south,Standard_D4s_v3
2024-05-15 12:00:00,61.45895636,61.133884,asia-south,Standard_D4s_v3
2024-05-15 13:00:00,59.94189864,60.125206,asia-south,Standard_D4s_v3
2024-05-15 14:00:00,45.66109645,45.93838,asia-south,Standard_D4s_v3
2024-05-15 15:00:00,42.34179619,44.175587,asia-south,Standard_D4s_v3
2024-05-15 16:00:00,40.30868823,38.89007,asia-south,Standard_D4s_v3
2024-05-15 17:00:00,49.44363829,51.050247,asia-south,Standard_D4s_v3
2024-05-15 18:00:00,49.93438215,48.702072,asia-south,Standard_D4s_v3
2024-05-15 19:00:00,47.49052365,49.60442,asia-south,Standard_D4s_v3
2024-05-15 20:00:00,45.04666515,46.816093,asia-south,Standard_D4s_v3
2024-05-15 21:00:00,67.14534532,62.987892,asia-south,Standard_D4s_v3
2024-05-15 22:00:00,47.65265799,55.192158,asia-south,Standard_D4s_v3
2024-05-15 23:00:00,63.00109319,62.4733,asia-south,Standard_D4s_v3
2024-05-16 00:00:00,61.70028778,62.948784,asia-south,Standard_D4s_v3
2024-05-16 01:00:00,48.54993033,51.49024,asia-south,Standard_D4s_v3
2024-05-16 02:00:00,70.02903261,60.61211,asia-south,Standard_D4s_v3
2024-05-16 03:00:00,82.28866971,79.162704,asia-south,Standard_D4s_v3
2024-05-16 04:00:00,81.90881995,79.76585,asia-south,Standard_D4s_v3
2024-05-16 05:00:00,66.08873657,72.52891,asia-south,Standard_D4s_v3
2024-05-16 06:00:00,83.91695511,81.92169,asia-south,Standard_D4s_v3
2024-05-16 07:00:00,69.66841729,72.80349,asia-south,Standard_D4s_v3
2024-05-16 08:00:00,58.96805706,70.937096,asia-south,Standard_D4s_v3
2024-05-16 09:00:00,48.26769683,59.995766,asia-south,Standard_D4s_v3
2024-05-16 10:00:00,68.43230417,67.025215,asia-south,Standard_D4s_v3
2024-05-16 11:00:00,55.36460699,53.93207,asia-south,Standard_D4s_v3
2024-05-16 12:00:00,42.29690982,49.6762,asia-south,Standard_D4s_v3
2024-05-16 13:00:00,75.76763218,75.25587,asia-south,Standard_D4s_v3
2024-05-16 14:00:00,71.43167619,59.45024,asia-south,Standard_D4s_v3
2024-05-16 15:00:00,67.09572021,66.93726,asia-south,Standard_D4s_v3
2024-05-16 16:00:00,61.05222987,46.829826,asia-south,Standard_D4s_v3
2024-05-16 17:00:00,55.00873952,42.44863,asia-south,Standard_D4s_v3
2024-05-16 18:00:00,48.96524917,48.460045,asia-south,Standard_D4s_v3
2024-05-16 19:00:00,49.43234507,51.3885,asia-south,Standard_D4s_v3
2024-05-16 20:00:00,65.72125689,63.558758,asia-south,Standard_D4s_v3
2024-05-16 21:00:00,40.18309153,47.0645,asia-south,Standard_D4s_v3
2024-05-16 22:00:00,44.84504666,52.51698,asia-south,Standard_D4s_v3
2024-05-16 23:00:00,72.64101515,69.309235,asia-south,Standard_D4s_v3
2024-05-17 00:00:00,69.37708849,69.490074,asia-south,Standard_D4s_v3
2024-05-17 01:00:00,76.1596333,76.77966,asia-south,Standard_D4s_v3
2024-05-17 02:00:00,66.26104451,69.16666,asia-south,Standard_D4s_v3
2024-05-17 03:00:00,75.42113858,64.624954,asia-south,Standard_D4s_v3
2024-05-17 04:00:00,84.58123264,81.607704,asia-south,Standard_D4s_v3
2024-05-17 05:00:00,93.7413267,93.04711,asia-south,Standard_D4s_v3
2024-05-17 06:00:00,96.31989142,95.245255,asia-south,Standard_D4s_v3
2024-05-17 07:00:00,77.01625042,77.935394,asia-south,Standard_D4s_v3
2024-05-17 08:00:00,70.74091839,73.52587,asia-south,Standard_D4s_v3
2024-05-17 09:00:00,64.46558637,71.81438,asia-south,Standard_D4s_v3
2024-05-17 10:00:00,85.91746369,83.23857,asia-south,Standard_D4s_v3
2024-05-17 11:00:00,80.49429002,60.061646,asia-south,Standard_D4s_v3
2024-05-17 12:00:00,75.07111635,77.23274,asia-south,Standard_D4s_v3
2024-05-17 13:00:00,54.5919444,57.318935,asia-south,Standard_D4s_v3
2024-05-17 14:00:00,57.71586059,54.300293,asia-south,Standard_D4s_v3
2024-05-17 15:00:00,59.20854553,59.68121,asia-south,Standard_D4s_v3
2024-05-17 16:00:00,41.85061346,42.990772,asia-south,Standard_D4s_v3
2024-05-17 17:00:00,23.18877904,24.22327,asia-south,Standard_D4s_v3
2024-05-17 18:00:00,36.11769311,35.46867,asia-south,Standard_D4s_v3
2024-05-17 19:00:00,31.71389652,35.718624,asia-south,Standard_D4s_v3
2024-05-17 20:00:00,60.14508263,59.114384,asia-south,Standard_D4s_v3
2024-05-17 21:00:00,51.39814844,54.23386,asia-south,Standard_D4s_v3
2024-05-17 22:00:00,55.56525127,52.840622,asia-south,Standard_D4s_v3
2024-05-17 23:00:00,59.7323541,63.92224,asia-south,Standard_D4s_v3
2024-05-18 00:00:00,63.89945693,64.54115,asia-south,Standard_D4s_v3
2024-05-18 01:00:00,38.3699256,41.16359,asia-south,Standard_D4s_v3
2024-05-18 02:00:00,78.92842227,79.745125,asia-south,Standard_D4s_v3
2024-05-18 03:00:00,79.58954174,78.440796,asia-south,Standard_D4s_v3
2024-05-18 04:00:00,71.14343281,72.69392,asia-south,Standard_D4s_v3
2024-05-18 05:00:00,70.64097426,74.1884,asia-south,Standard_D4s_v3
2024-05-18 06:00:00,76.8492898,75.49285,asia-south,Standard_D4s_v3
2024-05-18 07:00:00,88.89101654,80.783585,asia-south,Standard_D4s_v3
2024-05-18 08:00:00,63.33848581,66.632996,asia-south,Standard_D4s_v3
2024-05-18 09:00:00,58.91116648,60.80704,asia-south,Standard_D4s_v3
2024-05-18 10:00:00,72.30732346,68.84382,asia-south,Standard_D4s_v3
2024-05-18 11:00:00,63.27163153,62.58158,asia-south,Standard_D4s_v3
2024-05-18 12:00:00,66.28719631,59.48015,asia-south,Standard_D4s_v3
2024-05-18 13:00:00,69.3027611,68.24826,asia-south,Standard_D4s_v3
2024-05-18 14:00:00,57.46402796,59.27805,asia-south,Standard_D4s_v3
2024-05-18 15:00:00,45.62529483,50.797478,asia-south,Standard_D4s_v3
2024-05-18 16:00:00,51.97238015,51.024265,asia-south,Standard_D4s_v3
2024-05-18 17:00:00,50.15964325,49.258633,asia-south,Standard_D4s_v3
2024-05-18 18:00:00,38.25632938,39.176277,asia-south,Standard_D4s_v3
2024-05-18 19:00:00,20.05788652,29.741909,asia-south,Standard_D4s_v3
2024-05-18 20:00:00,57.28077022,57.512405,asia-south,Standard_D4s_v3
2024-05-18 21:00:00,53.05584326,51.767567,asia-south,Standard_D4s_v3
2024-05-18 22:00:00,50.16314765,46.547466,asia-south,Standard_D4s_v3
2024-05-18 23:00:00,37.81251225,39.351837,asia-south,Standard_D4s_v3
2024-05-19 00:00:00,63.12985088,62.99373,asia-south,Standard_D4s_v3
2024-05-19 01:00:00,83.30368383,80.04058,asia-south,Standard_D4s_v3
2024-05-19 02:00:00,85.55303085,83.06809,asia-south,Standard_D4s_v3
2024-05-19 03:00:00,78.48662126,61.288624,asia-south,Standard_D4s_v3
2024-05-19 04:00:00,71.42021168,73.0538,asia-south,Standard_D4s_v3
2024-05-19 05:00:00,96.71005397,94.91694,asia-south,Standard_D4s_v3
2024-05-19 06:00:00,69.98342553,78.26817,asia-south,Standard_D4s_v3
2024-05-19 07:00:00,70.22553284,84.104965,asia-south,Standard_D4s_v3
2024-05-19 08:00:00,70.46764015,75.87566,asia-south,Standard_D4s_v3
2024-05-19 09:00:00,93.74356331,93.22401,asia-south,Standard_D4s_v3
2024-05-19 10:00:00,97.42660719,92.58149,asia-south,Standard_D4s_v3
2024-05-19 11:00:00,58.73318704,60.56004,asia-south,Standard_D4s_v3
2024-05-19 12:00:00,61.21113492,62.98013,asia-south,Standard_D4s_v3
2024-05-19 13:00:00,52.51443026,50.596287,asia-south,Standard_D4s_v3
2024-05-19 14:00:00,67.24718968,65.86209,asia-south,Standard_D4s_v3
2024-05-19 15:00:00,41.04474249,42.843575,asia-south,Standard_D4s_v3
2024-05-19 16:00:00,36.08037882,37.90889,asia-south,Standard_D4s_v3
2024-05-19 17:00:00,56.80800914,52.90812,asia-south,Standard_D4s_v3
2024-05-19 18:00:00,46.03598758,48.342735,asia-south,Standard_D4s_v3
2024-05-19 19:00:00,35.26396601,36.921345,asia-south,Standard_D4s_v3
2024-05-19 20:00:00,38.90167687,39.20922,asia-south,Standard_D4s_v3
2024-05-19 21:00:00,45.88009161,44.925888,asia-south,Standard_D4s_v3
2024-05-19 22:00:00,52.82330448,49.602577,asia-south,Standard_D4s_v3
2024-05-19 23:00:00,50.42211576,50.961308,asia-south,Standard_D4s_v3
2024-05-20 00:00:00,67.12190209,64.80317,asia-south,Standard_D4s_v3
2024-05-20 01:00:00,69.45939654,66.89598,asia-south,Standard_D4s_v3
2024-05-20 02:00:00,74.05585137,74.86926,asia-south,Standard_D4s_v3
2024-05-20 03:00:00,76.96850031,74.23502,asia-south,Standard_D4s_v3
2024-05-20 04:00:00,65.515008,66.07723,asia-south,Standard_D4s_v3
2024-05-20 05:00:00,51.15734904,53.488026,asia-south,Standard_D4s_v3
2024-05-20 06:00:00,65.78074004,62.13403,asia-south,Standard_D4s_v3
2024-05-20 07:00:00,76.90305879,76.85025,asia-south,Standard_D4s_v3
2024-05-20 08:00:00,65.37489363,67.92409,asia-south,Standard_D4s_v3
2024-05-20 09:00:00,79.07703074,79.11918,asia-south,Standard_D4s_v3
2024-05-20 10:00:00,72.0820181,56.79452,asia-south,Standard_D4s_v3
2024-05-20 11:00:00,65.08700546,55.03189,asia-south,Standard_D4s_v3
2024-05-20 12:00:00,58.09199281,54.348156,asia-south,Standard_D4s_v3
2024-05-20 13:00:00,51.09698017,49.600254,asia-south,Standard_D4s_v3
2024-05-20 14:00:00,44.29744417,49.57969,asia-south,Standard_D4s_v3
2024-05-20 15:00:00,51.95870184,54.33346,asia-south,Standard_D4s_v3
2024-05-20 16:00:00,66.55737505,61.03343,asia-south,Standard_D4s_v3
2024-05-20 17:00:00,52.09866176,52.040035,asia-south,Standard_D4s_v3
2024-05-20 18:00:00,50.66145772,49.50467,asia-south,Standard_D4s_v3
2024-05-20 19:00:00,45.33536593,49.136887,asia-south,Standard_D4s_v3
2024-05-20 20:00:00,47.02962105,49.52128,asia-south,Standard_D4s_v3
2024-05-20 21:00:00,48.72387617,47.336044,asia-south,Standard_D4s_v3
2024-05-20 22:00:00,56.37902972,51.289524,asia-south,Standard_D4s_v3
2024-05-20 23:00:00,50.64407766,49.70783,asia-south,Standard_D4s_v3
2024-05-21 00:00:00,45.79015419,47.93775,asia-south,Standard_D4s_v3
2024-05-21 01:00:00,54.25974803,56.720016,asia-south,Standard_D4s_v3
2024-05-21 02:00:00,74.69908665,74.1418,asia-south,Standard_D4s_v3
2024-05-21 03:00:00,52.52735845,54.471962,asia-south,Standard_D4s_v3
2024-05-21 04:00:00,69.45188523,69.127975,asia-south,Standard_D4s_v3
2024-05-21 05:00:00,70.6770532,73.63181,asia-south,Standard_D4s_v3
2024-05-21 06:00:00,78.77432866,83.7295,asia-south,Standard_D4s_v3
2024-05-21 07:00:00,86.87160412,82.68189,asia-south,Standard_D4s_v3
2024-05-21 08:00:00,90.57152341,93.08991,asia-south,Standard_D4s_v3
2024-05-21 09:00:00,80.34622614,78.03018,asia-south,Standard_D4s_v3
2024-05-21 10:00:00,53.81793743,54.386795,asia-south,Standard_D4s_v3
2024-05-21 11:00:00,58.47065984,54.311295,asia-south,Standard_D4s_v3
2024-05-21 12:00:00,60.1343089,57.835083,asia-south,Standard_D4s_v3
2024-05-21 13:00:00,41.00028563,45.366844,asia-south,Standard_D4s_v3
2024-05-21 14:00:00,42.46862355,43.18656,asia-south,Standard_D4s_v3
2024-05-21 15:00:00,47.46240099,46.6023,asia-south,Standard_D4s_v3
2024-05-21 16:00:00,43.16320589,46.508007,asia-south,Standard_D4s_v3
2024-05-21 17:00:00,40.75419962,40.396435,asia-south,Standard_D4s_v3
2024-05-21 18:00:00,38.14752773,37.883064,asia-south,Standard_D4s_v3
2024-05-21 19:00:00,31.27358554,29.428352,asia-south,Standard_D4s_v3
2024-05-21 20:00:00,42.71679417,40.80616,asia-south,Standard_D4s_v3
2024-05-21 21:00:00,41.61019057,42.045353,asia-south,Standard_D4s_v3
2024-05-21 22:00:00,51.2247052,49.498165,asia-south,Standard_D4s_v3
2024-05-21 23:00:00,35.6893968,39.358303,asia-south,Standard_D4s_v3
2024-05-22 00:00:00,78.88344915,69.9884,asia-south,Standard_D4s_v3
2024-05-22 01:00:00,48.04659609,51.422447,asia-south,Standard_D4s_v3
2024-05-22 02:00:00,86.10461092,79.82246,asia-south,Standard_D4s_v3
2024-05-22 03:00:00,50.2210546,63.89822,asia-south,Standard_D4s_v3
2024-05-22 04:00:00,65.85463836,73.797,asia-south,Standard_D4s_v3
2024-05-22 05:00:00,81.48822213,79.17655,asia-south,Standard_D4s_v3
2024-05-22 06:00:00,77.03926599,82.412384,asia-south,Standard_D4s_v3
2024-05-22 07:00:00,84.96056673,86.65618,asia-south,Standard_D4s_v3
2024-05-22 08:00:00,92.88186746,92.67136,asia-south,Standard_D4s_v3
2024-05-22 09:00:00,65.23750459,71.85692,asia-south,Standard_D4s_v3
2024-05-22 10:00:00,37.59314173,41.167923,asia-south,Standard_D4s_v3
2024-05-22 11:00:00,71.8683881,62.42162,asia-south,Standard_D4s_v3
2024-05-22 12:00:00,69.3242316,71.318855,asia-south,Standard_D4s_v3
2024-05-22 13:00:00,49.09294915,50.129215,asia-south,Standard_D4s_v3
2024-05-22 14:00:00,68.49582907,65.14961,asia-south,Standard_D4s_v3
2024-05-22 15:00:00,49.3709265,50.097336,asia-south,Standard_D4s_v3
2024-05-22 16:00:00,61.18172544,54.13933,asia-south,Standard_D4s_v3
2024-05-22 17:00:00,72.99252438,71.09843,asia-south,Standard_D4s_v3
2024-05-22 18:00:00,32.19511592,34.507835,asia-south,Standard_D4s_v3
2024-05-22 19:00:00,46.48684361,43.462254,asia-south,Standard_D4s_v3
2024-05-22 20:00:00,46.1189973,52.070576,asia-south,Standard_D4s_v3
2024-05-22 21:00:00,45.75115099,45.010372,asia-south,Standard_D4s_v3
2024-05-22 22:00:00,80.45515385,76.9017,asia-south,Standard_D4s_v3
2024-05-22 23:00:00,65.2135058,64.705,asia-south,Standard_D4s_v3
2024-05-23 00:00:00,52.99569707,62.927467,asia-south,Standard_D4s_v3
2024-05-23 01:00:00,62.4355443,62.33919,asia-south,Standard_D4s_v3
2024-05-23 02:00:00,75.1509322,74.758644,asia-south,Standard_D4s_v3
2024-05-23 03:00:00,70.33127883,74.94354,asia-south,Standard_D4s_v3
2024-05-23 04:00:00,65.51162546,80.790405,asia-south,Standard_D4s_v3
2024-05-23 05:00:00,60.69197208,66.59914,asia-south,Standard_D4s_v3
2024-05-23 06:00:00,61.07017268,61.73986,asia-south,Standard_D4s_v3
2024-05-23 07:00:00,85.56259551,81.16799,asia-south,Standard_D4s_v3
2024-05-23 08:00:00,91.0074004,92.95334,asia-south,Standard_D4s_v3
2024-05-23 09:00:00,60.96927207,61.86398,asia-south,Standard_D4s_v3
2024-05-23 10:00:00,45.81436551,49.278385,asia-south,Standard_D4s_v3
2024-05-23 11:00:00,71.12002926,68.15211,asia-south,Standard_D4s_v3
2024-05-23 12:00:00,70.8228569,74.22415,asia-south,Standard_D4s_v3
2024-05-23 13:00:00,40.56816906,45.77153,asia-south,Standard_D4s_v3
2024-05-23 14:00:00,40.14923759,33.105263,asia-south,Standard_D4s_v3
2024-05-23 15:00:00,39.73030612,39.285038,asia-south,Standard_D4s_v3
2024-05-23 16:00:00,39.31137465,39.49609,asia-south,Standard_D4s_v3
2024-05-23 17:00:00,39.70471455,34.348408,asia-south,Standard_D4s_v3
2024-05-23 18:00:00,25.25537104,24.15958,asia-south,Standard_D4s_v3
2024-05-23 19:00:00,35.46325035,35.31585,asia-south,Standard_D4s_v3
2024-05-23 20:00:00,37.96159709,42.60362,asia-south,Standard_D4s_v3
2024-05-23 21:00:00,42.96279678,42.641994,asia-south,Standard_D4s_v3
2024-05-23 22:00:00,57.84378894,55.35197,asia-south,Standard_D4s_v3
2024-05-23 23:00:00,62.71249175,60.796314,asia-south,Standard_D4s_v3
2024-05-24 00:00:00,64.31970506,64.989296,asia-south,Standard_D4s_v3
2024-05-24 01:00:00,49.19795547,50.694717,asia-south,Standard_D4s_v3
2024-05-24 02:00:00,69.80326571,66.82874,asia-south,Standard_D4s_v3
2024-05-24 03:00:00,68.66178553,64.791275,asia-south,Standard_D4s_v3
2024-05-24 04:00:00,67.52030536,68.44278,asia-south,Standard_D4s_v3
2024-05-24 05:00:00,73.94691227,73.332184,asia-south,Standard_D4s_v3
2024-05-24 06:00:00,79.62539838,53.957886,asia-south,Standard_D4s_v3
2024-05-24 07:00:00,85.30388448,78.025536,asia-south,Standard_D4s_v3
2024-05-24 08:00:00,89.31958759,81.83947,asia-south,Standard_D4s_v3
2024-05-24 09:00:00,68.24079049,73.912735,asia-south,Standard_D4s_v3
2024-05-24 10:00:00,84.77205005,80.39149,asia-south,Standard_D4s_v3
2024-05-24 11:00:00,35.878341,39.385494,asia-south,Standard_D4s_v3
2024-05-24 12:00:00,60.42784689,56.102753,asia-south,Standard_D4s_v3
2024-05-24 13:00:00,64.31409253,61.40533,asia-south,Standard_D4s_v3
2024-05-24 14:00:00,55.04870349,56.145897,asia-south,Standard_D4s_v3
2024-05-24 15:00:00,45.78331445,45.33612,asia-south,Standard_D4s_v3
2024-05-24 16:00:00,49.53325156,47.231426,asia-south,Standard_D4s_v3
2024-05-24 17:00:00,53.02261484,50.04173,asia-south,Standard_D4s_v3
2024-05-24 18:00:00,31.03168231,36.37766,asia-south,Standard_D4s_v3
2024-05-24 19:00:00,45.10111691,39.580154,asia-south,Standard_D4s_v3
2024-05-24 20:00:00,41.88755458,41.400448,asia-south,Standard_D4s_v3
2024-05-24 21:00:00,44.35035401,47.200394,asia-south,Standard_D4s_v3
2024-05-24 22:00:00,46.81315345,49.693806,asia-south,Standard_D4s_v3
2024-05-24 23:00:00,67.13930117,64.76261,asia-south,Standard_D4s_v3
2024-05-25 00:00:00,70.36163785,53.820282,asia-south,Standard_D4s_v3
2024-05-25 01:00:00,73.58397453,63.84676,asia-south,Standard_D4s_v3
2024-05-25 02:00:00,63.47841775,63.122066,asia-south,Standard_D4s_v3
2024-05-25 03:00:00,65.67517137,54.90551,asia-south,Standard_D4s_v3
2024-05-25 04:00:00,67.87192499,69.53173,asia-south,Standard_D4s_v3
2024-05-25 05:00:00,61.38730872,62.50616,asia-south,Standard_D4s_v3
2024-05-25 06:00:00,89.58372317,76.900055,asia-south,Standard_D4s_v3
2024-05-25 07:00:00,92.71672288,93.69974,asia-south,Standard_D4s_v3
2024-05-25 08:00:00,95.55237025,94.861404,asia-south,Standard_D4s_v3
2024-05-25 09:00:00,53.14503346,54.783146,asia-south,Standard_D4s_v3
2024-05-25 10:00:00,53.48268808,51.868176,asia-south,Standard_D4s_v3
2024-05-25 11:00:00,53.8203427,55.30977,asia-south,Standard_D4s_v3
2024-05-25 12:00:00,70.12144462,67.30331,asia-south,Standard_D4s_v3
2024-05-25 13:00:00,50.26328986,51.9184,asia-south,Standard_D4s_v3
2024-05-25 14:00:00,38.97893349,41.589516,asia-south,Standard_D4s_v3
2024-05-25 15:00:00,33.16023433,33.029427,asia-south,Standard_D4s_v3
2024-05-25 16:00:00,40.60269779,40.807274,asia-south,Standard_D4s_v3
2024-05-25 17:00:00,37.10847651,38.219265,asia-south,Standard_D4s_v3
2024-05-25 18:00:00,39.81439625,41.806076,asia-south,Standard_D4s_v3
2024-05-25 19:00:00,46.58098844,45.22913,asia-south,Standard_D4s_v3
2024-05-25 20:00:00,48.19649627,43.77828,asia-south,Standard_D4s_v3
2024-05-25 21:00:00,49.8120041,48.611748,asia-south,Standard_D4s_v3
2024-05-25 22:00:00,59.59123571,56.8741,asia-south,Standard_D4s_v3
2024-05-25 23:00:00,74.99910793,72.33881,asia-south,Standard_D4s_v3
2024-05-26 00:00:00,70.40956234,75.18762,asia-south,Standard_D4s_v3
2024-05-26 01:00:00,70.97183052,74.60059,asia-south,Standard_D4s_v3
2024-05-26 02:00:00,78.90510683,76.52216,asia-south,Standard_D4s_v3
2024-05-26 03:00:00,79.2604015,79.10603,asia-south,Standard_D4s_v3
2024-05-26 04:00:00,92.01308195,94.67792,asia-south,Standard_D4s_v3
2024-05-26 05:00:00,53.37372461,57.253075,asia-south,Standard_D4s_v3
2024-05-26 06:00:00,63.49891738,73.55321,asia-south,Standard_D4s_v3
2024-05-26 07:00:00,73.62411014,80.74743,asia-south,Standard_D4s_v3
2024-05-26 08:00:00,83.74930291,81.84172,asia-south,Standard_D4s_v3
2024-05-26 09:00:00,78.57382477,74.82392,asia-south,Standard_D4s_v3
2024-05-26 10:00:00,83.18649775,84.075356,asia-south,Standard_D4s_v3
2024-05-26 11:00:00,75.36353309,74.521255,asia-south,Standard_D4s_v3
2024-05-26 12:00:00,64.2689017,67.19988,asia-south,Standard_D4s_v3
2024-05-26 13:00:00,60.38660981,57.261513,asia-south,Standard_D4s_v3
2024-05-26 14:00:00,42.71932099,45.463055,asia-south,Standard_D4s_v3
2024-05-26 15:00:00,57.24773125,54.86117,asia-south,Standard_D4s_v3
2024-05-26 16:00:00,60.13213723,58.289196,asia-south,Standard_D4s_v3
2024-05-26 17:00:00,29.22118239,38.85163,asia-south,Standard_D4s_v3
2024-05-26 18:00:00,45.72774874,45.34082,asia-south,Standard_D4s_v3
2024-05-26 19:00:00,49.39229546,49.261158,asia-south,Standard_D4s_v3
2024-05-26 20:00:00,48.71317275,51.314743,asia-south,Standard_D4s_v3
2024-05-26 21:00:00,42.21644573,44.77215,asia-south,Standard_D4s_v3
2024-05-26 22:00:00,44.73199618,37.966137,asia-south,Standard_D4s_v3
2024-05-26 23:00:00,47.24754663,46.90309,asia-south,Standard_D4s_v3
2024-05-27 00:00:00,74.58657549,74.02691,asia-south,Standard_D4s_v3
2024-05-27 01:00:00,60.63859545,63.27976,asia-south,Standard_D4s_v3
2024-05-27 02:00:00,65.15637656,65.484985,asia-south,Standard_D4s_v3
2024-05-27 03:00:00,72.44374658,74.14445,asia-south,Standard_D4s_v3
2024-05-27 04:00:00,88.44884133,86.68414,asia-south,Standard_D4s_v3
2024-05-27 05:00:00,94.17949245,94.119934,asia-south,Standard_D4s_v3
2024-05-27 06:00:00,99.91014358,96.65977,asia-south,Standard_D4s_v3
2024-05-27 07:00:00,75.95604474,73.5799,asia-south,Standard_D4s_v3
2024-05-27 08:00:00,54.36615611,53.563828,asia-south,Standard_D4s_v3
2024-05-27 09:00:00,32.77626748,34.698936,asia-south,Standard_D4s_v3
2024-05-27 10:00:00,97.2885431,96.03612,asia-south,Standard_D4s_v3
2024-05-27 11:00:00,56.44168958,57.776752,asia-south,Standard_D4s_v3
2024-05-27 12:00:00,85.04104561,78.75635,asia-south,Standard_D4s_v3
2024-05-27 13:00:00,65.54318314,66.01876,asia-south,Standard_D4s_v3
2024-05-27 14:00:00,53.84979264,53.243027,asia-south,Standard_D4s_v3
2024-05-27 15:00:00,55.24039474,54.365868,asia-south,Standard_D4s_v3
2024-05-27 16:00:00,56.53713052,50.662796,asia-south,Standard_D4s_v3
2024-05-27 17:00:00,57.8338663,57.397297,asia-south,Standard_D4s_v3
2024-05-27 18:00:00,46.76778515,46.72732,asia-south,Standard_D4s_v3
2024-05-27 19:00:00,35.701704,38.456924,asia-south,Standard_D4s_v3
2024-05-27 20:00:00,45.22607142,44.845036,asia-south,Standard_D4s_v3
2024-05-27 21:00:00,30.45497893,36.14033,asia-south,Standard_D4s_v3
2024-05-27 22:00:00,43.23690314,44.36274,asia-south,Standard_D4s_v3
2024-05-27 23:00:00,55.94255232,76.74154,asia-south,Standard_D4s_v3
2024-05-28 00:00:00,68.6482015,75.88105,asia-south,Standard_D4s_v3
2024-05-28 01:00:00,71.92046569,79.246925,asia-south,Standard_D4s_v3
2024-05-28 02:00:00,75.19272988,75.82968,asia-south,Standard_D4s_v3
2024-05-28 03:00:00,78.46499407,79.78194,asia-south,Standard_D4s_v3
2024-05-28 04:00:00,85.20982345,82.349075,asia-south,Standard_D4s_v3
2024-05-28 05:00:00,92.50803935,94.17995,asia-south,Standard_D4s_v3
2024-05-28 06:00:00,55.86148866,53.942547,asia-south,Standard_D4s_v3
2024-05-28 07:00:00,75.14634149,74.31633,asia-south,Standard_D4s_v3
2024-05-28 08:00:00,82.19786296,77.21015,asia-south,Standard_D4s_v3
2024-05-28 09:00:00,62.46155072,69.52093,asia-south,Standard_D4s_v3
2024-05-28 10:00:00,75.13162754,73.635124,asia-south,Standard_D4s_v3
2024-05-28 11:00:00,70.78889651,70.77064,asia-south,Standard_D4s_v3
2024-05-28 12:00:00,41.16650023,44.497005,asia-south,Standard_D4s_v3
2024-05-28 13:00:00,65.01142925,59.34455,asia-south,Standard_D4s_v3
2024-05-28 14:00:00,54.9395413,55.377804,asia-south,Standard_D4s_v3
2024-05-28 15:00:00,41.07461567,41.583344,asia-south,Standard_D4s_v3
2024-05-28 16:00:00,44.28937053,42.170887,asia-south,Standard_D4s_v3
2024-05-28 17:00:00,46.59824056,45.48049,asia-south,Standard_D4s_v3
2024-05-28 18:00:00,44.30165699,39.516674,asia-south,Standard_D4s_v3
2024-05-28 19:00:00,42.00507343,42.95874,asia-south,Standard_D4s_v3
2024-05-28 20:00:00,37.41326183,39.44423,asia-south,Standard_D4s_v3
2024-05-28 21:00:00,43.58545323,43.85726,asia-south,Standard_D4s_v3
2024-05-28 22:00:00,51.91032097,46.331997,asia-south,Standard_D4s_v3
2024-05-28 23:00:00,44.37405532,45.700172,asia-south,Standard_D4s_v3
2024-05-29 00:00:00,56.26738068,58.455254,asia-south,Standard_D4s_v3
2024-05-29 01:00:00,68.16070603,56.485207,asia-south,Standard_D4s_v3
2024-05-29 02:00:00,80.05403138,78.512276,asia-south,Standard_D4s_v3
2024-05-29 03:00:00,81.51965158,80.59635,asia-south,Standard_D4s_v3
2024-05-29 04:00:00,62.67091791,63.8203,asia-south,Standard_D4s_v3
2024-05-29 05:00:00,70.38133334,68.013245,asia-south,Standard_D4s_v3
2024-05-29 06:00:00,80.90532854,81.80916,asia-south,Standard_D4s_v3
2024-05-29 07:00:00,71.05385454,66.82418,asia-south,Standard_D4s_v3
2024-05-29 08:00:00,81.68604496,79.36045,asia-south,Standard_D4s_v3
2024-05-29 09:00:00,92.31823538,92.74529,asia-south,Standard_D4s_v3
2024-05-29 10:00:00,68.79904282,66.90636,asia-south,Standard_D4s_v3
2024-05-29 11:00:00,61.85413798,77.82991,asia-south,Standard_D4s_v3
2024-05-29 12:00:00,54.90923315,53.373158,asia-south,Standard_D4s_v3
2024-05-29 13:00:00,47.96432831,46.881252,asia-south,Standard_D4s_v3
2024-05-29 14:00:00,37.50645183,41.662357,asia-south,Standard_D4s_v3
2024-05-29 15:00:00,41.95950251,40.148895,asia-south,Standard_D4s_v3
2024-05-29 16:00:00,35.04657788,45.077858,asia-south,Standard_D4s_v3
2024-05-29 17:00:00,28.13365326,30.614834,asia-south,Standard_D4s_v3
2024-05-29 18:00:00,40.14428143,40.459408,asia-south,Standard_D4s_v3
2024-05-29 19:00:00,42.20462004,41.818237,asia-south,Standard_D4s_v3
2024-05-29 20:00:00,43.0021752,42.398582,asia-south,Standard_D4s_v3
2024-05-29 21:00:00,43.79973035,56.0413,asia-south,Standard_D4s_v3
2024-05-29 22:00:00,44.5972855,50.4703,asia-south,Standard_D4s_v3
2024-05-29 23:00:00,45.39484066,44.76612,asia-south,Standard_D4s_v3
2024-05-30 00:00:00,58.04886811,50.925205,asia-south,Standard_D4s_v3
2024-05-30 01:00:00,70.70289557,70.169716,asia-south,Standard_D4s_v3
2024-05-30 02:00:00,86.59551678,78.34451,asia-south,Standard_D4s_v3
2024-05-30 03:00:00,71.8847926,72.16721,asia-south,Standard_D4s_v3
2024-05-30 04:00:00,93.11987507,92.97777,asia-south,Standard_D4s_v3
2024-05-30 05:00:00,91.45393952,86.93345,asia-south,Standard_D4s_v3
2024-05-30 06:00:00,89.78800396,77.35263,asia-south,Standard_D4s_v3
2024-05-30 07:00:00,88.12206841,83.45111,asia-south,Standard_D4s_v3
2024-05-30 08:00:00,89.62266861,83.67549,asia-south,Standard_D4s_v3
2024-05-30 09:00:00,81.67945486,81.30832,asia-south,Standard_D4s_v3
2024-05-30 10:00:00,79.21726851,78.23092,asia-south,Standard_D4s_v3
2024-05-30 11:00:00,63.37209393,63.809673,asia-south,Standard_D4s_v3
2024-05-30 12:00:00,69.15402095,67.163025,asia-south,Standard_D4s_v3
2024-05-30 13:00:00,60.61992319,67.70392,asia-south,Standard_D4s_v3
2024-05-30 14:00:00,70.94170544,67.594475,asia-south,Standard_D4s_v3
2024-05-30 15:00:00,54.61302496,55.219032,asia-south,Standard_D4s_v3
2024-05-30 16:00:00,37.96821782,43.524624,asia-south,Standard_D4s_v3
2024-05-30 17:00:00,41.53296286,41.758064,asia-south,Standard_D4s_v3
2024-05-30 18:00:00,35.84791048,42.239662,asia-south,Standard_D4s_v3
2024-05-30 19:00:00,65.83077421,63.104633,asia-south,Standard_D4s_v3
2024-05-30 20:00:00,51.64855443,52.14189,asia-south,Standard_D4s_v3
2024-05-30 21:00:00,46.10219932,49.04917,asia-south,Standard_D4s_v3
2024-05-30 22:00:00,40.55584422,40.73057,asia-south,Standard_D4s_v3
2024-05-30 23:00:00,43.76214035,44.6504,asia-south,Standard_D4s_v3
2024-05-31 00:00:00,54.81608042,55.140038,asia-south,Standard_D4s_v3
2024-05-31 01:00:00,65.87002048,61.591892,asia-south,Standard_D4s_v3
2024-05-31 02:00:00,76.92396055,68.22155,asia-south,Standard_D4s_v3
2024-05-31 03:00:00,87.97790061,77.87381,asia-south,Standard_D4s_v3
2024-05-31 04:00:00,75.00069778,77.84027,asia-south,Standard_D4s_v3
2024-05-31 05:00:00,62.02349495,71.3443,asia-south,Standard_D4s_v3
2024-05-31 06:00:00,65.63739229,77.77301,asia-south,Standard_D4s_v3
2024-05-31 07:00:00,69.25128964,69.602646,asia-south,Standard_D4s_v3
2024-05-31 08:00:00,48.14420638,54.91699,asia-south,Standard_D4s_v3
2024-05-31 09:00:00,76.61219294,74.27944,asia-south,Standard_D4s_v3
2024-05-31 10:00:00,59.44985268,58.642303,asia-south,Standard_D4s_v3
2024-05-31 11:00:00,42.28751242,44.652893,asia-south,Standard_D4s_v3
2024-05-31 12:00:00,55.83522778,55.208294,asia-south,Standard_D4s_v3
2024-05-31 13:00:00,69.38294315,67.93436,asia-south,Standard_D4s_v3
2024-05-31 14:00:00,38.26719045,43.35216,asia-south,Standard_D4s_v3
2024-05-31 15:00:00,61.82962294,59.81861,asia-south,Standard_D4s_v3
2024-05-31 16:00:00,33.29875335,35.752113,asia-south,Standard_D4s_v3
2024-05-31 17:00:00,29.86494347,37.298088,asia-south,Standard_D4s_v3
2024-05-31 18:00:00,26.43113358,35.652943,asia-south,Standard_D4s_v3
2024-05-31 19:00:00,22.9973237,22.234896,asia-south,Standard_D4s_v3
2024-05-31 20:00:00,51.12319785,41.132023,asia-south,Standard_D4s_v3
2024-05-31 21:00:00,52.30918036,56.397755,asia-south,Standard_D4s_v3
2024-05-31 22:00:00,83.19577339,70.57867,asia-south,Standard_D4s_v3
2024-05-31 23:00:00,46.53495093,48.29763,asia-south,Standard_D4s_v3
2024-06-01 00:00:00,75.05216859,66.403305,asia-south,Standard_D4s_v3
2024-06-01 01:00:00,72.46532543,49.2945,asia-south,Standard_D4s_v3
2024-06-01 02:00:00,69.87848226,59.35231,asia-south,Standard_D4s_v3
2024-06-01 03:00:00,67.29163909,67.30889,asia-south,Standard_D4s_v3
2024-06-01 04:00:00,74.04676028,72.38319,asia-south,Standard_D4s_v3
2024-06-01 05:00:00,78.55240856,77.96841,asia-south,Standard_D4s_v3
2024-06-01 06:00:00,66.87851498,82.83141,asia-south,Standard_D4s_v3
2024-06-01 07:00:00,55.2046214,61.889507,asia-south,Standard_D4s_v3
2024-06-01 08:00:00,53.14930315,59.989788,asia-south,Standard_D4s_v3
2024-06-01 09:00:00,51.09398489,56.5909,asia-south,Standard_D4s_v3
2024-06-01 10:00:00,46.81980891,62.862667,asia-south,Standard_D4s_v3
2024-06-01 11:00:00,83.14927022,70.109665,asia-south,Standard_D4s_v3
2024-06-01 12:00:00,62.62909642,62.153023,asia-south,Standard_D4s_v3
2024-06-01 13:00:00,53.75076209,66.42212,asia-south,Standard_D4s_v3
2024-06-01 14:00:00,44.87242777,45.637833,asia-south,Standard_D4s_v3
2024-06-01 15:00:00,43.15584013,41.647285,asia-south,Standard_D4s_v3
2024-06-01 16:00:00,41.43925248,37.822536,asia-south,Standard_D4s_v3
2024-06-01 17:00:00,39.72266484,34.874527,asia-south,Standard_D4s_v3
2024-06-01 18:00:00,38.00607719,38.86213,asia-south,Standard_D4s_v3
2024-06-01 19:00:00,38.78199159,39.34793,asia-south,Standard_D4s_v3
2024-06-01 20:00:00,34.29223612,36.51633,asia-south,Standard_D4s_v3
2024-06-01 21:00:00,40.13395199,40.787117,asia-south,Standard_D4s_v3
2024-06-01 22:00:00,48.84708363,40.44681,asia-south,Standard_D4s_v3
2024-06-01 23:00:00,57.56021527,47.244946,asia-south,Standard_D4s_v3
2024-06-02 00:00:00,66.27334691,61.615147,asia-south,Standard_D4s_v3
2024-06-02 01:00:00,76.11436287,74.07099,asia-south,Standard_D4s_v3
2024-06-02 02:00:00,57.67408483,65.28761,asia-south,Standard_D4s_v3
2024-06-02 03:00:00,70.53565661,70.05006,asia-south,Standard_D4s_v3
2024-06-02 04:00:00,83.3972284,82.20752,asia-south,Standard_D4s_v3
2024-06-02 05:00:00,65.01286246,67.11378,asia-south,Standard_D4s_v3
2024-06-02 06:00:00,57.67676633,59.323616,asia-south,Standard_D4s_v3
2024-06-02 07:00:00,79.55059137,78.52387,asia-south,Standard_D4s_v3
2024-06-02 08:00:00,71.5389688,71.68449,asia-south,Standard_D4s_v3
2024-06-02 09:00:00,77.33951061,77.26049,asia-south,Standard_D4s_v3
2024-06-02 10:00:00,75.33138764,75.95146,asia-south,Standard_D4s_v3
2024-06-02 11:00:00,62.80869221,71.41847,asia-south,Standard_D4s_v3
2024-06-02 12:00:00,52.07176654,65.76255,asia-south,Standard_D4s_v3
2024-06-02 13:00:00,41.33484086,46.416386,asia-south,Standard_D4s_v3
2024-06-02 14:00:00,48.49067777,53.718807,asia-south,Standard_D4s_v3
2024-06-02 15:00:00,47.84069035,49.230553,asia-south,Standard_D4s_v3
2024-06-02 16:00:00,44.66020547,44.665783,asia-south,Standard_D4s_v3
2024-06-02 17:00:00,34.31851274,35.564896,asia-south,Standard_D4s_v3
2024-06-02 18:00:00,37.56371301,37.598984,asia-south,Standard_D4s_v3
2024-06-02 19:00:00,40.80891327,40.84908,asia-south,Standard_D4s_v3
2024-06-02 20:00:00,47.85368547,45.621532,asia-south,Standard_D4s_v3
2024-06-02 21:00:00,45.61650346,45.612278,asia-south,Standard_D4s_v3
2024-06-02 22:00:00,60.51337938,60.11736,asia-south,Standard_D4s_v3
2024-06-02 23:00:00,53.06693864,49.499733,asia-south,Standard_D4s_v3
2024-06-03 00:00:00,45.6204979,55.183735,asia-south,Standard_D4s_v3
2024-06-03 01:00:00,72.89552896,74.76125,asia-south,Standard_D4s_v3
2024-06-03 02:00:00,63.47900612,66.13115,asia-south,Standard_D4s_v3
2024-06-03 03:00:00,60.85509537,61.808064,asia-south,Standard_D4s_v3
2024-06-03 04:00:00,58.23118462,60.616863,asia-south,Standard_D4s_v3
2024-06-03 05:00:00,86.54505368,74.77042,asia-south,Standard_D4s_v3
2024-06-03 06:00:00,46.57117199,49.67002,asia-south,Standard_D4s_v3
2024-06-03 07:00:00,72.72583647,72.7063,asia-south,Standard_D4s_v3
2024-06-03 08:00:00,58.12926465,60.535324,asia-south,Standard_D4s_v3
2024-06-03 09:00:00,56.3867246,55.968113,asia-south,Standard_D4s_v3
2024-06-03 10:00:00,82.29329221,78.44966,asia-south,Standard_D4s_v3
2024-06-03 11:00:00,61.34465282,60.813004,asia-south,Standard_D4s_v3
2024-06-03 12:00:00,62.76602243,61.45677,asia-south,Standard_D4s_v3
2024-06-03 13:00:00,52.74340635,53.02396,asia-south,Standard_D4s_v3
2024-06-03 14:00:00,71.32455645,62.310135,asia-south,Standard_D4s_v3
2024-06-03 15:00:00,58.80170755,54.946815,asia-south,Standard_D4s_v3
2024-06-03 16:00:00,46.27885865,47.834583,asia-south,Standard_D4s_v3
2024-06-03 17:00:00,37.9598814,45.247158,asia-south,Standard_D4s_v3
2024-06-03 18:00:00,29.64090415,30.276007,asia-south,Standard_D4s_v3
2024-06-03 19:00:00,54.93546049,51.800526,asia-south,Standard_D4s_v3
2024-06-03 20:00:00,53.31411625,47.98792,asia-south,Standard_D4s_v3
2024-06-03 21:00:00,37.66380342,44.163177,asia-south,Standard_D4s_v3
2024-06-03 22:00:00,39.74209086,49.198345,asia-south,Standard_D4s_v3
2024-06-03 23:00:00,41.82037829,49.101795,asia-south,Standard_D4s_v3
2024-06-04 00:00:00,43.89866573,53.024044,asia-south,Standard_D4s_v3
2024-06-04 01:00:00,57.23883466,62.0874,asia-south,Standard_D4s_v3
2024-06-04 02:00:00,73.16214974,71.346245,asia-south,Standard_D4s_v3
2024-06-04 03:00:00,89.08546481,76.544525,asia-south,Standard_D4s_v3
2024-06-04 04:00:00,52.56954872,52.69197,asia-south,Standard_D4s_v3
2024-06-04 05:00:00,70.48361971,63.936043,asia-south,Standard_D4s_v3
2024-06-04 06:00:00,88.39769071,77.75672,asia-south,Standard_D4s_v3
2024-06-04 07:00:00,56.28195202,64.86864,asia-south,Standard_D4s_v3
2024-06-04 08:00:00,73.89374066,73.16859,asia-south,Standard_D4s_v3
2024-06-04 09:00:00,72.8605137,70.10552,asia-south,Standard_D4s_v3
2024-06-04 10:00:00,71.82728675,65.01449,asia-south,Standard_D4s_v3
2024-06-04 11:00:00,53.90640651,63.14336,asia-south,Standard_D4s_v3
2024-06-04 12:00:00,65.23939579,62.928146,asia-south,Standard_D4s_v3
2024-06-04 13:00:00,54.12698427,55.209816,asia-south,Standard_D4s_v3
2024-06-04 14:00:00,43.01457275,47.04731,asia-south,Standard_D4s_v3
2024-06-04 15:00:00,45.01699686,43.80394,asia-south,Standard_D4s_v3
2024-06-04 16:00:00,40.93185555,41.467236,asia-south,Standard_D4s_v3
2024-06-04 17:00:00,26.77350854,30.87711,asia-south,Standard_D4s_v3
2024-06-04 18:00:00,27.7826171,29.210596,asia-south,Standard_D4s_v3
2024-06-04 19:00:00,52.10483877,51.56617,asia-south,Standard_D4s_v3
2024-06-04 20:00:00,41.70634546,40.404778,asia-south,Standard_D4s_v3
2024-06-04 21:00:00,37.92539856,49.287247,asia-south,Standard_D4s_v3
2024-06-04 22:00:00,34.14445166,42.773407,asia-south,Standard_D4s_v3
2024-06-04 23:00:00,72.99357727,69.8931,asia-south,Standard_D4s_v3
2024-06-05 00:00:00,55.66607857,50.594162,asia-south,Standard_D4s_v3
2024-06-05 01:00:00,38.33857987,42.877865,asia-south,Standard_D4s_v3
2024-06-05 02:00:00,71.43195258,69.95233,asia-south,Standard_D4s_v3
2024-06-05 03:00:00,66.02108494,69.12303,asia-south,Standard_D4s_v3
2024-06-05 04:00:00,67.89116254,69.72983,asia-south,Standard_D4s_v3
2024-06-05 05:00:00,69.76124015,64.55123,asia-south,Standard_D4s_v3
2024-06-05 06:00:00,71.63131776,61.89048,asia-south,Standard_D4s_v3
2024-06-05 07:00:00,59.59733965,61.7563,asia-south,Standard_D4s_v3
2024-06-05 08:00:00,83.00981723,79.277954,asia-south,Standard_D4s_v3
2024-06-05 09:00:00,53.39926631,56.179813,asia-south,Standard_D4s_v3
2024-06-05 10:00:00,59.93973192,57.91759,asia-south,Standard_D4s_v3
2024-06-05 11:00:00,66.48019752,64.022224,asia-south,Standard_D4s_v3
2024-06-05 12:00:00,60.15927227,44.56729,asia-south,Standard_D4s_v3
2024-06-05 13:00:00,53.83834701,53.361843,asia-south,Standard_D4s_v3
2024-06-05 14:00:00,40.72742201,43.633068,asia-south,Standard_D4s_v3
2024-06-05 15:00:00,59.82369679,57.038445,asia-south,Standard_D4s_v3
2024-06-05 16:00:00,37.30696263,38.90644,asia-south,Standard_D4s_v3
2024-06-05 17:00:00,43.78558705,40.98592,asia-south,Standard_D4s_v3
2024-06-05 18:00:00,37.42753478,37.504177,asia-south,Standard_D4s_v3
2024-06-05 19:00:00,37.11428896,40.552258,asia-south,Standard_D4s_v3
2024-06-05 20:00:00,36.9978456,41.06802,asia-south,Standard_D4s_v3
2024-06-05 21:00:00,36.88140224,40.993935,asia-south,Standard_D4s_v3
2024-06-05 22:00:00,57.77960078,55.142937,asia-south,Standard_D4s_v3
2024-06-05 23:00:00,47.75904962,49.482643,asia-south,Standard_D4s_v3
2024-06-06 00:00:00,46.27758058,53.07919,asia-south,Standard_D4s_v3
2024-06-06 01:00:00,44.79611153,46.62625,asia-south,Standard_D4s_v3
2024-06-06 02:00:00,63.16245155,62.333775,asia-south,Standard_D4s_v3
2024-06-06 03:00:00,81.52879158,80.03779,asia-south,Standard_D4s_v3
2024-06-06 04:00:00,59.34542144,62.376972,asia-south,Standard_D4s_v3
2024-06-06 05:00:00,95.022826,93.06278,asia-south,Standard_D4s_v3
2024-06-06 06:00:00,92.78073399,93.43662,asia-south,Standard_D4s_v3
2024-06-06 07:00:00,90.53864198,91.51324,asia-south,Standard_D4s_v3
2024-06-06 08:00:00,76.55782766,77.562164,asia-south,Standard_D4s_v3
2024-06-06 09:00:00,72.77036028,80.20109,asia-south,Standard_D4s_v3
2024-06-06 10:00:00,68.9828929,62.313328,asia-south,Standard_D4s_v3
2024-06-06 11:00:00,60.24399192,56.202984,asia-south,Standard_D4s_v3
2024-06-06 12:00:00,48.49693448,49.682304,asia-south,Standard_D4s_v3
2024-06-06 13:00:00,34.65192673,38.30479,asia-south,Standard_D4s_v3
2024-06-06 14:00:00,70.48073438,61.811813,asia-south,Standard_D4s_v3
2024-06-06 15:00:00,62.01016966,60.16685,asia-south,Standard_D4s_v3
2024-06-06 16:00:00,53.53960495,52.927,asia-south,Standard_D4s_v3
2024-06-06 17:00:00,28.8182516,30.689217,asia-south,Standard_D4s_v3
2024-06-06 18:00:00,48.81885275,50.401253,asia-south,Standard_D4s_v3
2024-06-06 19:00:00,46.82455959,36.70176,asia-south,Standard_D4s_v3
2024-06-06 20:00:00,44.83026644,45.025284,asia-south,Standard_D4s_v3
2024-06-06 21:00:00,60.2558004,59.158466,asia-south,Standard_D4s_v3
2024-06-06 22:00:00,42.63644779,43.16972,asia-south,Standard_D4s_v3
2024-06-06 23:00:00,61.16398022,59.242332,asia-south,Standard_D4s_v3
2024-06-07 00:00:00,55.08695428,57.555725,asia-south,Standard_D4s_v3
2024-06-07 01:00:00,51.33567386,53.67794,asia-south,Standard_D4s_v3
2024-06-07 02:00:00,61.4747669,60.976997,asia-south,Standard_D4s_v3
2024-06-07 03:00:00,62.9571781,72.96305,asia-south,Standard_D4s_v3
2024-06-07 04:00:00,64.43958931,54.342087,asia-south,Standard_D4s_v3
2024-06-07 05:00:00,65.92200051,67.800674,asia-south,Standard_D4s_v3
2024-06-07 06:00:00,81.54102136,79.92633,asia-south,Standard_D4s_v3
2024-06-07 07:00:00,87.48375802,78.076614,asia-south,Standard_D4s_v3
2024-06-07 08:00:00,81.6153816,59.43693,asia-south,Standard_D4s_v3
2024-06-07 09:00:00,75.74700518,76.22208,asia-south,Standard_D4s_v3
2024-06-07 10:00:00,67.91490959,65.62167,asia-south,Standard_D4s_v3
2024-06-07 11:00:00,55.76643537,55.16283,asia-south,Standard_D4s_v3
2024-06-07 12:00:00,64.62474182,64.34158,asia-south,Standard_D4s_v3
2024-06-07 13:00:00,43.72522736,46.962357,asia-south,Standard_D4s_v3
2024-06-07 14:00:00,41.84500885,41.594677,asia-south,Standard_D4s_v3
2024-06-07 15:00:00,40.50717002,41.559563,asia-south,Standard_D4s_v3
2024-06-07 16:00:00,34.95411261,35.024998,asia-south,Standard_D4s_v3
2024-06-07 17:00:00,49.1137946,41.945183,asia-south,Standard_D4s_v3
2024-06-07 18:00:00,57.84370592,47.5185,asia-south,Standard_D4s_v3
2024-06-07 19:00:00,57.55018906,35.565926,asia-south,Standard_D4s_v3
2024-06-07 20:00:00,57.2566722,54.951332,asia-south,Standard_D4s_v3
2024-06-07 21:00:00,53.15875225,51.51405,asia-south,Standard_D4s_v3
2024-06-07 22:00:00,33.32633856,35.987194,asia-south,Standard_D4s_v3
2024-06-07 23:00:00,34.85337908,38.95866,asia-south,Standard_D4s_v3
2024-06-08 00:00:00,34.67991058,48.943237,asia-south,Standard_D4s_v3
2024-06-08 01:00:00,34.50644209,55.583824,asia-south,Standard_D4s_v3
2024-06-08 02:00:00,89.98751826,91.32416,asia-south,Standard_D4s_v3
2024-06-08 03:00:00,60.54386917,61.51625,asia-south,Standard_D4s_v3
2024-06-08 04:00:00,65.33033874,64.41667,asia-south,Standard_D4s_v3
2024-06-08 05:00:00,97.34896715,92.76143,asia-south,Standard_D4s_v3
2024-06-08 06:00:00,90.95882088,74.30084,asia-south,Standard_D4s_v3
2024-06-08 07:00:00,84.56867461,79.7272,asia-south,Standard_D4s_v3
2024-06-08 08:00:00,67.77983214,71.81257,asia-south,Standard_D4s_v3
2024-06-08 09:00:00,51.07918542,60.572117,asia-south,Standard_D4s_v3
2024-06-08 10:00:00,62.84305397,63.743507,asia-south,Standard_D4s_v3
2024-06-08 11:00:00,72.53231447,59.1844,asia-south,Standard_D4s_v3
2024-06-08 12:00:00,53.2595985,53.98963,asia-south,Standard_D4s_v3
2024-06-08 13:00:00,49.59946239,49.587738,asia-south,Standard_D4s_v3
2024-06-08 14:00:00,50.48865493,52.205402,asia-south,Standard_D4s_v3
2024-06-08 15:00:00,56.78047544,53.3622,asia-south,Standard_D4s_v3
2024-06-08 16:00:00,46.74176484,43.1373,asia-south,Standard_D4s_v3
2024-06-08 17:00:00,36.70305424,39.40194,asia-south,Standard_D4s_v3
2024-06-08 18:00:00,49.01754433,48.64534,asia-south,Standard_D4s_v3
2024-06-08 19:00:00,26.13256895,33.78926,asia-south,Standard_D4s_v3
2024-06-08 20:00:00,38.71507144,41.002804,asia-south,Standard_D4s_v3
2024-06-08 21:00:00,42.1828707,42.599583,asia-south,Standard_D4s_v3
2024-06-08 22:00:00,29.82067654,27.672813,asia-south,Standard_D4s_v3
2024-06-08 23:00:00,71.31928754,47.27882,asia-south,Standard_D4s_v3
2024-06-09 00:00:00,57.30539738,61.01436,asia-south,Standard_D4s_v3
2024-06-09 01:00:00,42.7111188,46.087215,asia-south,Standard_D4s_v3
2024-06-09 02:00:00,80.1683343,78.863396,asia-south,Standard_D4s_v3
2024-06-09 03:00:00,51.76509929,55.658657,asia-south,Standard_D4s_v3
2024-06-09 04:00:00,80.97193987,78.58505,asia-south,Standard_D4s_v3
2024-06-09 05:00:00,77.37659247,66.934845,asia-south,Standard_D4s_v3
2024-06-09 06:00:00,73.78124506,68.39108,asia-south,Standard_D4s_v3
2024-06-09 07:00:00,94.70458865,94.20567,asia-south,Standard_D4s_v3
2024-06-09 08:00:00,71.53746148,78.44173,asia-south,Standard_D4s_v3
2024-06-09 09:00:00,72.77895555,70.27738,asia-south,Standard_D4s_v3
2024-06-09 10:00:00,74.02044962,53.783672,asia-south,Standard_D4s_v3
2024-06-09 11:00:00,75.26194369,70.298004,asia-south,Standard_D4s_v3
2024-06-09 12:00:00,73.23068915,72.95434,asia-south,Standard_D4s_v3
2024-06-09 13:00:00,51.73425362,53.096146,asia-south,Standard_D4s_v3
2024-06-09 14:00:00,56.72806474,52.589195,asia-south,Standard_D4s_v3
2024-06-09 15:00:00,48.18812021,48.894623,asia-south,Standard_D4s_v3
2024-06-09 16:00:00,48.62275691,40.907906,asia-south,Standard_D4s_v3
2024-06-09 17:00:00,49.05739362,33.606094,asia-south,Standard_D4s_v3
2024-06-09 18:00:00,49.49203032,49.041245,asia-south,Standard_D4s_v3
2024-06-09 19:00:00,21.46242119,24.319744,asia-south,Standard_D4s_v3
2024-06-09 20:00:00,41.86771069,34.26338,asia-south,Standard_D4s_v3
2024-06-09 21:00:00,62.27300019,52.54492,asia-south,Standard_D4s_v3
2024-06-09 22:00:00,39.41927152,39.665955,asia-south,Standard_D4s_v3
2024-06-09 23:00:00,35.43601647,36.244007,asia-south,Standard_D4s_v3
2024-06-10 00:00:00,82.19919122,79.85663,asia-south,Standard_D4s_v3
2024-06-10 01:00:00,72.28988055,75.82604,asia-south,Standard_D4s_v3
2024-06-10 02:00:00,69.70683383,54.747707,asia-south,Standard_D4s_v3
2024-06-10 03:00:00,67.1237871,60.463554,asia-south,Standard_D4s_v3
2024-06-10 04:00:00,64.54074038,64.794685,asia-south,Standard_D4s_v3
2024-06-10 05:00:00,80.33385194,78.47803,asia-south,Standard_D4s_v3
2024-06-10 06:00:00,95.4087047,93.73338,asia-south,Standard_D4s_v3
2024-06-10 07:00:00,88.43553134,84.33132,asia-south,Standard_D4s_v3
2024-06-10 08:00:00,42.75620463,48.7257,asia-south,Standard_D4s_v3
2024-06-10 09:00:00,60.94821357,61.954155,asia-south,Standard_D4s_v3
2024-06-10 10:00:00,79.1402225,72.52845,asia-south,Standard_D4s_v3
2024-06-10 11:00:00,55.76731882,55.92783,asia-south,Standard_D4s_v3
2024-06-10 12:00:00,50.93970965,52.874294,asia-south,Standard_D4s_v3
2024-06-10 13:00:00,46.11210049,44.663662,asia-south,Standard_D4s_v3
2024-06-10 14:00:00,41.28449132,41.59758,asia-south,Standard_D4s_v3
2024-06-10 15:00:00,31.04936468,31.98934,asia-south,Standard_D4s_v3
2024-06-10 16:00:00,43.69500733,46.15313,asia-south,Standard_D4s_v3
2024-06-10 17:00:00,33.47795067,34.907703,asia-south,Standard_D4s_v3
2024-06-10 18:00:00,37.90251865,37.682423,asia-south,Standard_D4s_v3
2024-06-10 19:00:00,46.52051618,39.660664,asia-south,Standard_D4s_v3
2024-06-10 20:00:00,29.2488184,31.045553,asia-south,Standard_D4s_v3
2024-06-10 21:00:00,39.57201891,39.45017,asia-south,Standard_D4s_v3
2024-06-10 22:00:00,31.84826637,40.28617,asia-south,Standard_D4s_v3
2024-06-10 23:00:00,57.63404701,56.412865,asia-south,Standard_D4s_v3
2024-06-11 00:00:00,58.20346384,59.994495,asia-south,Standard_D4s_v3
2024-06-11 01:00:00,66.46480886,56.285297,asia-south,Standard_D4s_v3
2024-06-11 02:00:00,74.72615388,69.1404,asia-south,Standard_D4s_v3
2024-06-11 03:00:00,63.19643049,69.175385,asia-south,Standard_D4s_v3
2024-06-11 04:00:00,81.62954816,80.31224,asia-south,Standard_D4s_v3
2024-06-11 05:00:00,78.55421145,79.36546,asia-south,Standard_D4s_v3
2024-06-11 06:00:00,86.35548872,82.611435,asia-south,Standard_D4s_v3
2024-06-11 07:00:00,85.70224109,79.393936,asia-south,Standard_D4s_v3
2024-06-11 08:00:00,85.04899346,81.79069,asia-south,Standard_D4s_v3
2024-06-11 09:00:00,70.32033424,70.62734,asia-south,Standard_D4s_v3
2024-06-11 10:00:00,66.23828529,70.79139,asia-south,Standard_D4s_v3
2024-06-11 11:00:00,83.58549159,77.3882,asia-south,Standard_D4s_v3
2024-06-11 12:00:00,48.7362674,48.34146,asia-south,Standard_D4s_v3
2024-06-11 13:00:00,46.44243276,47.69903,asia-south,Standard_D4s_v3
2024-06-11 14:00:00,51.95638905,50.158524,asia-south,Standard_D4s_v3
2024-06-11 15:00:00,52.32860769,43.21998,asia-south,Standard_D4s_v3
2024-06-11 16:00:00,52.70082633,47.848465,asia-south,Standard_D4s_v3
2024-06-11 17:00:00,50.10239395,50.442875,asia-south,Standard_D4s_v3
2024-06-11 18:00:00,46.17853378,42.209435,asia-south,Standard_D4s_v3
2024-06-11 19:00:00,42.2546736,49.78201,asia-south,Standard_D4s_v3
2024-06-11 20:00:00,38.33081343,38.963055,asia-south,Standard_D4s_v3
2024-06-11 21:00:00,38.0584451,42.652454,asia-south,Standard_D4s_v3
2024-06-11 22:00:00,37.78607677,38.4323,asia-south,Standard_D4s_v3
2024-06-11 23:00:00,46.93807593,48.2242,asia-south,Standard_D4s_v3
2024-06-12 00:00:00,56.09007508,57.992165,asia-south,Standard_D4s_v3
2024-06-12 01:00:00,81.18403383,79.2747,asia-south,Standard_D4s_v3
2024-06-12 02:00:00,71.7588438,71.72997,asia-south,Standard_D4s_v3
2024-06-12 03:00:00,66.12593016,66.56289,asia-south,Standard_D4s_v3
2024-06-12 04:00:00,83.81654944,78.78845,asia-south,Standard_D4s_v3
2024-06-12 05:00:00,70.49770394,62.688423,asia-south,Standard_D4s_v3
2024-06-12 06:00:00,57.17885844,60.42961,asia-south,Standard_D4s_v3
2024-06-12 07:00:00,56.62526503,65.20373,asia-south,Standard_D4s_v3
2024-06-12 08:00:00,86.79425043,80.13039,asia-south,Standard_D4s_v3
2024-06-12 09:00:00,81.28589073,77.364655,asia-south,Standard_D4s_v3
2024-06-12 10:00:00,63.75474927,64.525894,asia-south,Standard_D4s_v3
2024-06-12 11:00:00,46.1322167,48.807625,asia-south,Standard_D4s_v3
2024-06-12 12:00:00,51.92802876,52.046314,asia-south,Standard_D4s_v3
2024-06-12 13:00:00,45.78191207,45.83778,asia-south,Standard_D4s_v3
2024-06-12 14:00:00,45.59922231,42.59634,asia-south,Standard_D4s_v3
2024-06-12 15:00:00,45.41653254,41.534515,asia-south,Standard_D4s_v3
2024-06-12 16:00:00,41.81789581,42.467945,asia-south,Standard_D4s_v3
2024-06-12 17:00:00,39.36034639,40.9299,asia-south,Standard_D4s_v3
2024-06-12 18:00:00,24.373319,30.84626,asia-south,Standard_D4s_v3
2024-06-12 19:00:00,41.44497741,40.573612,asia-south,Standard_D4s_v3
2024-06-12 20:00:00,39.14588971,48.984047,asia-south,Standard_D4s_v3
2024-06-12 21:00:00,36.846802,37.024754,asia-south,Standard_D4s_v3
2024-06-12 22:00:00,69.9428501,66.70509,asia-south,Standard_D4s_v3
2024-06-12 23:00:00,33.67087535,40.559727,asia-south,Standard_D4s_v3
2024-06-13 00:00:00,83.19995867,75.96414,asia-south,Standard_D4s_v3
2024-06-13 01:00:00,67.10763854,66.83761,asia-south,Standard_D4s_v3
2024-06-13 02:00:00,55.25144118,57.6406,asia-south,Standard_D4s_v3
2024-06-13 03:00:00,51.59836542,53.141953,asia-south,Standard_D4s_v3
2024-06-13 04:00:00,84.9672553,72.50504,asia-south,Standard_D4s_v3
2024-06-13 05:00:00,70.11267809,71.9473,asia-south,Standard_D4s_v3
2024-06-13 06:00:00,83.8645656,82.347115,asia-south,Standard_D4s_v3
2024-06-13 07:00:00,90.7223289,92.621735,asia-south,Standard_D4s_v3
2024-06-13 08:00:00,59.86892745,67.02009,asia-south,Standard_D4s_v3
2024-06-13 09:00:00,75.95271596,74.71509,asia-south,Standard_D4s_v3
2024-06-13 10:00:00,45.89718358,48.31046,asia-south,Standard_D4s_v3
2024-06-13 11:00:00,48.6944639,49.689587,asia-south,Standard_D4s_v3
2024-06-13 12:00:00,85.00576877,78.0925,asia-south,Standard_D4s_v3
2024-06-13 13:00:00,75.82562329,75.38725,asia-south,Standard_D4s_v3
2024-06-13 14:00:00,47.4866848,49.002712,asia-south,Standard_D4s_v3
2024-06-13 15:00:00,44.69299178,46.771004,asia-south,Standard_D4s_v3
2024-06-13 16:00:00,41.89929875,42.529594,asia-south,Standard_D4s_v3
2024-06-13 17:00:00,49.41386366,50.36971,asia-south,Standard_D4s_v3
2024-06-13 18:00:00,42.986864,45.981377,asia-south,Standard_D4s_v3
2024-06-13 19:00:00,36.55986435,37.795288,asia-south,Standard_D4s_v3
2024-06-13 20:00:00,36.05330705,45.322174,asia-south,Standard_D4s_v3
2024-06-13 21:00:00,35.54674975,40.386765,asia-south,Standard_D4s_v3
2024-06-13 22:00:00,54.56134742,53.614273,asia-south,Standard_D4s_v3
2024-06-13 23:00:00,42.21174953,46.154976,asia-south,Standard_D4s_v3
2024-06-14 00:00:00,43.19819965,49.095898,asia-south,Standard_D4s_v3
2024-06-14 01:00:00,65.86600139,65.41147,asia-south,Standard_D4s_v3
2024-06-14 02:00:00,56.15153604,57.628918,asia-south,Standard_D4s_v3
2024-06-14 03:00:00,60.86720602,69.956,asia-south,Standard_D4s_v3
2024-06-14 04:00:00,65.582876,65.83916,asia-south,Standard_D4s_v3
2024-06-14 05:00:00,50.22789279,53.3728,asia-south,Standard_D4s_v3
2024-06-14 06:00:00,53.34369899,55.42371,asia-south,Standard_D4s_v3
2024-06-14 07:00:00,81.69453906,78.645226,asia-south,Standard_D4s_v3
2024-06-14 08:00:00,72.69372627,71.71115,asia-south,Standard_D4s_v3
2024-06-14 09:00:00,72.05246664,72.13903,asia-south,Standard_D4s_v3
2024-06-14 10:00:00,71.96461218,66.240204,asia-south,Standard_D4s_v3
2024-06-14 11:00:00,46.03817002,49.007713,asia-south,Standard_D4s_v3
2024-06-14 12:00:00,35.14149393,38.19747,asia-south,Standard_D4s_v3
2024-06-14 13:00:00,34.15152895,43.47838,asia-south,Standard_D4s_v3
2024-06-14 14:00:00,33.16156398,48.732162,asia-south,Standard_D4s_v3
2024-06-14 15:00:00,32.171599,45.20718,asia-south,Standard_D4s_v3
2024-06-14 16:00:00,31.18163403,42.62958,asia-south,Standard_D4s_v3
2024-06-14 17:00:00,30.19166906,34.43146,asia-south,Standard_D4s_v3
2024-06-14 18:00:00,29.20170408,30.316721,asia-south,Standard_D4s_v3
2024-06-14 19:00:00,31.97238431,30.501806,asia-south,Standard_D4s_v3
2024-06-14 20:00:00,38.40718318,38.06767,asia-south,Standard_D4s_v3
2024-06-14 21:00:00,44.35549057,43.111736,asia-south,Standard_D4s_v3
2024-06-14 22:00:00,48.45310774,45.807713,asia-south,Standard_D4s_v3
2024-06-14 23:00:00,49.22654095,52.92705,asia-south,Standard_D4s_v3
2024-06-15 00:00:00,61.52516026,65.43643,asia-south,Standard_D4s_v3
2024-06-15 01:00:00,74.85774793,73.22761,asia-south,Standard_D4s_v3
2024-06-15 02:00:00,52.63749065,54.78641,asia-south,Standard_D4s_v3
2024-06-15 03:00:00,65.40917958,63.51697,asia-south,Standard_D4s_v3
2024-06-15 04:00:00,64.53183376,65.81597,asia-south,Standard_D4s_v3
2024-06-15 05:00:00,83.78849543,79.78339,asia-south,Standard_D4s_v3
2024-06-15 06:00:00,79.64574566,79.77874,asia-south,Standard_D4s_v3
2024-06-15 07:00:00,67.34458479,69.79414,asia-south,Standard_D4s_v3
2024-06-15 08:00:00,59.64675111,59.136806,asia-south,Standard_D4s_v3
2024-06-15 09:00:00,60.94720021,66.951385,asia-south,Standard_D4s_v3
2024-06-15 10:00:00,69.89942303,67.421104,asia-south,Standard_D4s_v3
2024-06-15 11:00:00,34.85322813,36.638557,asia-south,Standard_D4s_v3
2024-06-15 12:00:00,83.63985836,77.39207,asia-south,Standard_D4s_v3
2024-06-15 13:00:00,74.22687654,70.398926,asia-south,Standard_D4s_v3
2024-06-15 14:00:00,44.73114165,46.544514,asia-south,Standard_D4s_v3
2024-06-15 15:00:00,53.00403769,50.49728,asia-south,Standard_D4s_v3
2024-06-15 16:00:00,47.1857408,46.879204,asia-south,Standard_D4s_v3
2024-06-15 17:00:00,41.36744392,43.975048,asia-south,Standard_D4s_v3
2024-06-15 18:00:00,42.79231484,42.035362,asia-south,Standard_D4s_v3
2024-06-15 19:00:00,40.58800576,47.194965,asia-south,Standard_D4s_v3
2024-06-15 20:00:00,38.38369668,40.151726,asia-south,Standard_D4s_v3
2024-06-15 21:00:00,36.40780321,38.15882,asia-south,Standard_D4s_v3
2024-06-15 22:00:00,51.15613959,50.58304,asia-south,Standard_D4s_v3
2024-06-15 23:00:00,61.30540098,56.198963,asia-south,Standard_D4s_v3
2024-06-16 00:00:00,28.71310852,33.520344,asia-south,Standard_D4s_v3
2024-06-16 01:00:00,64.74719605,62.450474,asia-south,Standard_D4s_v3
2024-06-16 02:00:00,58.11491346,59.4688,asia-south,Standard_D4s_v3
2024-06-16 03:00:00,65.51088025,65.20826,asia-south,Standard_D4s_v3
2024-06-16 04:00:00,81.67954425,73.64123,asia-south,Standard_D4s_v3
2024-06-16 05:00:00,71.1544203,74.03621,asia-south,Standard_D4s_v3
2024-06-16 06:00:00,72.46452179,78.3265,asia-south,Standard_D4s_v3
2024-06-16 07:00:00,62.2931644,72.292946,asia-south,Standard_D4s_v3
2024-06-16 08:00:00,84.06181757,78.88908,asia-south,Standard_D4s_v3
2024-06-16 09:00:00,73.16823743,71.709785,asia-south,Standard_D4s_v3
2024-06-16 10:00:00,43.05392794,52.44344,asia-south,Standard_D4s_v3
2024-06-16 11:00:00,61.1809966,57.967453,asia-south,Standard_D4s_v3
2024-06-16 12:00:00,54.6121963,59.54966,asia-south,Standard_D4s_v3
2024-06-16 13:00:00,48.043396,49.6621,asia-south,Standard_D4s_v3
2024-06-16 14:00:00,41.47459571,42.51914,asia-south,Standard_D4s_v3
2024-06-16 15:00:00,44.29125864,41.039032,asia-south,Standard_D4s_v3
2024-06-16 16:00:00,47.10792158,45.246307,asia-south,Standard_D4s_v3
2024-06-16 17:00:00,36.65489351,41.2566,asia-south,Standard_D4s_v3
2024-06-16 18:00:00,34.48876075,34.91081,asia-south,Standard_D4s_v3
2024-06-16 19:00:00,36.3182345,36.78338,asia-south,Standard_D4s_v3
2024-06-16 20:00:00,29.77250527,30.598763,asia-south,Standard_D4s_v3
2024-06-16 21:00:00,58.23956704,52.524487,asia-south,Standard_D4s_v3
2024-06-16 22:00:00,43.34564341,46.631706,asia-south,Standard_D4s_v3
2024-06-16 23:00:00,68.29608658,63.778847,asia-south,Standard_D4s_v3
2024-06-17 00:00:00,65.26697122,66.079994,asia-south,Standard_D4s_v3
2024-06-17 01:00:00,58.12570877,64.53902,asia-south,Standard_D4s_v3
2024-06-17 02:00:00,50.98444632,52.165546,asia-south,Standard_D4s_v3
2024-06-17 03:00:00,55.6654019,57.28577,asia-south,Standard_D4s_v3
2024-06-17 04:00:00,85.07283219,72.370056,asia-south,Standard_D4s_v3
2024-06-17 05:00:00,69.14511778,68.05111,asia-south,Standard_D4s_v3
2024-06-17 06:00:00,50.08055611,53.550602,asia-south,Standard_D4s_v3
2024-06-17 07:00:00,62.44962039,60.951168,asia-south,Standard_D4s_v3
2024-06-17 08:00:00,62.62720074,63.44037,asia-south,Standard_D4s_v3
2024-06-17 09:00:00,57.59521981,59.210106,asia-south,Standard_D4s_v3
2024-06-17 10:00:00,65.81340423,62.7183,asia-south,Standard_D4s_v3
2024-06-17 11:00:00,31.3018668,36.053608,asia-south,Standard_D4s_v3
2024-06-17 12:00:00,89.54940655,81.55373,asia-south,Standard_D4s_v3
2024-06-17 13:00:00,55.4921146,55.28809,asia-south,Standard_D4s_v3
2024-06-17 14:00:00,47.36557805,48.54803,asia-south,Standard_D4s_v3
2024-06-17 15:00:00,58.07802198,56.537876,asia-south,Standard_D4s_v3
2024-06-17 16:00:00,33.608441,37.1516,asia-south,Standard_D4s_v3
2024-06-17 17:00:00,35.78383604,36.4335,asia-south,Standard_D4s_v3
2024-06-17 18:00:00,33.36300734,38.65125,asia-south,Standard_D4s_v3
2024-06-17 19:00:00,45.52121621,45.281116,asia-south,Standard_D4s_v3
2024-06-17 20:00:00,53.57495056,50.907104,asia-south,Standard_D4s_v3
2024-06-17 21:00:00,55.9803012,40.52081,asia-south,Standard_D4s_v3
2024-06-17 22:00:00,58.38565183,57.191425,asia-south,Standard_D4s_v3
2024-06-17 23:00:00,41.42936795,50.96149,asia-south,Standard_D4s_v3
2024-06-18 00:00:00,63.4847934,62.970062,asia-south,Standard_D4s_v3
2024-06-18 01:00:00,57.92215856,59.394737,asia-south,Standard_D4s_v3
2024-06-18 02:00:00,66.43740129,76.66152,asia-south,Standard_D4s_v3
2024-06-18 03:00:00,74.95264401,75.77976,asia-south,Standard_D4s_v3
2024-06-18 04:00:00,72.35857552,72.5394,asia-south,Standard_D4s_v3
2024-06-18 05:00:00,98.68832381,93.40078,asia-south,Standard_D4s_v3
2024-06-18 06:00:00,80.69618158,73.74185,asia-south,Standard_D4s_v3
2024-06-18 07:00:00,62.70403935,65.76961,asia-south,Standard_D4s_v3
2024-06-18 08:00:00,63.73689031,64.181114,asia-south,Standard_D4s_v3
2024-06-18 09:00:00,73.57305671,71.75641,asia-south,Standard_D4s_v3
2024-06-18 10:00:00,72.41555814,77.69646,asia-south,Standard_D4s_v3
2024-06-18 11:00:00,71.25805957,69.27891,asia-south,Standard_D4s_v3
2024-06-18 12:00:00,89.20285648,70.5907,asia-south,Standard_D4s_v3
2024-06-18 13:00:00,75.78435462,58.912937,asia-south,Standard_D4s_v3
2024-06-18 14:00:00,62.36585275,57.678936,asia-south,Standard_D4s_v3
2024-06-18 15:00:00,30.74156361,37.450516,asia-south,Standard_D4s_v3
2024-06-18 16:00:00,36.37424785,37.130707,asia-south,Standard_D4s_v3
2024-06-18 17:00:00,32.8473489,34.77723,asia-south,Standard_D4s_v3
2024-06-18 18:00:00,23.73061625,28.238997,asia-south,Standard_D4s_v3
2024-06-18 19:00:00,35.04580062,38.275146,asia-south,Standard_D4s_v3
2024-06-18 20:00:00,46.36098499,45.522045,asia-south,Standard_D4s_v3
2024-06-18 21:00:00,46.94867208,47.83545,asia-south,Standard_D4s_v3
2024-06-18 22:00:00,47.53635916,36.845867,asia-south,Standard_D4s_v3
2024-06-18 23:00:00,48.12404625,47.64,asia-south,Standard_D4s_v3
2024-06-19 00:00:00,53.69370633,52.878296,asia-south,Standard_D4s_v3
2024-06-19 01:00:00,52.40979343,54.760006,asia-south,Standard_D4s_v3
2024-06-19 02:00:00,57.06338467,56.153545,asia-south,Standard_D4s_v3
2024-06-19 03:00:00,61.7169759,64.00217,asia-south,Standard_D4s_v3
2024-06-19 04:00:00,77.25376079,76.54112,asia-south,Standard_D4s_v3
2024-06-19 05:00:00,70.09158814,74.183044,asia-south,Standard_D4s_v3
2024-06-19 06:00:00,61.1845222,67.31251,asia-south,Standard_D4s_v3
2024-06-19 07:00:00,66.77395693,72.642715,asia-south,Standard_D4s_v3
2024-06-19 08:00:00,72.36339167,80.94853,asia-south,Standard_D4s_v3
2024-06-19 09:00:00,77.9528264,68.226746,asia-south,Standard_D4s_v3
2024-06-19 10:00:00,83.54226114,72.58046,asia-south,Standard_D4s_v3
2024-06-19 11:00:00,39.30328941,42.00638,asia-south,Standard_D4s_v3
2024-06-19 12:00:00,47.91357184,48.325684,asia-south,Standard_D4s_v3
2024-06-19 13:00:00,69.80011431,68.91167,asia-south,Standard_D4s_v3
2024-06-19 14:00:00,58.48920061,55.57412,asia-south,Standard_D4s_v3
2024-06-19 15:00:00,35.20085593,36.668766,asia-south,Standard_D4s_v3
2024-06-19 16:00:00,37.98831078,38.633224,asia-south,Standard_D4s_v3
2024-06-19 17:00:00,46.36508745,45.434776,asia-south,Standard_D4s_v3
2024-06-19 18:00:00,39.77224352,41.24897,asia-south,Standard_D4s_v3
2024-06-19 19:00:00,33.17939958,39.95296,asia-south,Standard_D4s_v3
2024-06-19 20:00:00,48.10750613,45.832184,asia-south,Standard_D4s_v3
2024-06-19 21:00:00,46.29327959,46.62346,asia-south,Standard_D4s_v3
2024-06-19 22:00:00,48.39019518,60.2202,asia-south,Standard_D4s_v3
2024-06-19 23:00:00,50.48711077,52.010338,asia-south,Standard_D4s_v3
2024-06-20 00:00:00,62.45447688,56.709766,asia-south,Standard_D4s_v3
2024-06-20 01:00:00,45.45024857,48.089413,asia-south,Standard_D4s_v3
2024-06-20 02:00:00,50.62090579,50.9701,asia-south,Standard_D4s_v3
2024-06-20 03:00:00,44.06850172,51.978294,asia-south,Standard_D4s_v3
2024-06-20 04:00:00,37.51609766,41.17849,asia-south,Standard_D4s_v3
2024-06-20 05:00:00,62.91794713,62.228676,asia-south,Standard_D4s_v3
2024-06-20 06:00:00,51.50025088,58.573833,asia-south,Standard_D4s_v3
2024-06-20 07:00:00,82.82574124,77.55813,asia-south,Standard_D4s_v3
2024-06-20 08:00:00,60.6773386,59.168053,asia-south,Standard_D4s_v3
2024-06-20 09:00:00,71.73924363,65.41846,asia-south,Standard_D4s_v3
2024-06-20 10:00:00,67.79852159,65.10922,asia-south,Standard_D4s_v3
2024-06-20 11:00:00,63.85779955,60.708813,asia-south,Standard_D4s_v3
2024-06-20 12:00:00,69.07571459,64.74235,asia-south,Standard_D4s_v3
2024-06-20 13:00:00,61.18722972,61.350475,asia-south,Standard_D4s_v3
2024-06-20 14:00:00,52.34306302,52.577435,asia-south,Standard_D4s_v3
2024-06-20 15:00:00,40.47189752,40.174324,asia-south,Standard_D4s_v3
2024-06-20 16:00:00,47.13114711,46.178696,asia-south,Standard_D4s_v3
2024-06-20 17:00:00,50.09310677,46.733143,asia-south,Standard_D4s_v3
2024-06-20 18:00:00,36.32829214,39.191498,asia-south,Standard_D4s_v3
2024-06-20 19:00:00,43.45393615,37.1015,asia-south,Standard_D4s_v3
2024-06-20 20:00:00,27.88532916,30.076405,asia-south,Standard_D4s_v3
2024-06-20 21:00:00,36.00395196,37.706917,asia-south,Standard_D4s_v3
2024-06-20 22:00:00,44.12257476,44.24315,asia-south,Standard_D4s_v3
2024-06-20 23:00:00,64.67718422,51.70894,asia-south,Standard_D4s_v3
2024-06-21 00:00:00,55.22746834,57.262913,asia-south,Standard_D4s_v3
2024-06-21 01:00:00,69.36752996,60.195175,asia-south,Standard_D4s_v3
2024-06-21 02:00:00,54.35876572,61.817547,asia-south,Standard_D4s_v3
2024-06-21 03:00:00,69.10248222,67.17289,asia-south,Standard_D4s_v3
2024-06-21 04:00:00,74.73629174,77.00287,asia-south,Standard_D4s_v3
2024-06-21 05:00:00,75.51753988,55.24378,asia-south,Standard_D4s_v3
2024-06-21 06:00:00,76.29878803,77.1521,asia-south,Standard_D4s_v3
2024-06-21 07:00:00,94.01059635,93.01645,asia-south,Standard_D4s_v3
2024-06-21 08:00:00,82.23878691,82.38232,asia-south,Standard_D4s_v3
2024-06-21 09:00:00,78.62490185,76.54071,asia-south,Standard_D4s_v3
2024-06-21 10:00:00,75.0110168,75.3555,asia-south,Standard_D4s_v3
2024-06-21 11:00:00,57.15686638,60.008514,asia-south,Standard_D4s_v3
2024-06-21 12:00:00,64.05778035,62.85249,asia-south,Standard_D4s_v3
2024-06-21 13:00:00,63.33448305,62.88908,asia-south,Standard_D4s_v3
2024-06-21 14:00:00,51.91015909,51.906937,asia-south,Standard_D4s_v3
2024-06-21 15:00:00,40.48583513,42.98194,asia-south,Standard_D4s_v3
2024-06-21 16:00:00,34.83221485,37.32722,asia-south,Standard_D4s_v3
2024-06-21 17:00:00,34.96970266,37.640373,asia-south,Standard_D4s_v3
2024-06-21 18:00:00,34.42966925,38.565098,asia-south,Standard_D4s_v3
2024-06-21 19:00:00,33.88963583,34.518253,asia-south,Standard_D4s_v3
2024-06-21 20:00:00,41.9098444,40.822968,asia-south,Standard_D4s_v3
2024-06-21 21:00:00,52.86241627,49.199333,asia-south,Standard_D4s_v3
2024-06-21 22:00:00,64.84703613,57.92405,asia-south,Standard_D4s_v3
2024-06-21 23:00:00,42.82595224,44.329895,asia-south,Standard_D4s_v3
2024-06-22 00:00:00,55.96080569,56.135036,asia-south,Standard_D4s_v3
2024-06-22 01:00:00,69.82114364,68.64968,asia-south,Standard_D4s_v3
2024-06-22 02:00:00,53.84189249,60.70848,asia-south,Standard_D4s_v3
2024-06-22 03:00:00,63.14255095,63.80428,asia-south,Standard_D4s_v3
2024-06-22 04:00:00,76.59122355,77.37649,asia-south,Standard_D4s_v3
2024-06-22 05:00:00,67.04168791,55.426636,asia-south,Standard_D4s_v3
2024-06-22 06:00:00,57.49215228,60.057457,asia-south,Standard_D4s_v3
2024-06-22 07:00:00,65.00454235,62.807575,asia-south,Standard_D4s_v3
2024-06-22 08:00:00,88.66639453,73.78695,asia-south,Standard_D4s_v3
2024-06-22 09:00:00,83.07128223,71.66739,asia-south,Standard_D4s_v3
2024-06-22 10:00:00,45.50791924,47.172253,asia-south,Standard_D4s_v3
2024-06-22 11:00:00,50.48039145,66.89799,asia-south,Standard_D4s_v3
2024-06-22 12:00:00,55.45286366,52.445843,asia-south,Standard_D4s_v3
2024-06-22 13:00:00,35.9483649,39.41057,asia-south,Standard_D4s_v3
2024-06-22 14:00:00,47.12224967,46.753174,asia-south,Standard_D4s_v3
2024-06-22 15:00:00,42.41735801,44.760628,asia-south,Standard_D4s_v3
2024-06-22 16:00:00,35.5928687,36.424088,asia-south,Standard_D4s_v3
2024-06-22 17:00:00,34.61711879,34.980553,asia-south,Standard_D4s_v3
2024-06-22 18:00:00,33.64136888,34.960613,asia-south,Standard_D4s_v3
2024-06-22 19:00:00,41.75061293,31.85836,asia-south,Standard_D4s_v3
2024-06-22 20:00:00,49.85985698,48.825283,asia-south,Standard_D4s_v3
2024-06-22 21:00:00,39.04322311,44.02621,asia-south,Standard_D4s_v3
2024-06-22 22:00:00,48.54087064,46.99893,asia-south,Standard_D4s_v3
2024-06-22 23:00:00,48.78765309,47.912426,asia-south,Standard_D4s_v3
2024-06-23 00:00:00,45.29013649,47.49592,asia-south,Standard_D4s_v3
2024-06-23 01:00:00,53.80199589,51.34894,asia-south,Standard_D4s_v3
2024-06-23 02:00:00,41.76891393,41.995304,asia-south,Standard_D4s_v3
2024-06-23 03:00:00,60.05781506,58.434574,asia-south,Standard_D4s_v3
2024-06-23 04:00:00,39.40883587,45.65774,asia-south,Standard_D4s_v3
2024-06-23 05:00:00,71.87747732,70.6153,asia-south,Standard_D4s_v3
2024-06-23 06:00:00,70.79625795,73.620544,asia-south,Standard_D4s_v3
2024-06-23 07:00:00,69.71503858,67.90615,asia-south,Standard_D4s_v3
2024-06-23 08:00:00,77.16486811,73.20275,asia-south,Standard_D4s_v3
2024-06-23 09:00:00,75.10792062,71.68265,asia-south,Standard_D4s_v3
2024-06-23 10:00:00,73.05097314,72.340515,asia-south,Standard_D4s_v3
2024-06-23 11:00:00,54.73615698,58.104126,asia-south,Standard_D4s_v3
2024-06-23 12:00:00,68.23433864,62.563194,asia-south,Standard_D4s_v3
2024-06-23 13:00:00,56.9114656,56.406605,asia-south,Standard_D4s_v3
2024-06-23 14:00:00,38.99618142,42.46324,asia-south,Standard_D4s_v3
2024-06-23 15:00:00,46.98970671,42.5899,asia-south,Standard_D4s_v3
2024-06-23 16:00:00,32.45830462,34.655605,asia-south,Standard_D4s_v3
2024-06-23 17:00:00,44.61242702,42.609528,asia-south,Standard_D4s_v3
2024-06-23 18:00:00,36.92509905,36.766388,asia-south,Standard_D4s_v3
2024-06-23 19:00:00,39.16846288,38.433952,asia-south,Standard_D4s_v3
2024-06-23 20:00:00,32.26462017,34.355694,asia-south,Standard_D4s_v3
2024-06-23 21:00:00,43.47477055,43.12182,asia-south,Standard_D4s_v3
2024-06-23 22:00:00,54.68492092,53.728405,asia-south,Standard_D4s_v3
2024-06-23 23:00:00,35.9328412,40.7742,asia-south,Standard_D4s_v3
2024-06-24 00:00:00,51.98262195,48.88546,asia-south,Standard_D4s_v3
2024-06-24 01:00:00,54.93369128,55.37039,asia-south,Standard_D4s_v3
2024-06-24 02:00:00,59.42650988,59.49322,asia-south,Standard_D4s_v3
2024-06-24 03:00:00,75.25364372,71.783195,asia-south,Standard_D4s_v3
2024-06-24 04:00:00,92.66971982,86.686615,asia-south,Standard_D4s_v3
2024-06-24 05:00:00,87.97163344,82.62619,asia-south,Standard_D4s_v3
2024-06-24 06:00:00,83.27354705,82.46646,asia-south,Standard_D4s_v3
2024-06-24 07:00:00,78.57546067,62.02919,asia-south,Standard_D4s_v3
2024-06-24 08:00:00,73.87737429,61.435333,asia-south,Standard_D4s_v3
2024-06-24 09:00:00,60.06353534,60.85237,asia-south,Standard_D4s_v3
2024-06-24 10:00:00,77.5133406,68.49137,asia-south,Standard_D4s_v3
2024-06-24 11:00:00,44.16604455,56.10977,asia-south,Standard_D4s_v3
2024-06-24 12:00:00,57.05014762,57.636845,asia-south,Standard_D4s_v3
2024-06-24 13:00:00,70.0933695,68.52621,asia-south,Standard_D4s_v3
2024-06-24 14:00:00,38.68917273,54.83484,asia-south,Standard_D4s_v3
2024-06-24 15:00:00,43.33161633,52.708874,asia-south,Standard_D4s_v3
2024-06-24 16:00:00,47.97405994,46.209724,asia-south,Standard_D4s_v3
2024-06-24 17:00:00,52.61650354,48.197094,asia-south,Standard_D4s_v3
2024-06-24 18:00:00,52.76709209,42.980022,asia-south,Standard_D4s_v3
2024-06-24 19:00:00,52.91768063,53.879105,asia-south,Standard_D4s_v3
2024-06-24 20:00:00,65.89963805,63.82616,asia-south,Standard_D4s_v3
2024-06-24 21:00:00,38.9760023,40.287952,asia-south,Standard_D4s_v3
2024-06-24 22:00:00,32.07044867,33.073124,asia-south,Standard_D4s_v3
2024-06-24 23:00:00,48.61225349,39.401474,asia-south,Standard_D4s_v3
2024-06-25 00:00:00,48.86345874,50.45158,asia-south,Standard_D4s_v3
2024-06-25 01:00:00,51.45166661,53.58834,asia-south,Standard_D4s_v3
2024-06-25 02:00:00,77.06619034,75.22743,asia-south,Standard_D4s_v3
2024-06-25 03:00:00,52.29038087,57.243633,asia-south,Standard_D4s_v3
2024-06-25 04:00:00,66.9657591,74.55779,asia-south,Standard_D4s_v3
2024-06-25 05:00:00,81.64113733,80.86517,asia-south,Standard_D4s_v3
2024-06-25 06:00:00,84.81150606,77.881615,asia-south,Standard_D4s_v3
2024-06-25 07:00:00,60.94407832,66.26393,asia-south,Standard_D4s_v3
2024-06-25 08:00:00,74.29894067,72.018005,asia-south,Standard_D4s_v3
2024-06-25 09:00:00,80.18903746,79.51826,asia-south,Standard_D4s_v3
2024-06-25 10:00:00,63.59148332,69.724754,asia-south,Standard_D4s_v3
2024-06-25 11:00:00,71.33693699,68.99183,asia-south,Standard_D4s_v3
2024-06-25 12:00:00,42.22035858,46.876045,asia-south,Standard_D4s_v3
2024-06-25 13:00:00,73.30085648,67.418106,asia-south,Standard_D4s_v3
2024-06-25 14:00:00,63.37681117,63.591515,asia-south,Standard_D4s_v3
2024-06-25 15:00:00,58.66688901,56.306767,asia-south,Standard_D4s_v3
2024-06-25 16:00:00,36.07850621,38.847923,asia-south,Standard_D4s_v3
2024-06-25 17:00:00,33.20608627,35.133606,asia-south,Standard_D4s_v3
2024-06-25 18:00:00,53.32520296,52.220932,asia-south,Standard_D4s_v3
2024-06-25 19:00:00,43.20472924,46.159042,asia-south,Standard_D4s_v3
2024-06-25 20:00:00,47.03477256,42.424133,asia-south,Standard_D4s_v3
2024-06-25 21:00:00,25.63352219,27.82339,asia-south,Standard_D4s_v3
2024-06-25 22:00:00,41.78307883,41.47299,asia-south,Standard_D4s_v3
2024-06-25 23:00:00,61.00423617,58.808586,asia-south,Standard_D4s_v3
2024-06-26 00:00:00,67.5064289,68.42538,asia-south,Standard_D4s_v3
2024-06-26 01:00:00,77.37473315,75.44851,asia-south,Standard_D4s_v3
2024-06-26 02:00:00,51.31323401,58.438267,asia-south,Standard_D4s_v3
2024-06-26 03:00:00,76.8236519,72.592316,asia-south,Standard_D4s_v3
2024-06-26 04:00:00,56.13103256,59.29593,asia-south,Standard_D4s_v3
2024-06-26 05:00:00,75.29936439,74.893196,asia-south,Standard_D4s_v3
2024-06-26 06:00:00,97.64411784,96.354294,asia-south,Standard_D4s_v3
2024-06-26 07:00:00,77.11049541,80.27832,asia-south,Standard_D4s_v3
2024-06-26 08:00:00,78.2965674,83.71884,asia-south,Standard_D4s_v3
2024-06-26 09:00:00,79.48263939,79.96749,asia-south,Standard_D4s_v3
2024-06-26 10:00:00,82.10435922,77.705894,asia-south,Standard_D4s_v3
2024-06-26 11:00:00,65.0171617,62.217293,asia-south,Standard_D4s_v3
2024-06-26 12:00:00,60.91387807,60.00334,asia-south,Standard_D4s_v3
2024-06-26 13:00:00,55.14065531,55.048725,asia-south,Standard_D4s_v3
2024-06-26 14:00:00,40.63154135,42.98444,asia-south,Standard_D4s_v3
2024-06-26 15:00:00,46.82551547,43.013447,asia-south,Standard_D4s_v3
2024-06-26 16:00:00,45.48331749,45.78461,asia-south,Standard_D4s_v3
2024-06-26 17:00:00,48.22455412,47.314587,asia-south,Standard_D4s_v3
2024-06-26 18:00:00,38.7380389,41.161617,asia-south,Standard_D4s_v3
2024-06-26 19:00:00,49.10343453,46.670486,asia-south,Standard_D4s_v3
2024-06-26 20:00:00,47.59349383,47.681942,asia-south,Standard_D4s_v3
2024-06-26 21:00:00,46.08355313,49.33198,asia-south,Standard_D4s_v3
2024-06-26 22:00:00,51.07951521,52.126366,asia-south,Standard_D4s_v3
2024-06-26 23:00:00,53.8705541,53.302032,asia-south,Standard_D4s_v3
2024-06-27 00:00:00,34.83021625,41.44507,asia-south,Standard_D4s_v3
2024-06-27 01:00:00,58.77644138,59.262646,asia-south,Standard_D4s_v3
2024-06-27 02:00:00,55.00521539,57.177322,asia-south,Standard_D4s_v3
2024-06-27 03:00:00,58.68472349,61.323044,asia-south,Standard_D4s_v3
2024-06-27 04:00:00,66.44387413,80.51565,asia-south,Standard_D4s_v3
2024-06-27 05:00:00,74.20302478,81.48586,asia-south,Standard_D4s_v3
2024-06-27 06:00:00,81.96217542,81.874504,asia-south,Standard_D4s_v3
2024-06-27 07:00:00,50.11546898,54.538746,asia-south,Standard_D4s_v3
2024-06-27 08:00:00,60.51557653,60.854366,asia-south,Standard_D4s_v3
2024-06-27 09:00:00,66.71068306,69.96568,asia-south,Standard_D4s_v3
2024-06-27 10:00:00,88.77675866,79.852646,asia-south,Standard_D4s_v3
2024-06-27 11:00:00,76.52735668,74.07782,asia-south,Standard_D4s_v3
2024-06-27 12:00:00,65.20845506,68.08631,asia-south,Standard_D4s_v3
2024-06-27 13:00:00,60.21943146,59.536976,asia-south,Standard_D4s_v3
2024-06-27 14:00:00,60.13182657,57.1709,asia-south,Standard_D4s_v3
2024-06-27 15:00:00,39.90178362,45.469322,asia-south,Standard_D4s_v3
2024-06-27 16:00:00,31.35294091,37.02417,asia-south,Standard_D4s_v3
2024-06-27 17:00:00,39.93247261,33.713737,asia-south,Standard_D4s_v3
2024-06-27 18:00:00,31.52054438,33.96746,asia-south,Standard_D4s_v3
2024-06-27 19:00:00,23.10861615,21.636177,asia-south,Standard_D4s_v3
2024-06-27 20:00:00,30.15810223,31.274254,asia-south,Standard_D4s_v3
2024-06-27 21:00:00,48.90703019,47.355965,asia-south,Standard_D4s_v3
2024-06-27 22:00:00,53.76268849,50.881065,asia-south,Standard_D4s_v3
2024-06-27 23:00:00,58.6183468,57.27563,asia-south,Standard_D4s_v3
2024-06-28 00:00:00,58.10211275,58.322784,asia-south,Standard_D4s_v3
2024-06-28 01:00:00,82.74117312,79.530846,asia-south,Standard_D4s_v3
2024-06-28 02:00:00,79.32814346,78.35678,asia-south,Standard_D4s_v3
2024-06-28 03:00:00,64.0275268,66.63131,asia-south,Standard_D4s_v3
2024-06-28 04:00:00,46.69275134,52.80169,asia-south,Standard_D4s_v3
2024-06-28 05:00:00,40.71700387,42.51571,asia-south,Standard_D4s_v3
2024-06-28 06:00:00,74.80722996,66.75309,asia-south,Standard_D4s_v3
2024-06-28 07:00:00,76.55052854,77.001114,asia-south,Standard_D4s_v3
2024-06-28 08:00:00,48.81164578,59.25866,asia-south,Standard_D4s_v3
2024-06-28 09:00:00,74.11883122,72.18573,asia-south,Standard_D4s_v3
2024-06-28 10:00:00,66.72219952,67.57884,asia-south,Standard_D4s_v3
2024-06-28 11:00:00,45.86244889,58.45927,asia-south,Standard_D4s_v3
2024-06-28 12:00:00,32.44012503,44.967506,asia-south,Standard_D4s_v3
2024-06-28 13:00:00,72.57119991,67.55701,asia-south,Standard_D4s_v3
2024-06-28 14:00:00,57.46894133,61.95704,asia-south,Standard_D4s_v3
2024-06-28 15:00:00,49.24414978,49.289345,asia-south,Standard_D4s_v3
2024-06-28 16:00:00,41.01935824,42.342464,asia-south,Standard_D4s_v3
2024-06-28 17:00:00,49.01808778,47.773193,asia-south,Standard_D4s_v3
2024-06-28 18:00:00,50.00941355,36.07933,asia-south,Standard_D4s_v3
2024-06-28 19:00:00,51.00073932,37.007236,asia-south,Standard_D4s_v3
2024-06-28 20:00:00,51.99206509,41.217785,asia-south,Standard_D4s_v3
2024-06-28 21:00:00,52.98339086,48.96245,asia-south,Standard_D4s_v3
2024-06-28 22:00:00,45.09289804,51.58239,asia-south,Standard_D4s_v3
2024-06-28 23:00:00,65.53429752,64.84064,asia-south,Standard_D4s_v3
2024-06-29 00:00:00,60.64505767,61.426872,asia-south,Standard_D4s_v3
2024-06-29 01:00:00,64.93913535,58.97519,asia-south,Standard_D4s_v3
2024-06-29 02:00:00,49.84056348,51.8615,asia-south,Standard_D4s_v3
2024-06-29 03:00:00,43.57263039,45.605522,asia-south,Standard_D4s_v3
2024-06-29 04:00:00,59.78660356,58.9673,asia-south,Standard_D4s_v3
2024-06-29 05:00:00,82.73277171,79.18144,asia-south,Standard_D4s_v3
2024-06-29 06:00:00,69.77030884,70.69627,asia-south,Standard_D4s_v3
2024-06-29 07:00:00,61.11653176,61.00031,asia-south,Standard_D4s_v3
2024-06-29 08:00:00,76.62098094,75.571205,asia-south,Standard_D4s_v3
2024-06-29 09:00:00,70.15142458,69.67177,asia-south,Standard_D4s_v3
2024-06-29 10:00:00,58.77684089,59.867043,asia-south,Standard_D4s_v3
2024-06-29 11:00:00,53.97041305,55.926247,asia-south,Standard_D4s_v3
2024-06-29 12:00:00,46.54089766,48.22972,asia-south,Standard_D4s_v3
2024-06-29 13:00:00,56.08551268,54.886818,asia-south,Standard_D4s_v3
2024-06-29 14:00:00,37.75611164,40.85118,asia-south,Standard_D4s_v3
2024-06-29 15:00:00,34.68305834,37.739735,asia-south,Standard_D4s_v3
2024-06-29 16:00:00,56.82268319,54.314983,asia-south,Standard_D4s_v3
2024-06-29 17:00:00,33.8792366,39.029682,asia-south,Standard_D4s_v3
2024-06-29 18:00:00,30.09469083,30.398561,asia-south,Standard_D4s_v3
2024-06-29 19:00:00,40.30620092,41.376587,asia-south,Standard_D4s_v3
2024-06-29 20:00:00,44.44653962,33.055485,asia-south,Standard_D4s_v3
2024-06-29 21:00:00,48.58687832,48.311317,asia-south,Standard_D4s_v3
2024-06-29 22:00:00,51.71076197,50.319042,asia-south,Standard_D4s_v3
2024-06-29 23:00:00,76.23223097,72.52517,asia-south,Standard_D4s_v3
2024-06-30 00:00:00,59.15023755,60.99548,asia-south,Standard_D4s_v3
2024-06-30 01:00:00,43.43823701,47.00878,asia-south,Standard_D4s_v3
2024-06-30 02:00:00,59.04333393,68.21539,asia-south,Standard_D4s_v3
2024-06-30 03:00:00,74.64843084,74.1314,asia-south,Standard_D4s_v3
2024-06-30 04:00:00,67.45545152,68.149864,asia-south,Standard_D4s_v3
2024-06-30 05:00:00,84.62679322,80.71442,asia-south,Standard_D4s_v3
2024-06-30 06:00:00,68.85842077,68.29187,asia-south,Standard_D4s_v3
2024-06-30 07:00:00,66.12307537,68.043564,asia-south,Standard_D4s_v3
2024-06-30 08:00:00,58.96203989,63.81841,asia-south,Standard_D4s_v3
2024-06-30 09:00:00,55.68505313,59.082176,asia-south,Standard_D4s_v3
2024-06-30 10:00:00,52.40806638,54.007637,asia-south,Standard_D4s_v3
2024-06-30 11:00:00,49.13107963,50.72902,asia-south,Standard_D4s_v3
2024-06-30 12:00:00,54.24680216,51.81463,asia-south,Standard_D4s_v3
2024-06-30 13:00:00,59.3625247,57.93763,asia-south,Standard_D4s_v3
2024-06-30 14:00:00,53.77928495,47.595055,asia-south,Standard_D4s_v3
2024-06-30 15:00:00,42.23717645,43.149475,asia-south,Standard_D4s_v3
2024-06-30 16:00:00,48.6096414,43.783382,asia-south,Standard_D4s_v3
2024-06-30 17:00:00,57.73141876,46.15747,asia-south,Standard_D4s_v3
2024-06-30 18:00:00,23.38873338,28.59424,asia-south,Standard_D4s_v3
2024-06-30 19:00:00,43.06116863,43.977627,asia-south,Standard_D4s_v3
2024-06-30 20:00:00,45.56385179,46.75158,asia-south,Standard_D4s_v3
2024-06-30 21:00:00,48.06653495,41.352406,asia-south,Standard_D4s_v3
2024-06-30 22:00:00,50.56921811,48.406372,asia-south,Standard_D4s_v3
2024-06-30 23:00:00,45.55098711,48.167847,asia-south,Standard_D4s_v3
2024-07-01 00:00:00,56.49824091,56.536396,asia-south,Standard_D4s_v3
2024-07-01 01:00:00,53.00217522,47.7019,asia-south,Standard_D4s_v3
2024-07-01 02:00:00,49.50610953,61.66241,asia-south,Standard_D4s_v3
2024-07-01 03:00:00,46.01004384,50.078175,asia-south,Standard_D4s_v3
2024-07-01 04:00:00,57.7459795,58.04738,asia-south,Standard_D4s_v3
2024-07-01 05:00:00,58.46817253,58.3182,asia-south,Standard_D4s_v3
2024-07-01 06:00:00,42.00467946,60.040173,asia-south,Standard_D4s_v3
2024-07-01 07:00:00,77.12403607,72.58411,asia-south,Standard_D4s_v3
2024-07-01 08:00:00,68.0008568,68.36829,asia-south,Standard_D4s_v3
2024-07-01 09:00:00,59.52889632,67.26142,asia-south,Standard_D4s_v3
2024-07-01 10:00:00,54.02193812,69.913025,asia-south,Standard_D4s_v3
2024-07-01 11:00:00,48.51497991,57.977158,asia-south,Standard_D4s_v3
2024-07-01 12:00:00,62.79356708,62.24829,asia-south,Standard_D4s_v3
2024-07-01 13:00:00,56.78577239,58.42172,asia-south,Standard_D4s_v3
2024-07-01 14:00:00,50.77797771,50.28391,asia-south,Standard_D4s_v3
2024-07-01 15:00:00,33.31972395,35.10252,asia-south,Standard_D4s_v3
2024-07-01 16:00:00,34.98821843,34.911953,asia-south,Standard_D4s_v3
2024-07-01 17:00:00,43.99528738,42.210182,asia-south,Standard_D4s_v3
2024-07-01 18:00:00,43.89052695,43.372223,asia-south,Standard_D4s_v3
2024-07-01 19:00:00,45.36866295,44.97748,asia-south,Standard_D4s_v3
2024-07-01 20:00:00,40.6704961,41.662563,asia-south,Standard_D4s_v3
2024-07-01 21:00:00,46.07178123,43.797592,asia-south,Standard_D4s_v3
2024-07-01 22:00:00,40.26421725,43.791664,asia-south,Standard_D4s_v3
2024-07-01 23:00:00,49.58661853,48.58272,asia-south,Standard_D4s_v3
2024-07-02 00:00:00,38.99928887,50.74369,asia-south,Standard_D4s_v3
2024-07-02 01:00:00,63.12661036,61.26574,asia-south,Standard_D4s_v3
2024-07-02 02:00:00,61.85587059,61.57298,asia-south,Standard_D4s_v3
2024-07-02 03:00:00,71.13525191,72.57768,asia-south,Standard_D4s_v3
2024-07-02 04:00:00,66.04202448,76.20772,asia-south,Standard_D4s_v3
2024-07-02 05:00:00,60.94879704,61.562218,asia-south,Standard_D4s_v3
2024-07-02 06:00:00,88.08918417,81.70497,asia-south,Standard_D4s_v3
2024-07-02 07:00:00,86.43814492,82.92364,asia-south,Standard_D4s_v3
2024-07-02 08:00:00,86.00356408,82.11998,asia-south,Standard_D4s_v3
2024-07-02 09:00:00,71.73240027,73.80679,asia-south,Standard_D4s_v3
2024-07-02 10:00:00,54.07359579,57.93744,asia-south,Standard_D4s_v3
2024-07-02 11:00:00,49.25221395,52.561867,asia-south,Standard_D4s_v3
2024-07-02 12:00:00,50.5843053,51.52116,asia-south,Standard_D4s_v3
2024-07-02 13:00:00,28.02383408,31.256876,asia-south,Standard_D4s_v3
2024-07-02 14:00:00,51.94361924,43.443226,asia-south,Standard_D4s_v3
2024-07-02 15:00:00,48.35832017,50.878105,asia-south,Standard_D4s_v3
2024-07-02 16:00:00,44.97300141,46.6704,asia-south,Standard_D4s_v3
2024-07-02 17:00:00,40.12168618,39.39373,asia-south,Standard_D4s_v3
2024-07-02 18:00:00,36.46367777,40.288593,asia-south,Standard_D4s_v3
2024-07-02 19:00:00,32.80566936,33.146908,asia-south,Standard_D4s_v3
2024-07-02 20:00:00,47.6317265,42.81631,asia-south,Standard_D4s_v3
2024-07-02 21:00:00,53.77258002,52.59843,asia-south,Standard_D4s_v3
2024-07-02 22:00:00,38.42059063,40.551384,asia-south,Standard_D4s_v3
2024-07-02 23:00:00,59.78434808,57.039448,asia-south,Standard_D4s_v3
2024-07-03 00:00:00,49.24783577,49.79372,asia-south,Standard_D4s_v3
2024-07-03 01:00:00,49.97691137,49.284424,asia-south,Standard_D4s_v3
2024-07-03 02:00:00,32.02704222,36.49304,asia-south,Standard_D4s_v3
2024-07-03 03:00:00,63.80674936,63.15404,asia-south,Standard_D4s_v3
2024-07-03 04:00:00,83.10109216,80.13088,asia-south,Standard_D4s_v3
2024-07-03 05:00:00,59.15991228,60.869675,asia-south,Standard_D4s_v3
2024-07-03 06:00:00,70.83274759,65.34891,asia-south,Standard_D4s_v3
2024-07-03 07:00:00,82.5055829,80.15215,asia-south,Standard_D4s_v3
2024-07-03 08:00:00,67.2554012,67.70242,asia-south,Standard_D4s_v3
2024-07-03 09:00:00,62.78316847,64.50438,asia-south,Standard_D4s_v3
2024-07-03 10:00:00,62.18032271,63.885708,asia-south,Standard_D4s_v3
2024-07-03 11:00:00,43.73240167,46.62614,asia-south,Standard_D4s_v3
2024-07-03 12:00:00,65.84826228,48.501072,asia-south,Standard_D4s_v3
2024-07-03 13:00:00,54.83117823,50.51642,asia-south,Standard_D4s_v3
2024-07-03 14:00:00,42.37249063,46.178047,asia-south,Standard_D4s_v3
2024-07-03 15:00:00,45.76513269,42.98803,asia-south,Standard_D4s_v3
2024-07-03 16:00:00,49.15777474,49.123863,asia-south,Standard_D4s_v3
2024-07-03 17:00:00,44.89534994,48.577374,asia-south,Standard_D4s_v3
2024-07-03 18:00:00,40.63292513,40.96057,asia-south,Standard_D4s_v3
2024-07-03 19:00:00,39.34716283,39.734787,asia-south,Standard_D4s_v3
2024-07-03 20:00:00,40.65494809,39.62675,asia-south,Standard_D4s_v3
2024-07-03 21:00:00,41.96273335,42.255013,asia-south,Standard_D4s_v3
2024-07-03 22:00:00,46.77456835,47.58988,asia-south,Standard_D4s_v3
2024-07-03 23:00:00,52.66139112,51.650696,asia-south,Standard_D4s_v3
2024-07-04 00:00:00,52.41134559,53.27757,asia-south,Standard_D4s_v3
2024-07-04 01:00:00,63.81329469,64.422615,asia-south,Standard_D4s_v3
2024-07-04 02:00:00,71.00262326,71.61298,asia-south,Standard_D4s_v3
2024-07-04 03:00:00,61.66490252,68.95001,asia-south,Standard_D4s_v3
2024-07-04 04:00:00,52.19909437,64.421974,asia-south,Standard_D4s_v3
2024-07-04 05:00:00,79.71464265,75.68783,asia-south,Standard_D4s_v3
2024-07-04 06:00:00,64.01960711,68.05925,asia-south,Standard_D4s_v3
2024-07-04 07:00:00,44.85333114,45.63143,asia-south,Standard_D4s_v3
2024-07-04 08:00:00,84.9923945,80.20238,asia-south,Standard_D4s_v3
2024-07-04 09:00:00,67.79013377,67.90376,asia-south,Standard_D4s_v3
2024-07-04 10:00:00,73.62163042,67.47021,asia-south,Standard_D4s_v3
2024-07-04 11:00:00,54.5854386,55.197872,asia-south,Standard_D4s_v3
2024-07-04 12:00:00,37.85237438,45.57708,asia-south,Standard_D4s_v3
2024-07-04 13:00:00,51.46463985,48.828114,asia-south,Standard_D4s_v3
2024-07-04 14:00:00,46.76384309,45.941628,asia-south,Standard_D4s_v3
2024-07-04 15:00:00,43.39045681,44.01317,asia-south,Standard_D4s_v3
2024-07-04 16:00:00,27.46095281,28.487026,asia-south,Standard_D4s_v3
2024-07-04 17:00:00,39.88422651,40.01156,asia-south,Standard_D4s_v3
2024-07-04 18:00:00,48.79764762,47.25467,asia-south,Standard_D4s_v3
2024-07-04 19:00:00,46.65916365,46.49684,asia-south,Standard_D4s_v3
2024-07-04 20:00:00,36.49689166,38.97313,asia-south,Standard_D4s_v3
2024-07-04 21:00:00,46.14719031,44.520332,asia-south,Standard_D4s_v3
2024-07-04 22:00:00,35.84824807,37.78031,asia-south,Standard_D4s_v3
2024-07-04 23:00:00,61.37339332,58.81923,asia-south,Standard_D4s_v3
2024-07-05 00:00:00,48.68540109,48.225647,asia-south,Standard_D4s_v3
2024-07-05 01:00:00,35.99740885,41.938316,asia-south,Standard_D4s_v3
2024-07-05 02:00:00,80.71386155,78.95104,asia-south,Standard_D4s_v3
2024-07-05 03:00:00,67.50478274,68.970825,asia-south,Standard_D4s_v3
2024-07-05 04:00:00,67.99639539,66.925316,asia-south,Standard_D4s_v3
2024-07-05 05:00:00,77.30629874,76.74507,asia-south,Standard_D4s_v3
2024-07-05 06:00:00,83.09314134,82.829414,asia-south,Standard_D4s_v3
2024-07-05 07:00:00,48.56503762,52.546463,asia-south,Standard_D4s_v3
2024-07-05 08:00:00,72.88089546,63.91657,asia-south,Standard_D4s_v3
2024-07-05 09:00:00,55.85895978,64.29071,asia-south,Standard_D4s_v3
2024-07-05 10:00:00,38.8370241,43.69619,asia-south,Standard_D4s_v3
2024-07-05 11:00:00,54.28756641,49.410965,asia-south,Standard_D4s_v3
2024-07-05 12:00:00,40.68211845,44.243584,asia-south,Standard_D4s_v3
2024-07-05 13:00:00,42.39101948,44.018497,asia-south,Standard_D4s_v3
2024-07-05 14:00:00,55.82795029,50.89459,asia-south,Standard_D4s_v3
2024-07-05 15:00:00,44.02645351,54.021217,asia-south,Standard_D4s_v3
2024-07-05 16:00:00,32.22495673,33.634758,asia-south,Standard_D4s_v3
2024-07-05 17:00:00,43.69403927,40.64989,asia-south,Standard_D4s_v3
2024-07-05 18:00:00,42.62821833,41.787907,asia-south,Standard_D4s_v3
2024-07-05 19:00:00,41.5623974,39.34308,asia-south,Standard_D4s_v3
2024-07-05 20:00:00,35.94327132,36.782307,asia-south,Standard_D4s_v3
2024-07-05 21:00:00,52.99266186,53.034058,asia-south,Standard_D4s_v3
2024-07-05 22:00:00,46.82814863,47.11774,asia-south,Standard_D4s_v3
2024-07-05 23:00:00,51.9728852,47.102997,asia-south,Standard_D4s_v3
2024-07-06 00:00:00,38.56148319,41.458973,asia-south,Standard_D4s_v3
2024-07-06 01:00:00,67.03776343,66.61922,asia-south,Standard_D4s_v3
2024-07-06 02:00:00,59.03768604,62.19958,asia-south,Standard_D4s_v3
2024-07-06 03:00:00,74.45750783,69.42544,asia-south,Standard_D4s_v3
2024-07-06 04:00:00,49.03542461,55.1209,asia-south,Standard_D4s_v3
2024-07-06 05:00:00,53.52478348,48.44561,asia-south,Standard_D4s_v3
2024-07-06 06:00:00,58.01414235,57.402897,asia-south,Standard_D4s_v3
2024-07-06 07:00:00,50.44834874,52.76502,asia-south,Standard_D4s_v3
2024-07-06 08:00:00,87.78349397,76.49597,asia-south,Standard_D4s_v3
2024-07-06 09:00:00,78.31868749,80.42823,asia-south,Standard_D4s_v3
2024-07-06 10:00:00,68.85388101,67.57896,asia-south,Standard_D4s_v3
2024-07-06 11:00:00,51.23316231,52.2959,asia-south,Standard_D4s_v3
2024-07-06 12:00:00,38.64333604,45.61277,asia-south,Standard_D4s_v3
2024-07-06 13:00:00,52.46825631,51.65592,asia-south,Standard_D4s_v3
2024-07-06 14:00:00,40.14322153,41.81076,asia-south,Standard_D4s_v3
2024-07-06 15:00:00,40.69539698,36.90857,asia-south,Standard_D4s_v3
2024-07-06 16:00:00,45.04385342,43.732407,asia-south,Standard_D4s_v3
2024-07-06 17:00:00,34.49851387,35.44164,asia-south,Standard_D4s_v3
2024-07-06 18:00:00,42.93695213,41.49007,asia-south,Standard_D4s_v3
2024-07-06 19:00:00,40.54705719,41.622288,asia-south,Standard_D4s_v3
2024-07-06 20:00:00,38.15716225,44.792942,asia-south,Standard_D4s_v3
2024-07-06 21:00:00,35.7672673,39.98594,asia-south,Standard_D4s_v3
2024-07-06 22:00:00,51.2599874,46.739,asia-south,Standard_D4s_v3
2024-07-06 23:00:00,49.89436392,47.51948,asia-south,Standard_D4s_v3
2024-07-07 00:00:00,48.52874043,58.245968,asia-south,Standard_D4s_v3
2024-07-07 01:00:00,76.79833358,76.279045,asia-south,Standard_D4s_v3
2024-07-07 02:00:00,60.39106591,58.502804,asia-south,Standard_D4s_v3
2024-07-07 03:00:00,75.95550871,75.382835,asia-south,Standard_D4s_v3
2024-07-07 04:00:00,69.23178872,71.55113,asia-south,Standard_D4s_v3
2024-07-07 05:00:00,77.79458511,77.976456,asia-south,Standard_D4s_v3
2024-07-07 06:00:00,69.57679515,70.499435,asia-south,Standard_D4s_v3
2024-07-07 07:00:00,96.09654897,94.979904,asia-south,Standard_D4s_v3
2024-07-07 08:00:00,81.51353375,80.64423,asia-south,Standard_D4s_v3
2024-07-07 09:00:00,59.67030687,60.37425,asia-south,Standard_D4s_v3
2024-07-07 10:00:00,68.67248849,67.55317,asia-south,Standard_D4s_v3
2024-07-07 11:00:00,47.01357414,46.995773,asia-south,Standard_D4s_v3
2024-07-07 12:00:00,50.39974683,56.849007,asia-south,Standard_D4s_v3
2024-07-07 13:00:00,53.78591953,52.194515,asia-south,Standard_D4s_v3
2024-07-07 14:00:00,42.04200507,42.182785,asia-south,Standard_D4s_v3
2024-07-07 15:00:00,36.99771035,37.10295,asia-south,Standard_D4s_v3
2024-07-07 16:00:00,40.81511929,40.36282,asia-south,Standard_D4s_v3
2024-07-07 17:00:00,35.59002308,36.319923,asia-south,Standard_D4s_v3
2024-07-07 18:00:00,42.91253465,39.7258,asia-south,Standard_D4s_v3
2024-07-07 19:00:00,47.10878592,46.272194,asia-south,Standard_D4s_v3
2024-07-07 20:00:00,50.96378388,49.35447,asia-south,Standard_D4s_v3
2024-07-07 21:00:00,37.82594802,41.287205,asia-south,Standard_D4s_v3
2024-07-07 22:00:00,42.78717567,41.63886,asia-south,Standard_D4s_v3
2024-07-07 23:00:00,60.66550561,55.089516,asia-south,Standard_D4s_v3
2024-07-08 00:00:00,60.23249564,44.663292,asia-south,Standard_D4s_v3
2024-07-08 01:00:00,59.79948567,46.97298,asia-south,Standard_D4s_v3
2024-07-08 02:00:00,51.90370682,53.974354,asia-south,Standard_D4s_v3
2024-07-08 03:00:00,67.91365886,66.10696,asia-south,Standard_D4s_v3
2024-07-08 04:00:00,79.2747601,78.335175,asia-south,Standard_D4s_v3
2024-07-08 05:00:00,88.20760933,82.93805,asia-south,Standard_D4s_v3
2024-07-08 06:00:00,68.94004583,73.16352,asia-south,Standard_D4s_v3
2024-07-08 07:00:00,73.26677443,68.97877,asia-south,Standard_D4s_v3
2024-07-08 08:00:00,77.59350304,75.07217,asia-south,Standard_D4s_v3
2024-07-08 09:00:00,60.89809113,63.14774,asia-south,Standard_D4s_v3
2024-07-08 10:00:00,71.52731731,70.18876,asia-south,Standard_D4s_v3
2024-07-08 11:00:00,48.38977923,55.401344,asia-south,Standard_D4s_v3
2024-07-08 12:00:00,71.44774537,60.550632,asia-south,Standard_D4s_v3
2024-07-08 13:00:00,49.45284787,49.73864,asia-south,Standard_D4s_v3
2024-07-08 14:00:00,52.23209224,46.9576,asia-south,Standard_D4s_v3
2024-07-08 15:00:00,37.86801591,34.440624,asia-south,Standard_D4s_v3
2024-07-08 16:00:00,23.50393957,31.618185,asia-south,Standard_D4s_v3
2024-07-08 17:00:00,35.52771921,39.015213,asia-south,Standard_D4s_v3
2024-07-08 18:00:00,32.58324575,34.038662,asia-south,Standard_D4s_v3
2024-07-08 19:00:00,37.56471768,36.296734,asia-south,Standard_D4s_v3
2024-07-08 20:00:00,34.32972087,36.37248,asia-south,Standard_D4s_v3
2024-07-08 21:00:00,46.71698201,45.4094,asia-south,Standard_D4s_v3
2024-07-08 22:00:00,53.02722991,52.417465,asia-south,Standard_D4s_v3
2024-07-08 23:00:00,40.59875737,46.225853,asia-south,Standard_D4s_v3
2024-07-09 00:00:00,57.9514933,57.016396,asia-south,Standard_D4s_v3
2024-07-09 01:00:00,63.04278307,63.244892,asia-south,Standard_D4s_v3
2024-07-09 02:00:00,62.18268114,65.13622,asia-south,Standard_D4s_v3
2024-07-09 03:00:00,68.80785192,68.9555,asia-south,Standard_D4s_v3
2024-07-09 04:00:00,68.56662768,68.082634,asia-south,Standard_D4s_v3
2024-07-09 05:00:00,81.14264265,68.23414,asia-south,Standard_D4s_v3
2024-07-09 06:00:00,93.71865762,91.571,asia-south,Standard_D4s_v3
2024-07-09 07:00:00,65.45864924,75.31213,asia-south,Standard_D4s_v3
2024-07-09 08:00:00,74.11570629,75.613556,asia-south,Standard_D4s_v3
2024-07-09 09:00:00,68.88273424,63.972015,asia-south,Standard_D4s_v3
2024-07-09 10:00:00,67.95333511,66.24229,asia-south,Standard_D4s_v3
2024-07-09 11:00:00,54.72494217,58.05422,asia-south,Standard_D4s_v3
2024-07-09 12:00:00,41.49654923,49.241913,asia-south,Standard_D4s_v3
2024-07-09 13:00:00,51.73080468,48.083683,asia-south,Standard_D4s_v3
2024-07-09 14:00:00,44.72355726,44.657925,asia-south,Standard_D4s_v3
2024-07-09 15:00:00,56.07564647,54.439407,asia-south,Standard_D4s_v3
2024-07-09 16:00:00,50.20976482,43.15541,asia-south,Standard_D4s_v3
2024-07-09 17:00:00,44.34388317,44.752247,asia-south,Standard_D4s_v3
2024-07-09 18:00:00,37.65606218,39.844196,asia-south,Standard_D4s_v3
2024-07-09 19:00:00,37.3015206,37.70281,asia-south,Standard_D4s_v3
2024-07-09 20:00:00,34.54221768,34.8503,asia-south,Standard_D4s_v3
2024-07-09 21:00:00,39.60533611,35.135006,asia-south,Standard_D4s_v3
2024-07-09 22:00:00,44.66845455,43.8591,asia-south,Standard_D4s_v3
2024-07-09 23:00:00,43.43495747,41.17717,asia-south,Standard_D4s_v3
2024-07-10 00:00:00,38.13589755,47.35965,asia-south,Standard_D4s_v3
2024-07-10 01:00:00,74.6188538,76.24019,asia-south,Standard_D4s_v3
2024-07-10 02:00:00,78.0526798,77.436295,asia-south,Standard_D4s_v3
2024-07-10 03:00:00,59.457623,60.425346,asia-south,Standard_D4s_v3
2024-07-10 04:00:00,58.25031538,60.244946,asia-south,Standard_D4s_v3
2024-07-10 05:00:00,60.06966504,57.839466,asia-south,Standard_D4s_v3
2024-07-10 06:00:00,62.27931275,61.161118,asia-south,Standard_D4s_v3
2024-07-10 07:00:00,40.10926426,44.38764,asia-south,Standard_D4s_v3
2024-07-10 08:00:00,87.95554295,77.87651,asia-south,Standard_D4s_v3
2024-07-10 09:00:00,61.7379997,66.15064,asia-south,Standard_D4s_v3
2024-07-10 10:00:00,73.37921645,72.47827,asia-south,Standard_D4s_v3
2024-07-10 11:00:00,55.34300694,54.817448,asia-south,Standard_D4s_v3
2024-07-10 12:00:00,62.18225453,58.74655,asia-south,Standard_D4s_v3
2024-07-10 13:00:00,54.44804599,47.733418,asia-south,Standard_D4s_v3
2024-07-10 14:00:00,46.71383745,42.37398,asia-south,Standard_D4s_v3
2024-07-10 15:00:00,46.83532634,42.79964,asia-south,Standard_D4s_v3
2024-07-10 16:00:00,33.19744262,34.70615,asia-south,Standard_D4s_v3
2024-07-10 17:00:00,33.00247738,34.84022,asia-south,Standard_D4s_v3
2024-07-10 18:00:00,42.55604773,41.025547,asia-south,Standard_D4s_v3
2024-07-10 19:00:00,41.77407175,30.535168,asia-south,Standard_D4s_v3
2024-07-10 20:00:00,40.99209576,53.186996,asia-south,Standard_D4s_v3
2024-07-10 21:00:00,40.21011978,39.122643,asia-south,Standard_D4s_v3
2024-07-10 22:00:00,39.94812688,38.571865,asia-south,Standard_D4s_v3
2024-07-10 23:00:00,48.37142571,46.120354,asia-south,Standard_D4s_v3
2024-07-11 00:00:00,68.80018511,65.98779,asia-south,Standard_D4s_v3
2024-07-11 01:00:00,50.55637466,52.390694,asia-south,Standard_D4s_v3
2024-07-11 02:00:00,34.18037008,36.998238,asia-south,Standard_D4s_v3
2024-07-11 03:00:00,44.0901272,56.642216,asia-south,Standard_D4s_v3
2024-07-11 04:00:00,53.99988433,66.79533,asia-south,Standard_D4s_v3
2024-07-11 05:00:00,63.90964145,66.332,asia-south,Standard_D4s_v3
2024-07-11 06:00:00,70.73543157,68.89465,asia-south,Standard_D4s_v3
2024-07-11 07:00:00,50.35900241,52.298893,asia-south,Standard_D4s_v3
2024-07-11 08:00:00,67.55839533,68.01042,asia-south,Standard_D4s_v3
2024-07-11 09:00:00,74.03159574,75.574844,asia-south,Standard_D4s_v3
2024-07-11 10:00:00,67.1161901,66.807846,asia-south,Standard_D4s_v3
2024-07-11 11:00:00,46.49598699,48.889027,asia-south,Standard_D4s_v3
2024-07-11 12:00:00,43.17280531,48.925545,asia-south,Standard_D4s_v3
2024-07-11 13:00:00,39.84962364,44.800293,asia-south,Standard_D4s_v3
2024-07-11 14:00:00,65.85655107,63.089214,asia-south,Standard_D4s_v3
2024-07-11 15:00:00,45.8986139,45.97004,asia-south,Standard_D4s_v3
2024-07-11 16:00:00,41.51587773,39.814762,asia-south,Standard_D4s_v3
2024-07-11 17:00:00,37.13314155,37.61657,asia-south,Standard_D4s_v3
2024-07-11 18:00:00,36.12349181,32.805763,asia-south,Standard_D4s_v3
2024-07-11 19:00:00,46.71001824,45.64777,asia-south,Standard_D4s_v3
2024-07-11 20:00:00,31.88163606,32.449406,asia-south,Standard_D4s_v3
2024-07-11 21:00:00,46.93919574,41.69052,asia-south,Standard_D4s_v3
2024-07-11 22:00:00,46.67310022,46.653706,asia-south,Standard_D4s_v3
2024-07-11 23:00:00,47.77565366,46.6001,asia-south,Standard_D4s_v3
2024-07-12 00:00:00,44.6584164,46.89043,asia-south,Standard_D4s_v3
2024-07-12 01:00:00,44.25657666,44.881554,asia-south,Standard_D4s_v3
2024-07-12 02:00:00,67.6564956,65.316505,asia-south,Standard_D4s_v3
2024-07-12 03:00:00,81.88363007,79.41194,asia-south,Standard_D4s_v3
2024-07-12 04:00:00,73.27551369,73.366554,asia-south,Standard_D4s_v3
2024-07-12 05:00:00,79.509451,75.12197,asia-south,Standard_D4s_v3
2024-07-12 06:00:00,85.74338832,83.86303,asia-south,Standard_D4s_v3
2024-07-12 07:00:00,74.69904729,74.08141,asia-south,Standard_D4s_v3
2024-07-12 08:00:00,47.14460147,50.480457,asia-south,Standard_D4s_v3
2024-07-12 09:00:00,72.22293913,70.712555,asia-south,Standard_D4s_v3
2024-07-12 10:00:00,53.50886159,63.277023,asia-south,Standard_D4s_v3
2024-07-12 11:00:00,67.95014729,66.04023,asia-south,Standard_D4s_v3
2024-07-12 12:00:00,65.22820392,62.85498,asia-south,Standard_D4s_v3
2024-07-12 13:00:00,53.03751351,52.04286,asia-south,Standard_D4s_v3
2024-07-12 14:00:00,38.33650199,37.365192,asia-south,Standard_D4s_v3
2024-07-12 15:00:00,41.51763661,40.29706,asia-south,Standard_D4s_v3
2024-07-12 16:00:00,18.00402369,21.292358,asia-south,Standard_D4s_v3
2024-07-12 17:00:00,24.7486094,28.098005,asia-south,Standard_D4s_v3
2024-07-12 18:00:00,31.49319512,32.61826,asia-south,Standard_D4s_v3
2024-07-12 19:00:00,36.73438018,35.424225,asia-south,Standard_D4s_v3
2024-07-12 20:00:00,42.91868106,40.46558,asia-south,Standard_D4s_v3
2024-07-12 21:00:00,42.25251473,41.212677,asia-south,Standard_D4s_v3
2024-07-12 22:00:00,41.58634841,42.287945,asia-south,Standard_D4s_v3
2024-07-12 23:00:00,31.72017942,38.906418,asia-south,Standard_D4s_v3
2024-07-13 00:00:00,60.62409139,59.431316,asia-south,Standard_D4s_v3
2024-07-13 01:00:00,46.9446373,52.707157,asia-south,Standard_D4s_v3
2024-07-13 02:00:00,62.21804915,49.51081,asia-south,Standard_D4s_v3
2024-07-13 03:00:00,77.49146099,71.32044,asia-south,Standard_D4s_v3
2024-07-13 04:00:00,77.60869558,78.857445,asia-south,Standard_D4s_v3
2024-07-13 05:00:00,78.63429266,80.355034,asia-south,Standard_D4s_v3
2024-07-13 06:00:00,80.74973032,79.55206,asia-south,Standard_D4s_v3
2024-07-13 07:00:00,44.57154406,46.180916,asia-south,Standard_D4s_v3
2024-07-13 08:00:00,91.17854773,89.155235,asia-south,Standard_D4s_v3
2024-07-13 09:00:00,59.80235571,63.75496,asia-south,Standard_D4s_v3
2024-07-13 10:00:00,51.54926862,53.85401,asia-south,Standard_D4s_v3
2024-07-13 11:00:00,68.88031067,67.02971,asia-south,Standard_D4s_v3
2024-07-13 12:00:00,71.68795229,47.284954,asia-south,Standard_D4s_v3
2024-07-13 13:00:00,74.4955939,75.37631,asia-south,Standard_D4s_v3
2024-07-13 14:00:00,43.17579479,55.18205,asia-south,Standard_D4s_v3
2024-07-13 15:00:00,43.62457332,40.828434,asia-south,Standard_D4s_v3
2024-07-13 16:00:00,31.82461946,33.101494,asia-south,Standard_D4s_v3
2024-07-13 17:00:00,33.85325115,33.248394,asia-south,Standard_D4s_v3
2024-07-13 18:00:00,35.10217623,38.30544,asia-south,Standard_D4s_v3
2024-07-13 19:00:00,36.35110132,38.90285,asia-south,Standard_D4s_v3
2024-07-13 20:00:00,30.80376706,32.06499,asia-south,Standard_D4s_v3
2024-07-13 21:00:00,48.48890092,47.659878,asia-south,Standard_D4s_v3
2024-07-13 22:00:00,47.95758683,46.61241,asia-south,Standard_D4s_v3
2024-07-13 23:00:00,50.54021092,49.521908,asia-south,Standard_D4s_v3
2024-07-14 00:00:00,52.84323971,54.748867,asia-south,Standard_D4s_v3
2024-07-14 01:00:00,55.1462685,51.513153,asia-south,Standard_D4s_v3
2024-07-14 02:00:00,61.7533329,63.6692,asia-south,Standard_D4s_v3
2024-07-14 03:00:00,78.42190949,76.28486,asia-south,Standard_D4s_v3
2024-07-14 04:00:00,74.43613372,72.72554,asia-south,Standard_D4s_v3
2024-07-14 05:00:00,70.45035794,76.21659,asia-south,Standard_D4s_v3
2024-07-14 06:00:00,66.46458217,67.77735,asia-south,Standard_D4s_v3
2024-07-14 07:00:00,57.22761147,59.712147,asia-south,Standard_D4s_v3
2024-07-14 08:00:00,69.09852931,68.295525,asia-south,Standard_D4s_v3
2024-07-14 09:00:00,64.24123481,65.31548,asia-south,Standard_D4s_v3
2024-07-14 10:00:00,67.85121832,63.882202,asia-south,Standard_D4s_v3
2024-07-14 11:00:00,71.46120183,66.82601,asia-south,Standard_D4s_v3
2024-07-14 12:00:00,77.48031812,75.91175,asia-south,Standard_D4s_v3
2024-07-14 13:00:00,44.64566835,47.310436,asia-south,Standard_D4s_v3
2024-07-14 14:00:00,48.61424876,43.751762,asia-south,Standard_D4s_v3
2024-07-14 15:00:00,39.50192642,39.9151,asia-south,Standard_D4s_v3
2024-07-14 16:00:00,29.21713302,30.866884,asia-south,Standard_D4s_v3
2024-07-14 17:00:00,38.54748358,36.799114,asia-south,Standard_D4s_v3
2024-07-14 18:00:00,47.87783413,45.67962,asia-south,Standard_D4s_v3
2024-07-14 19:00:00,50.83435065,49.77109,asia-south,Standard_D4s_v3
2024-07-14 20:00:00,47.46105097,48.332504,asia-south,Standard_D4s_v3
2024-07-14 21:00:00,51.0536081,52.070583,asia-south,Standard_D4s_v3
2024-07-14 22:00:00,34.73480708,37.106323,asia-south,Standard_D4s_v3
2024-07-14 23:00:00,61.66842749,58.014656,asia-south,Standard_D4s_v3
2024-07-15 00:00:00,41.05117133,51.62621,asia-south,Standard_D4s_v3
2024-07-15 01:00:00,45.77054269,47.33164,asia-south,Standard_D4s_v3
2024-07-15 02:00:00,71.08554518,68.08606,asia-south,Standard_D4s_v3
2024-07-15 03:00:00,56.40184685,59.39658,asia-south,Standard_D4s_v3
2024-07-15 04:00:00,70.79064145,69.22327,asia-south,Standard_D4s_v3
2024-07-15 05:00:00,61.52776509,62.629223,asia-south,Standard_D4s_v3
2024-07-15 06:00:00,69.50848225,66.40944,asia-south,Standard_D4s_v3
2024-07-15 07:00:00,91.40565042,92.53531,asia-south,Standard_D4s_v3
2024-07-15 08:00:00,42.88286507,44.210133,asia-south,Standard_D4s_v3
2024-07-15 09:00:00,50.56406187,67.2877,asia-south,Standard_D4s_v3
2024-07-15 10:00:00,58.24525866,58.904106,asia-south,Standard_D4s_v3
2024-07-15 11:00:00,47.6715983,49.28508,asia-south,Standard_D4s_v3
2024-07-15 12:00:00,37.09793794,39.53204,asia-south,Standard_D4s_v3
2024-07-15 13:00:00,39.60620535,38.96843,asia-south,Standard_D4s_v3
2024-07-15 14:00:00,39.81881487,38.98165,asia-south,Standard_D4s_v3
2024-07-15 15:00:00,40.03142439,43.134605,asia-south,Standard_D4s_v3
2024-07-15 16:00:00,40.24403391,40.24106,asia-south,Standard_D4s_v3
2024-07-15 17:00:00,39.03769615,34.38671,asia-south,Standard_D4s_v3
2024-07-15 18:00:00,37.8313584,37.313854,asia-south,Standard_D4s_v3
2024-07-15 19:00:00,38.58187242,37.13986,asia-south,Standard_D4s_v3
2024-07-15 20:00:00,36.63423712,37.729195,asia-south,Standard_D4s_v3
2024-07-15 21:00:00,32.44571915,33.62012,asia-south,Standard_D4s_v3
2024-07-15 22:00:00,35.37496963,34.93117,asia-south,Standard_D4s_v3
2024-07-15 23:00:00,60.46186282,53.257633,asia-south,Standard_D4s_v3
2024-07-16 00:00:00,58.90219807,58.86811,asia-south,Standard_D4s_v3
2024-07-16 01:00:00,41.5972976,46.90936,asia-south,Standard_D4s_v3
2024-07-16 02:00:00,64.37985057,63.562553,asia-south,Standard_D4s_v3
2024-07-16 03:00:00,67.20907685,71.05331,asia-south,Standard_D4s_v3
2024-07-16 04:00:00,70.03830314,67.261734,asia-south,Standard_D4s_v3
2024-07-16 05:00:00,66.10442382,71.30935,asia-south,Standard_D4s_v3
2024-07-16 06:00:00,67.366355,63.746815,asia-south,Standard_D4s_v3
2024-07-16 07:00:00,66.81446365,66.24327,asia-south,Standard_D4s_v3
2024-07-16 08:00:00,83.44987344,77.92608,asia-south,Standard_D4s_v3
2024-07-16 09:00:00,72.90376492,72.78314,asia-south,Standard_D4s_v3
2024-07-16 10:00:00,48.35970791,51.407867,asia-south,Standard_D4s_v3
2024-07-16 11:00:00,46.63650266,47.243557,asia-south,Standard_D4s_v3
2024-07-16 12:00:00,61.87301188,58.741806,asia-south,Standard_D4s_v3
2024-07-16 13:00:00,50.84031303,64.207695,asia-south,Standard_D4s_v3
2024-07-16 14:00:00,39.80761418,56.283073,asia-south,Standard_D4s_v3
2024-07-16 15:00:00,28.77491534,30.565935,asia-south,Standard_D4s_v3
2024-07-16 16:00:00,27.08670977,33.37871,asia-south,Standard_D4s_v3
2024-07-16 17:00:00,25.39850421,29.045704,asia-south,Standard_D4s_v3
2024-07-16 18:00:00,36.36711,35.444572,asia-south,Standard_D4s_v3
2024-07-16 19:00:00,41.14492775,40.89648,asia-south,Standard_D4s_v3
2024-07-16 20:00:00,47.93303002,46.44194,asia-south,Standard_D4s_v3
2024-07-16 21:00:00,46.08098543,49.67623,asia-south,Standard_D4s_v3
2024-07-16 22:00:00,51.48044128,51.159866,asia-south,Standard_D4s_v3
2024-07-16 23:00:00,40.08490386,42.280415,asia-south,Standard_D4s_v3
2024-07-17 00:00:00,61.66470886,60.701168,asia-south,Standard_D4s_v3
2024-07-17 01:00:00,72.36305488,73.02923,asia-south,Standard_D4s_v3
2024-07-17 02:00:00,45.06224534,52.2958,asia-south,Standard_D4s_v3
2024-07-17 03:00:00,56.3401503,69.76242,asia-south,Standard_D4s_v3
2024-07-17 04:00:00,67.61805526,66.449615,asia-south,Standard_D4s_v3
2024-07-17 05:00:00,78.76197173,74.46993,asia-south,Standard_D4s_v3
2024-07-17 06:00:00,71.77127782,72.7511,asia-south,Standard_D4s_v3
2024-07-17 07:00:00,66.12846303,70.219986,asia-south,Standard_D4s_v3
2024-07-17 08:00:00,67.12773356,64.75652,asia-south,Standard_D4s_v3
2024-07-17 09:00:00,68.12700409,63.410286,asia-south,Standard_D4s_v3
2024-07-17 10:00:00,62.92820565,66.95248,asia-south,Standard_D4s_v3
2024-07-17 11:00:00,64.28071235,66.04397,asia-south,Standard_D4s_v3
2024-07-17 12:00:00,65.63321904,58.03831,asia-south,Standard_D4s_v3
2024-07-17 13:00:00,66.98572573,65.668396,asia-south,Standard_D4s_v3
2024-07-17 14:00:00,46.67389741,46.489468,asia-south,Standard_D4s_v3
2024-07-17 15:00:00,36.06988401,36.4468,asia-south,Standard_D4s_v3
2024-07-17 16:00:00,36.5489385,41.967712,asia-south,Standard_D4s_v3
2024-07-17 17:00:00,37.02799298,30.874327,asia-south,Standard_D4s_v3
2024-07-17 18:00:00,37.50704746,38.15376,asia-south,Standard_D4s_v3
2024-07-17 19:00:00,34.88869875,32.0821,asia-south,Standard_D4s_v3
2024-07-17 20:00:00,32.27035003,32.57495,asia-south,Standard_D4s_v3
2024-07-17 21:00:00,50.54925923,48.673206,asia-south,Standard_D4s_v3
2024-07-17 22:00:00,46.96597542,46.52198,asia-south,Standard_D4s_v3
2024-07-17 23:00:00,49.66744355,42.680714,asia-south,Standard_D4s_v3
2024-07-18 00:00:00,52.36891169,48.91634,asia-south,Standard_D4s_v3
2024-07-18 01:00:00,55.07037982,53.732864,asia-south,Standard_D4s_v3
2024-07-18 02:00:00,62.86235142,51.932564,asia-south,Standard_D4s_v3
2024-07-18 03:00:00,65.86318935,59.541172,asia-south,Standard_D4s_v3
2024-07-18 04:00:00,51.98048306,51.90302,asia-south,Standard_D4s_v3
2024-07-18 05:00:00,73.49538564,70.81771,asia-south,Standard_D4s_v3
2024-07-18 06:00:00,62.73658492,57.243446,asia-south,Standard_D4s_v3
2024-07-18 07:00:00,49.60433956,56.525055,asia-south,Standard_D4s_v3
2024-07-18 08:00:00,49.06465645,69.09026,asia-south,Standard_D4s_v3
2024-07-18 09:00:00,48.52497334,50.381813,asia-south,Standard_D4s_v3
2024-07-18 10:00:00,43.28289673,45.593822,asia-south,Standard_D4s_v3
2024-07-18 11:00:00,57.29136547,53.974358,asia-south,Standard_D4s_v3
2024-07-18 12:00:00,49.34655189,50.536552,asia-south,Standard_D4s_v3
2024-07-18 13:00:00,50.84397591,49.50652,asia-south,Standard_D4s_v3
2024-07-18 14:00:00,52.34139994,46.13319,asia-south,Standard_D4s_v3
2024-07-18 15:00:00,43.36372162,44.216873,asia-south,Standard_D4s_v3
2024-07-18 16:00:00,35.38390957,35.522957,asia-south,Standard_D4s_v3
2024-07-18 17:00:00,35.12386505,34.35951,asia-south,Standard_D4s_v3
2024-07-18 18:00:00,48.74679528,47.003933,asia-south,Standard_D4s_v3
2024-07-18 19:00:00,37.59631275,41.974567,asia-south,Standard_D4s_v3
2024-07-18 20:00:00,38.47345274,42.369827,asia-south,Standard_D4s_v3
2024-07-18 21:00:00,39.35059274,42.407852,asia-south,Standard_D4s_v3
2024-07-18 22:00:00,47.9466679,44.833363,asia-south,Standard_D4s_v3
2024-07-18 23:00:00,39.89039318,45.642124,asia-south,Standard_D4s_v3
2024-07-19 00:00:00,46.24643235,46.081387,asia-south,Standard_D4s_v3
2024-07-19 01:00:00,48.14874858,48.30255,asia-south,Standard_D4s_v3
2024-07-19 02:00:00,33.75352087,41.37221,asia-south,Standard_D4s_v3
2024-07-19 03:00:00,86.07338796,75.50837,asia-south,Standard_D4s_v3
2024-07-19 04:00:00,61.12915629,66.93175,asia-south,Standard_D4s_v3
2024-07-19 05:00:00,57.84152061,60.333294,asia-south,Standard_D4s_v3
2024-07-19 06:00:00,54.55388494,55.25464,asia-south,Standard_D4s_v3
2024-07-19 07:00:00,92.68214561,90.60154,asia-south,Standard_D4s_v3
2024-07-19 08:00:00,76.09312446,71.13865,asia-south,Standard_D4s_v3
2024-07-19 09:00:00,59.5041033,60.508003,asia-south,Standard_D4s_v3
2024-07-19 10:00:00,72.63101588,70.296486,asia-south,Standard_D4s_v3
2024-07-19 11:00:00,37.21798706,41.482807,asia-south,Standard_D4s_v3
2024-07-19 12:00:00,70.0217816,70.37165,asia-south,Standard_D4s_v3
2024-07-19 13:00:00,61.21650006,58.23585,asia-south,Standard_D4s_v3
2024-07-19 14:00:00,62.57514204,62.2659,asia-south,Standard_D4s_v3
2024-07-19 15:00:00,63.93378401,59.710423,asia-south,Standard_D4s_v3
2024-07-19 16:00:00,39.9357156,42.81632,asia-south,Standard_D4s_v3
2024-07-19 17:00:00,38.23988886,39.01442,asia-south,Standard_D4s_v3
2024-07-19 18:00:00,41.01216118,33.07919,asia-south,Standard_D4s_v3
2024-07-19 19:00:00,43.78443351,34.902298,asia-south,Standard_D4s_v3
2024-07-19 20:00:00,46.55670583,44.929363,asia-south,Standard_D4s_v3
2024-07-19 21:00:00,22.25588574,31.772884,asia-south,Standard_D4s_v3
2024-07-19 22:00:00,52.59331115,47.247963,asia-south,Standard_D4s_v3
2024-07-19 23:00:00,58.88700148,57.487225,asia-south,Standard_D4s_v3
2024-07-20 00:00:00,51.09955561,49.43864,asia-south,Standard_D4s_v3
2024-07-20 01:00:00,56.43723415,56.724155,asia-south,Standard_D4s_v3
2024-07-20 02:00:00,74.94494399,75.19749,asia-south,Standard_D4s_v3
2024-07-20 03:00:00,67.69763225,64.96949,asia-south,Standard_D4s_v3
2024-07-20 04:00:00,82.45484814,80.55624,asia-south,Standard_D4s_v3
2024-07-20 05:00:00,67.78986973,68.60602,asia-south,Standard_D4s_v3
2024-07-20 06:00:00,59.85902282,56.079887,asia-south,Standard_D4s_v3
2024-07-20 07:00:00,41.82963574,44.786034,asia-south,Standard_D4s_v3
2024-07-20 08:00:00,60.94053581,42.921097,asia-south,Standard_D4s_v3
2024-07-20 09:00:00,80.05143587,73.94468,asia-south,Standard_D4s_v3
2024-07-20 10:00:00,69.79373567,69.3509,asia-south,Standard_D4s_v3
2024-07-20 11:00:00,70.98448018,68.71702,asia-south,Standard_D4s_v3
2024-07-20 12:00:00,67.06718589,64.788315,asia-south,Standard_D4s_v3
2024-07-20 13:00:00,39.15087896,41.319805,asia-south,Standard_D4s_v3
2024-07-20 14:00:00,41.14735944,54.40351,asia-south,Standard_D4s_v3
2024-07-20 15:00:00,43.14383993,42.776093,asia-south,Standard_D4s_v3
2024-07-20 16:00:00,39.02327491,38.58479,asia-south,Standard_D4s_v3
2024-07-20 17:00:00,34.9027099,37.366867,asia-south,Standard_D4s_v3
2024-07-20 18:00:00,30.78214488,31.019701,asia-south,Standard_D4s_v3
2024-07-20 19:00:00,35.55226285,34.17621,asia-south,Standard_D4s_v3
2024-07-20 20:00:00,25.10812547,23.873814,asia-south,Standard_D4s_v3
2024-07-20 21:00:00,51.632308,50.55435,asia-south,Standard_D4s_v3
2024-07-20 22:00:00,37.31409313,47.6157,asia-south,Standard_D4s_v3
2024-07-20 23:00:00,53.36339439,51.293972,asia-south,Standard_D4s_v3
2024-07-21 00:00:00,62.67218845,62.37858,asia-south,Standard_D4s_v3
2024-07-21 01:00:00,45.4771715,44.121384,asia-south,Standard_D4s_v3
2024-07-21 02:00:00,46.59017754,44.40114,asia-south,Standard_D4s_v3
2024-07-21 03:00:00,64.84325368,62.69409,asia-south,Standard_D4s_v3
2024-07-21 04:00:00,74.68618059,79.09478,asia-south,Standard_D4s_v3
2024-07-21 05:00:00,84.52910749,83.3351,asia-south,Standard_D4s_v3
2024-07-21 06:00:00,84.14548411,80.99233,asia-south,Standard_D4s_v3
2024-07-21 07:00:00,66.03912875,67.470566,asia-south,Standard_D4s_v3
2024-07-21 08:00:00,90.45274979,92.43959,asia-south,Standard_D4s_v3
2024-07-21 09:00:00,67.91425867,72.20228,asia-south,Standard_D4s_v3
2024-07-21 10:00:00,57.82717434,58.63468,asia-south,Standard_D4s_v3
2024-07-21 11:00:00,31.32245271,36.12641,asia-south,Standard_D4s_v3
2024-07-21 12:00:00,38.96111202,31.38348,asia-south,Standard_D4s_v3
2024-07-21 13:00:00,46.59977132,41.138515,asia-south,Standard_D4s_v3
2024-07-21 14:00:00,54.23843063,49.548344,asia-south,Standard_D4s_v3
2024-07-21 15:00:00,45.0112738,45.755318,asia-south,Standard_D4s_v3
2024-07-21 16:00:00,40.95030137,39.626415,asia-south,Standard_D4s_v3
2024-07-21 17:00:00,36.88932895,39.2941,asia-south,Standard_D4s_v3
2024-07-21 18:00:00,40.4204901,40.402416,asia-south,Standard_D4s_v3
2024-07-21 19:00:00,35.36360184,35.51068,asia-south,Standard_D4s_v3
2024-07-21 20:00:00,37.67255191,41.287193,asia-south,Standard_D4s_v3
2024-07-21 21:00:00,45.9802689,42.169216,asia-south,Standard_D4s_v3
2024-07-21 22:00:00,47.39453741,45.147472,asia-south,Standard_D4s_v3
2024-07-21 23:00:00,48.28010135,44.99015,asia-south,Standard_D4s_v3
2024-07-22 00:00:00,49.1656653,43.357166,asia-south,Standard_D4s_v3
2024-07-22 01:00:00,50.05122924,50.406075,asia-south,Standard_D4s_v3
2024-07-22 02:00:00,51.39583123,53.46023,asia-south,Standard_D4s_v3
2024-07-22 03:00:00,69.61592185,63.17161,asia-south,Standard_D4s_v3
2024-07-22 04:00:00,98.92263761,93.521164,asia-south,Standard_D4s_v3
2024-07-22 05:00:00,54.43223546,55.23337,asia-south,Standard_D4s_v3
2024-07-22 06:00:00,78.84281067,77.16494,asia-south,Standard_D4s_v3
2024-07-22 07:00:00,69.02241869,69.85225,asia-south,Standard_D4s_v3
2024-07-22 08:00:00,52.49274899,60.897926,asia-south,Standard_D4s_v3
2024-07-22 09:00:00,65.15850464,63.489758,asia-south,Standard_D4s_v3
2024-07-22 10:00:00,57.70165472,57.85305,asia-south,Standard_D4s_v3
2024-07-22 11:00:00,56.26978299,56.5133,asia-south,Standard_D4s_v3
2024-07-22 12:00:00,51.67958775,52.212826,asia-south,Standard_D4s_v3
2024-07-22 13:00:00,56.24276328,54.75986,asia-south,Standard_D4s_v3
2024-07-22 14:00:00,44.00214783,44.746452,asia-south,Standard_D4s_v3
2024-07-22 15:00:00,40.03376734,38.326843,asia-south,Standard_D4s_v3
2024-07-22 16:00:00,29.30945082,29.48611,asia-south,Standard_D4s_v3
2024-07-22 17:00:00,27.0782396,28.020308,asia-south,Standard_D4s_v3
2024-07-22 18:00:00,27.11714154,34.263367,asia-south,Standard_D4s_v3
2024-07-22 19:00:00,27.15604348,28.26629,asia-south,Standard_D4s_v3
2024-07-22 20:00:00,36.19670993,34.36635,asia-south,Standard_D4s_v3
2024-07-22 21:00:00,47.69419164,34.799046,asia-south,Standard_D4s_v3
2024-07-22 22:00:00,59.19167335,59.39483,asia-south,Standard_D4s_v3
2024-07-22 23:00:00,32.63049707,35.56342,asia-south,Standard_D4s_v3
2024-07-23 00:00:00,48.84267765,46.249306,asia-south,Standard_D4s_v3
2024-07-23 01:00:00,63.26926389,70.3407,asia-south,Standard_D4s_v3
2024-07-23 02:00:00,77.69585012,75.97692,asia-south,Standard_D4s_v3
2024-07-23 03:00:00,59.31075035,64.74633,asia-south,Standard_D4s_v3
2024-07-23 04:00:00,48.81216795,48.16805,asia-south,Standard_D4s_v3
2024-07-23 05:00:00,76.6998864,68.244774,asia-south,Standard_D4s_v3
2024-07-23 06:00:00,70.73806861,72.245,asia-south,Standard_D4s_v3
2024-07-23 07:00:00,79.65950568,78.58182,asia-south,Standard_D4s_v3
2024-07-23 08:00:00,81.2078335,78.07933,asia-south,Standard_D4s_v3
2024-07-23 09:00:00,44.9148879,49.573864,asia-south,Standard_D4s_v3
2024-07-23 10:00:00,69.5985295,67.665405,asia-south,Standard_D4s_v3
2024-07-23 11:00:00,48.30761005,49.68737,asia-south,Standard_D4s_v3
2024-07-23 12:00:00,45.4470364,40.952328,asia-south,Standard_D4s_v3
2024-07-23 13:00:00,42.58646275,40.958633,asia-south,Standard_D4s_v3
2024-07-23 14:00:00,45.34246097,42.95848,asia-south,Standard_D4s_v3
2024-07-23 15:00:00,44.22821685,39.537487,asia-south,Standard_D4s_v3
2024-07-23 16:00:00,43.11397273,42.316704,asia-south,Standard_D4s_v3
2024-07-23 17:00:00,40.59196793,40.432285,asia-south,Standard_D4s_v3
2024-07-23 18:00:00,36.16784658,36.504616,asia-south,Standard_D4s_v3
2024-07-23 19:00:00,32.29807145,33.38678,asia-south,Standard_D4s_v3
2024-07-23 20:00:00,43.82421632,41.90164,asia-south,Standard_D4s_v3
2024-07-23 21:00:00,55.3503612,49.72155,asia-south,Standard_D4s_v3
2024-07-23 22:00:00,47.69764068,47.279205,asia-south,Standard_D4s_v3
2024-07-23 23:00:00,55.51033953,54.60056,asia-south,Standard_D4s_v3
2024-07-24 00:00:00,41.91690875,53.888016,asia-south,Standard_D4s_v3
2024-07-24 01:00:00,60.86508209,61.20557,asia-south,Standard_D4s_v3
2024-07-24 02:00:00,63.19768733,62.056454,asia-south,Standard_D4s_v3
2024-07-24 03:00:00,65.53029257,63.562424,asia-south,Standard_D4s_v3
2024-07-24 04:00:00,56.44446767,58.65246,asia-south,Standard_D4s_v3
2024-07-24 05:00:00,75.36933049,65.50074,asia-south,Standard_D4s_v3
2024-07-24 06:00:00,73.61886194,63.23477,asia-south,Standard_D4s_v3
2024-07-24 07:00:00,71.8683934,74.51279,asia-south,Standard_D4s_v3
2024-07-24 08:00:00,61.52299145,62.69664,asia-south,Standard_D4s_v3
2024-07-24 09:00:00,63.54661243,67.17291,asia-south,Standard_D4s_v3
2024-07-24 10:00:00,52.30895703,69.9098,asia-south,Standard_D4s_v3
2024-07-24 11:00:00,41.07130164,47.92716,asia-south,Standard_D4s_v3
2024-07-24 12:00:00,46.22382528,46.742477,asia-south,Standard_D4s_v3
2024-07-24 13:00:00,42.11455491,40.273815,asia-south,Standard_D4s_v3
2024-07-24 14:00:00,38.00528454,46.721004,asia-south,Standard_D4s_v3
2024-07-24 15:00:00,33.89601417,37.83839,asia-south,Standard_D4s_v3
2024-07-24 16:00:00,35.86372777,38.64433,asia-south,Standard_D4s_v3
2024-07-24 17:00:00,37.83144137,36.37981,asia-south,Standard_D4s_v3
2024-07-24 18:00:00,41.05229529,39.710293,asia-south,Standard_D4s_v3
2024-07-24 19:00:00,44.27314921,43.730614,asia-south,Standard_D4s_v3
2024-07-24 20:00:00,49.40620678,47.47225,asia-south,Standard_D4s_v3
2024-07-24 21:00:00,36.71149396,36.67844,asia-south,Standard_D4s_v3
2024-07-24 22:00:00,39.7675699,41.149002,asia-south,Standard_D4s_v3
2024-07-24 23:00:00,42.82364584,42.407986,asia-south,Standard_D4s_v3
2024-07-25 00:00:00,68.13093506,59.707626,asia-south,Standard_D4s_v3
2024-07-25 01:00:00,62.35440779,63.61473,asia-south,Standard_D4s_v3
2024-07-25 02:00:00,56.57788051,58.520557,asia-south,Standard_D4s_v3
2024-07-25 03:00:00,69.79001595,69.54483,asia-south,Standard_D4s_v3
2024-07-25 04:00:00,82.57875028,76.1086,asia-south,Standard_D4s_v3
2024-07-25 05:00:00,66.1329489,66.90358,asia-south,Standard_D4s_v3
2024-07-25 06:00:00,58.86927844,58.763767,asia-south,Standard_D4s_v3
2024-07-25 07:00:00,42.11297157,47.520557,asia-south,Standard_D4s_v3
2024-07-25 08:00:00,59.1760967,54.98909,asia-south,Standard_D4s_v3
2024-07-25 09:00:00,53.80723186,56.33527,asia-south,Standard_D4s_v3
2024-07-25 10:00:00,56.39128142,60.177452,asia-south,Standard_D4s_v3
2024-07-25 11:00:00,58.97533098,58.33943,asia-south,Standard_D4s_v3
2024-07-25 12:00:00,44.07332509,46.66517,asia-south,Standard_D4s_v3
2024-07-25 13:00:00,42.12674393,51.40206,asia-south,Standard_D4s_v3
2024-07-25 14:00:00,40.18016277,39.148186,asia-south,Standard_D4s_v3
2024-07-25 15:00:00,38.77139093,38.410824,asia-south,Standard_D4s_v3
2024-07-25 16:00:00,32.35144472,32.804985,asia-south,Standard_D4s_v3
2024-07-25 17:00:00,26.33930487,26.53023,asia-south,Standard_D4s_v3
2024-07-25 18:00:00,38.08876679,36.64996,asia-south,Standard_D4s_v3
2024-07-25 19:00:00,37.62460261,34.822853,asia-south,Standard_D4s_v3
2024-07-25 20:00:00,22.179677,29.079252,asia-south,Standard_D4s_v3
2024-07-25 21:00:00,35.99569117,37.953266,asia-south,Standard_D4s_v3
2024-07-25 22:00:00,40.63803184,41.462658,asia-south,Standard_D4s_v3
2024-07-25 23:00:00,42.24506097,42.37402,asia-south,Standard_D4s_v3
2024-07-26 00:00:00,47.11384581,50.453266,asia-south,Standard_D4s_v3
2024-07-26 01:00:00,70.3700909,68.06609,asia-south,Standard_D4s_v3
2024-07-26 02:00:00,66.47639638,62.31952,asia-south,Standard_D4s_v3
2024-07-26 03:00:00,62.58270187,65.73227,asia-south,Standard_D4s_v3
2024-07-26 04:00:00,58.68900735,58.322166,asia-south,Standard_D4s_v3
2024-07-26 05:00:00,55.33526902,55.585735,asia-south,Standard_D4s_v3
2024-07-26 06:00:00,75.81837341,76.17733,asia-south,Standard_D4s_v3
2024-07-26 07:00:00,65.81582465,73.659096,asia-south,Standard_D4s_v3
2024-07-26 08:00:00,55.81327589,62.172523,asia-south,Standard_D4s_v3
2024-07-26 09:00:00,46.45516216,47.466686,asia-south,Standard_D4s_v3
2024-07-26 10:00:00,65.17918152,62.331215,asia-south,Standard_D4s_v3
2024-07-26 11:00:00,56.20142527,55.99089,asia-south,Standard_D4s_v3
2024-07-26 12:00:00,43.44574607,46.011723,asia-south,Standard_D4s_v3
2024-07-26 13:00:00,45.51476907,42.101685,asia-south,Standard_D4s_v3
2024-07-26 14:00:00,35.30514403,36.414356,asia-south,Standard_D4s_v3
2024-07-26 15:00:00,39.87499141,34.86088,asia-south,Standard_D4s_v3
2024-07-26 16:00:00,44.44483878,43.023518,asia-south,Standard_D4s_v3
2024-07-26 17:00:00,34.50857416,40.80086,asia-south,Standard_D4s_v3
2024-07-26 18:00:00,35.61769009,34.92452,asia-south,Standard_D4s_v3
2024-07-26 19:00:00,39.97679051,34.789272,asia-south,Standard_D4s_v3
2024-07-26 20:00:00,44.33589092,30.307497,asia-south,Standard_D4s_v3
2024-07-26 21:00:00,48.69499134,37.77185,asia-south,Standard_D4s_v3
2024-07-26 22:00:00,53.05409175,52.32243,asia-south,Standard_D4s_v3
2024-07-26 23:00:00,43.48117121,37.926476,asia-south,Standard_D4s_v3
2024-07-27 00:00:00,51.19116233,51.375664,asia-south,Standard_D4s_v3
2024-07-27 01:00:00,51.13098895,52.028004,asia-south,Standard_D4s_v3
2024-07-27 02:00:00,62.16282117,55.130882,asia-south,Standard_D4s_v3
2024-07-27 03:00:00,73.19465339,71.78791,asia-south,Standard_D4s_v3
2024-07-27 04:00:00,77.15643872,71.516556,asia-south,Standard_D4s_v3
2024-07-27 05:00:00,55.6960512,57.56346,asia-south,Standard_D4s_v3
2024-07-27 06:00:00,57.13454737,57.62262,asia-south,Standard_D4s_v3
2024-07-27 07:00:00,62.0222413,44.02837,asia-south,Standard_D4s_v3
2024-07-27 08:00:00,66.90993524,64.573364,asia-south,Standard_D4s_v3
2024-07-27 09:00:00,86.55903053,82.618706,asia-south,Standard_D4s_v3
2024-07-27 10:00:00,66.99726247,74.95453,asia-south,Standard_D4s_v3
2024-07-27 11:00:00,47.43549441,48.90633,asia-south,Standard_D4s_v3
2024-07-27 12:00:00,52.89822933,52.914936,asia-south,Standard_D4s_v3
2024-07-27 13:00:00,47.06945329,38.86518,asia-south,Standard_D4s_v3
2024-07-27 14:00:00,41.24067725,42.4683,asia-south,Standard_D4s_v3
2024-07-27 15:00:00,53.52980944,51.50897,asia-south,Standard_D4s_v3
2024-07-27 16:00:00,38.52477816,45.045444,asia-south,Standard_D4s_v3
2024-07-27 17:00:00,41.62356864,41.25116,asia-south,Standard_D4s_v3
2024-07-27 18:00:00,42.11402888,38.304512,asia-south,Standard_D4s_v3
2024-07-27 19:00:00,42.60448912,41.952335,asia-south,Standard_D4s_v3
2024-07-27 20:00:00,51.85678419,44.221172,asia-south,Standard_D4s_v3
2024-07-27 21:00:00,20.06346176,26.931284,asia-south,Standard_D4s_v3
2024-07-27 22:00:00,44.89324741,43.335125,asia-south,Standard_D4s_v3
2024-07-27 23:00:00,41.78396394,42.281567,asia-south,Standard_D4s_v3
2024-07-28 00:00:00,28.33303163,32.711105,asia-south,Standard_D4s_v3
2024-07-28 01:00:00,38.77012237,63.0228,asia-south,Standard_D4s_v3
2024-07-28 02:00:00,49.20721311,50.81976,asia-south,Standard_D4s_v3
2024-07-28 03:00:00,59.64430385,60.737083,asia-south,Standard_D4s_v3
2024-07-28 04:00:00,81.9540429,78.25355,asia-south,Standard_D4s_v3
2024-07-28 05:00:00,53.82483118,55.298626,asia-south,Standard_D4s_v3
2024-07-28 06:00:00,58.67002501,59.622494,asia-south,Standard_D4s_v3
2024-07-28 07:00:00,66.31566135,61.95859,asia-south,Standard_D4s_v3
2024-07-28 08:00:00,50.48722725,61.620224,asia-south,Standard_D4s_v3
2024-07-28 09:00:00,55.07275317,63.459976,asia-south,Standard_D4s_v3
2024-07-28 10:00:00,59.6582791,60.9011,asia-south,Standard_D4s_v3
2024-07-28 11:00:00,65.92176236,64.870285,asia-south,Standard_D4s_v3
2024-07-28 12:00:00,60.38277612,59.523262,asia-south,Standard_D4s_v3
2024-07-28 13:00:00,55.82777871,50.845814,asia-south,Standard_D4s_v3
2024-07-28 14:00:00,51.27278131,50.172268,asia-south,Standard_D4s_v3
2024-07-28 15:00:00,44.01860701,41.7002,asia-south,Standard_D4s_v3
2024-07-28 16:00:00,25.15291518,26.77231,asia-south,Standard_D4s_v3
2024-07-28 17:00:00,31.75319889,32.864132,asia-south,Standard_D4s_v3
2024-07-28 18:00:00,42.03142974,40.60534,asia-south,Standard_D4s_v3
2024-07-28 19:00:00,34.85415617,36.2357,asia-south,Standard_D4s_v3
2024-07-28 20:00:00,36.94150511,41.93312,asia-south,Standard_D4s_v3
2024-07-28 21:00:00,36.14147773,39.964207,asia-south,Standard_D4s_v3
2024-07-28 22:00:00,38.52395709,36.048946,asia-south,Standard_D4s_v3
2024-07-28 23:00:00,40.90643644,47.737766,asia-south,Standard_D4s_v3
2024-07-29 00:00:00,43.2889158,43.01605,asia-south,Standard_D4s_v3
2024-07-29 01:00:00,41.38933953,44.383785,asia-south,Standard_D4s_v3
2024-07-29 02:00:00,81.02165466,77.810715,asia-south,Standard_D4s_v3
2024-07-29 03:00:00,78.05766695,78.88739,asia-south,Standard_D4s_v3
2024-07-29 04:00:00,72.15126128,74.483894,asia-south,Standard_D4s_v3
2024-07-29 05:00:00,67.23005308,68.11026,asia-south,Standard_D4s_v3
2024-07-29 06:00:00,42.999679,45.146885,asia-south,Standard_D4s_v3
2024-07-29 07:00:00,58.76028305,59.901688,asia-south,Standard_D4s_v3
2024-07-29 08:00:00,75.3504609,68.62549,asia-south,Standard_D4s_v3
2024-07-29 09:00:00,61.61798158,67.425125,asia-south,Standard_D4s_v3
2024-07-29 10:00:00,47.88550225,51.12411,asia-south,Standard_D4s_v3
2024-07-29 11:00:00,50.79287409,54.455753,asia-south,Standard_D4s_v3
2024-07-29 12:00:00,53.70024594,53.267033,asia-south,Standard_D4s_v3
2024-07-29 13:00:00,53.55314678,41.80252,asia-south,Standard_D4s_v3
2024-07-29 14:00:00,53.40604761,52.060234,asia-south,Standard_D4s_v3
2024-07-29 15:00:00,48.41287241,47.191868,asia-south,Standard_D4s_v3
2024-07-29 16:00:00,51.2275289,50.45672,asia-south,Standard_D4s_v3
2024-07-29 17:00:00,42.00470881,41.16048,asia-south,Standard_D4s_v3
2024-07-29 18:00:00,26.58937647,31.14572,asia-south,Standard_D4s_v3
2024-07-29 19:00:00,34.83499879,29.863945,asia-south,Standard_D4s_v3
2024-07-29 20:00:00,43.08062111,41.529175,asia-south,Standard_D4s_v3
2024-07-29 21:00:00,53.82586188,52.89471,asia-south,Standard_D4s_v3
2024-07-29 22:00:00,46.36315456,37.771706,asia-south,Standard_D4s_v3
2024-07-29 23:00:00,38.90044724,42.852104,asia-south,Standard_D4s_v3
2024-07-30 00:00:00,52.13531256,46.72242,asia-south,Standard_D4s_v3
2024-07-30 01:00:00,65.37017788,57.06199,asia-south,Standard_D4s_v3
2024-07-30 02:00:00,75.64166507,60.027733,asia-south,Standard_D4s_v3
2024-07-30 03:00:00,85.91315226,84.17524,asia-south,Standard_D4s_v3
2024-07-30 04:00:00,71.71211216,71.33504,asia-south,Standard_D4s_v3
2024-07-30 05:00:00,56.35976836,59.857525,asia-south,Standard_D4s_v3
2024-07-30 06:00:00,76.65081717,70.03739,asia-south,Standard_D4s_v3
2024-07-30 07:00:00,80.11691597,70.2445,asia-south,Standard_D4s_v3
2024-07-30 08:00:00,62.90803049,64.76631,asia-south,Standard_D4s_v3
2024-07-30 09:00:00,60.32107632,55.352615,asia-south,Standard_D4s_v3
2024-07-30 10:00:00,54.57838414,62.21096,asia-south,Standard_D4s_v3
2024-07-30 11:00:00,48.83569196,47.96081,asia-south,Standard_D4s_v3
2024-07-30 12:00:00,62.12076692,50.883823,asia-south,Standard_D4s_v3
2024-07-30 13:00:00,38.80122045,43.065132,asia-south,Standard_D4s_v3
2024-07-30 14:00:00,34.99962245,35.673573,asia-south,Standard_D4s_v3
2024-07-30 15:00:00,30.75809006,29.487776,asia-south,Standard_D4s_v3
2024-07-30 16:00:00,31.37229092,31.56787,asia-south,Standard_D4s_v3
2024-07-30 17:00:00,38.66134229,38.959732,asia-south,Standard_D4s_v3
2024-07-30 18:00:00,29.77953194,31.164816,asia-south,Standard_D4s_v3
2024-07-30 19:00:00,39.7644037,37.67452,asia-south,Standard_D4s_v3
2024-07-30 20:00:00,34.18700885,38.781395,asia-south,Standard_D4s_v3
2024-07-30 21:00:00,34.11024259,42.381847,asia-south,Standard_D4s_v3
2024-07-30 22:00:00,57.97676231,53.19963,asia-south,Standard_D4s_v3
2024-07-30 23:00:00,23.1687791,31.540697,asia-south,Standard_D4s_v3
2024-07-31 00:00:00,30.0649779,43.46541,asia-south,Standard_D4s_v3
2024-07-31 01:00:00,36.9611767,40.18139,asia-south,Standard_D4s_v3
2024-07-31 02:00:00,60.29557448,61.853226,asia-south,Standard_D4s_v3
2024-07-31 03:00:00,64.16413654,63.051487,asia-south,Standard_D4s_v3
2024-07-31 04:00:00,66.38667477,66.038895,asia-south,Standard_D4s_v3
2024-07-31 05:00:00,55.55386555,60.193806,asia-south,Standard_D4s_v3
2024-07-31 06:00:00,69.74313576,68.733955,asia-south,Standard_D4s_v3
2024-07-31 07:00:00,70.55656804,60.96304,asia-south,Standard_D4s_v3
2024-07-31 08:00:00,71.37000032,64.21608,asia-south,Standard_D4s_v3
2024-07-31 09:00:00,39.74510596,43.32785,asia-south,Standard_D4s_v3
2024-07-31 10:00:00,45.81475286,49.27759,asia-south,Standard_D4s_v3
2024-07-31 11:00:00,71.88862122,68.57641,asia-south,Standard_D4s_v3
2024-07-31 12:00:00,55.25467587,54.664417,asia-south,Standard_D4s_v3
2024-07-31 13:00:00,54.05309792,49.766426,asia-south,Standard_D4s_v3
2024-07-31 14:00:00,48.28368164,45.79166,asia-south,Standard_D4s_v3
2024-07-31 15:00:00,39.961019,39.455956,asia-south,Standard_D4s_v3
2024-07-31 16:00:00,31.82910022,30.168789,asia-south,Standard_D4s_v3
2024-07-31 17:00:00,35.43036812,35.80238,asia-south,Standard_D4s_v3
2024-07-31 18:00:00,38.99049957,37.738354,asia-south,Standard_D4s_v3
2024-07-31 19:00:00,38.41231004,39.094654,asia-south,Standard_D4s_v3
2024-07-31 20:00:00,37.83983203,37.500694,asia-south,Standard_D4s_v3
2024-07-31 21:00:00,36.59412178,37.773132,asia-south,Standard_D4s_v3
2024-07-31 22:00:00,35.34841152,36.645805,asia-south,Standard_D4s_v3
2024-07-31 23:00:00,46.83271415,42.95267,asia-south,Standard_D4s_v3
2024-08-01 00:00:00,40.38171886,57.47026,asia-south,Standard_D4s_v3
2024-08-01 01:00:00,33.93072356,37.216137,asia-south,Standard_D4s_v3
2024-08-01 02:00:00,45.81941632,42.78643,asia-south,Standard_D4s_v3
2024-08-01 03:00:00,43.29228169,46.292137,asia-south,Standard_D4s_v3
2024-08-01 04:00:00,78.53725914,70.74686,asia-south,Standard_D4s_v3
2024-08-01 05:00:00,75.48636346,65.69535,asia-south,Standard_D4s_v3
2024-08-01 06:00:00,72.43546779,72.13246,asia-south,Standard_D4s_v3
2024-08-01 07:00:00,73.8864478,76.074844,asia-south,Standard_D4s_v3
2024-08-01 08:00:00,68.99422187,68.70514,asia-south,Standard_D4s_v3
2024-08-01 09:00:00,70.64379342,67.14517,asia-south,Standard_D4s_v3
2024-08-01 10:00:00,45.51362105,50.549477,asia-south,Standard_D4s_v3
2024-08-01 11:00:00,37.76282001,39.01951,asia-south,Standard_D4s_v3
2024-08-01 12:00:00,49.19480462,48.825542,asia-south,Standard_D4s_v3
2024-08-01 13:00:00,40.68061464,42.45035,asia-south,Standard_D4s_v3
2024-08-01 14:00:00,38.90531188,39.546074,asia-south,Standard_D4s_v3
2024-08-01 15:00:00,39.23098193,29.294271,asia-south,Standard_D4s_v3
2024-08-01 16:00:00,39.55665198,38.56478,asia-south,Standard_D4s_v3
2024-08-01 17:00:00,34.36174569,32.53373,asia-south,Standard_D4s_v3
2024-08-01 18:00:00,22.65993359,26.08616,asia-south,Standard_D4s_v3
2024-08-01 19:00:00,35.35352829,35.215588,asia-south,Standard_D4s_v3
2024-08-01 20:00:00,34.716995,34.873062,asia-south,Standard_D4s_v3
2024-08-01 21:00:00,31.17086778,35.879364,asia-south,Standard_D4s_v3
2024-08-01 22:00:00,27.62474057,31.982656,asia-south,Standard_D4s_v3
2024-08-01 23:00:00,36.01961381,36.136505,asia-south,Standard_D4s_v3
2024-08-02 00:00:00,55.44793815,54.581326,asia-south,Standard_D4s_v3
2024-08-02 01:00:00,59.6885059,55.200382,asia-south,Standard_D4s_v3
2024-08-02 02:00:00,63.92907364,62.333305,asia-south,Standard_D4s_v3
2024-08-02 03:00:00,68.92554227,67.015144,asia-south,Standard_D4s_v3
2024-08-02 04:00:00,71.32324878,71.38185,asia-south,Standard_D4s_v3
2024-08-02 05:00:00,76.31625347,71.52884,asia-south,Standard_D4s_v3
2024-08-02 06:00:00,81.30925816,81.104645,asia-south,Standard_D4s_v3
2024-08-02 07:00:00,84.29429927,80.91568,asia-south,Standard_D4s_v3
2024-08-02 08:00:00,57.51692481,60.001366,asia-south,Standard_D4s_v3
2024-08-02 09:00:00,45.35761559,48.490887,asia-south,Standard_D4s_v3
2024-08-02 10:00:00,71.77241961,67.30908,asia-south,Standard_D4s_v3
2024-08-02 11:00:00,57.80149337,60.84818,asia-south,Standard_D4s_v3
2024-08-02 12:00:00,74.88371999,65.79967,asia-south,Standard_D4s_v3
2024-08-02 13:00:00,52.63577045,53.514214,asia-south,Standard_D4s_v3
2024-08-02 14:00:00,51.003636,47.300518,asia-south,Standard_D4s_v3
2024-08-02 15:00:00,53.96809064,47.6555,asia-south,Standard_D4s_v3
2024-08-02 16:00:00,29.22724593,31.232197,asia-south,Standard_D4s_v3
2024-08-02 17:00:00,31.20068042,34.85701,asia-south,Standard_D4s_v3
2024-08-02 18:00:00,33.17411492,37.14094,asia-south,Standard_D4s_v3
2024-08-02 19:00:00,42.25339592,42.84528,asia-south,Standard_D4s_v3
2024-08-02 20:00:00,29.3990904,45.261265,asia-south,Standard_D4s_v3
2024-08-02 21:00:00,16.54478488,25.460514,asia-south,Standard_D4s_v3
2024-08-02 22:00:00,39.98993597,38.033886,asia-south,Standard_D4s_v3
2024-08-02 23:00:00,32.61144229,33.85271,asia-south,Standard_D4s_v3
2024-08-03 00:00:00,54.35821119,52.678185,asia-south,Standard_D4s_v3
2024-08-03 01:00:00,52.75534545,55.39188,asia-south,Standard_D4s_v3
2024-08-03 02:00:00,63.32127349,63.158253,asia-south,Standard_D4s_v3
2024-08-03 03:00:00,73.88720153,71.256905,asia-south,Standard_D4s_v3
2024-08-03 04:00:00,60.21577897,65.90698,asia-south,Standard_D4s_v3
2024-08-03 05:00:00,57.39702346,56.25763,asia-south,Standard_D4s_v3
2024-08-03 06:00:00,62.01630956,57.12313,asia-south,Standard_D4s_v3
2024-08-03 07:00:00,56.94979037,58.705063,asia-south,Standard_D4s_v3
2024-08-03 08:00:00,55.80324077,59.945835,asia-south,Standard_D4s_v3
2024-08-03 09:00:00,54.65669118,54.04099,asia-south,Standard_D4s_v3
2024-08-03 10:00:00,53.51014159,54.343876,asia-south,Standard_D4s_v3
2024-08-03 11:00:00,42.975633,46.123264,asia-south,Standard_D4s_v3
2024-08-03 12:00:00,59.35379118,57.98908,asia-south,Standard_D4s_v3
2024-08-03 13:00:00,51.63857446,52.988827,asia-south,Standard_D4s_v3
2024-08-03 14:00:00,48.3452568,47.798298,asia-south,Standard_D4s_v3
2024-08-03 15:00:00,40.48651093,41.905888,asia-south,Standard_D4s_v3
2024-08-03 16:00:00,38.38043702,39.69102,asia-south,Standard_D4s_v3
2024-08-03 17:00:00,36.27436312,37.896984,asia-south,Standard_D4s_v3
2024-08-03 18:00:00,46.63560559,42.270226,asia-south,Standard_D4s_v3
2024-08-03 19:00:00,39.32997,33.748672,asia-south,Standard_D4s_v3
2024-08-03 20:00:00,32.02433441,29.928926,asia-south,Standard_D4s_v3
2024-08-03 21:00:00,24.65033633,29.434952,asia-south,Standard_D4s_v3
2024-08-03 22:00:00,27.03849008,29.481936,asia-south,Standard_D4s_v3
2024-08-03 23:00:00,57.74742292,55.438675,asia-south,Standard_D4s_v3
2024-08-04 00:00:00,50.24746776,54.08934,asia-south,Standard_D4s_v3
2024-08-04 01:00:00,40.46844504,43.02977,asia-south,Standard_D4s_v3
2024-08-04 02:00:00,47.14735358,44.911148,asia-south,Standard_D4s_v3
2024-08-04 03:00:00,42.14007844,42.876022,asia-south,Standard_D4s_v3
2024-08-04 04:00:00,63.07265233,61.798405,asia-south,Standard_D4s_v3
2024-08-04 05:00:00,58.27453887,58.322403,asia-south,Standard_D4s_v3
2024-08-04 06:00:00,52.23943037,51.175865,asia-south,Standard_D4s_v3
2024-08-04 07:00:00,46.20432188,48.828724,asia-south,Standard_D4s_v3
2024-08-04 08:00:00,91.10714586,90.851105,asia-south,Standard_D4s_v3
2024-08-04 09:00:00,72.58113172,73.33967,asia-south,Standard_D4s_v3
2024-08-04 10:00:00,61.7787669,63.23238,asia-south,Standard_D4s_v3
2024-08-04 11:00:00,59.24628643,58.03568,asia-south,Standard_D4s_v3
2024-08-04 12:00:00,52.19717577,47.25287,asia-south,Standard_D4s_v3
2024-08-04 13:00:00,32.76778925,34.41484,asia-south,Standard_D4s_v3
2024-08-04 14:00:00,29.79931041,31.158802,asia-south,Standard_D4s_v3
2024-08-04 15:00:00,36.97387514,37.72686,asia-south,Standard_D4s_v3
2024-08-04 16:00:00,36.97176211,37.03302,asia-south,Standard_D4s_v3
2024-08-04 17:00:00,36.74750879,37.3547,asia-south,Standard_D4s_v3
2024-08-04 18:00:00,39.13963259,40.221825,asia-south,Standard_D4s_v3
2024-08-04 19:00:00,42.82688209,38.9505,asia-south,Standard_D4s_v3
2024-08-04 20:00:00,32.43906443,35.79405,asia-south,Standard_D4s_v3
2024-08-04 21:00:00,35.32547194,35.07035,asia-south,Standard_D4s_v3
2024-08-04 22:00:00,40.4181078,44.496635,asia-south,Standard_D4s_v3
2024-08-04 23:00:00,45.51074366,44.927113,asia-south,Standard_D4s_v3
2024-08-05 00:00:00,51.41560249,50.42593,asia-south,Standard_D4s_v3
2024-08-05 01:00:00,65.99336822,63.144447,asia-south,Standard_D4s_v3
2024-08-05 02:00:00,53.4087952,55.07456,asia-south,Standard_D4s_v3
2024-08-05 03:00:00,54.3530915,55.223827,asia-south,Standard_D4s_v3
2024-08-05 04:00:00,56.8518269,58.58278,asia-south,Standard_D4s_v3
2024-08-05 05:00:00,83.9282866,79.67899,asia-south,Standard_D4s_v3
2024-08-05 06:00:00,79.6532717,77.81633,asia-south,Standard_D4s_v3
2024-08-05 07:00:00,76.51364473,76.42783,asia-south,Standard_D4s_v3
2024-08-05 08:00:00,38.58195277,41.97674,asia-south,Standard_D4s_v3
2024-08-05 09:00:00,50.35758651,43.618618,asia-south,Standard_D4s_v3
2024-08-05 10:00:00,55.35575295,51.23033,asia-south,Standard_D4s_v3
2024-08-05 11:00:00,55.61647636,56.12533,asia-south,Standard_D4s_v3
2024-08-05 12:00:00,52.82790544,58.371872,asia-south,Standard_D4s_v3
2024-08-05 13:00:00,59.75879483,56.40183,asia-south,Standard_D4s_v3
2024-08-05 14:00:00,55.12726284,53.150433,asia-south,Standard_D4s_v3
2024-08-05 15:00:00,49.43614331,49.349995,asia-south,Standard_D4s_v3
2024-08-05 16:00:00,45.54296869,44.40653,asia-south,Standard_D4s_v3
2024-08-05 17:00:00,33.53783014,35.47015,asia-south,Standard_D4s_v3
2024-08-05 18:00:00,33.34952397,34.792576,asia-south,Standard_D4s_v3
2024-08-05 19:00:00,43.24991533,42.262512,asia-south,Standard_D4s_v3
2024-08-05 20:00:00,36.89130166,38.81337,asia-south,Standard_D4s_v3
2024-08-05 21:00:00,36.87178299,38.508724,asia-south,Standard_D4s_v3
2024-08-05 22:00:00,30.81222801,34.451668,asia-south,Standard_D4s_v3
2024-08-05 23:00:00,45.04740299,41.08208,asia-south,Standard_D4s_v3
2024-08-06 00:00:00,64.92551405,54.677616,asia-south,Standard_D4s_v3
2024-08-06 01:00:00,53.51099742,55.16601,asia-south,Standard_D4s_v3
2024-08-06 02:00:00,35.23333196,38.961594,asia-south,Standard_D4s_v3
2024-08-06 03:00:00,64.06776408,63.796413,asia-south,Standard_D4s_v3
2024-08-06 04:00:00,69.94706382,67.01795,asia-south,Standard_D4s_v3
2024-08-06 05:00:00,71.21407678,66.890816,asia-south,Standard_D4s_v3
2024-08-06 06:00:00,72.48108973,73.87617,asia-south,Standard_D4s_v3
2024-08-06 07:00:00,80.14967735,81.23395,asia-south,Standard_D4s_v3
2024-08-06 08:00:00,83.04844643,79.264694,asia-south,Standard_D4s_v3
2024-08-06 09:00:00,63.45421931,58.710697,asia-south,Standard_D4s_v3
2024-08-06 10:00:00,43.85999218,43.991615,asia-south,Standard_D4s_v3
2024-08-06 11:00:00,40.71871975,59.869926,asia-south,Standard_D4s_v3
2024-08-06 12:00:00,37.57744732,41.10677,asia-south,Standard_D4s_v3
2024-08-06 13:00:00,45.37837539,45.249233,asia-south,Standard_D4s_v3
2024-08-06 14:00:00,45.58341713,46.47533,asia-south,Standard_D4s_v3
2024-08-06 15:00:00,36.29372463,42.929413,asia-south,Standard_D4s_v3
2024-08-06 16:00:00,38.81058395,38.2439,asia-south,Standard_D4s_v3
2024-08-06 17:00:00,41.32744327,37.476013,asia-south,Standard_D4s_v3
2024-08-06 18:00:00,28.30404896,30.154192,asia-south,Standard_D4s_v3
2024-08-06 19:00:00,30.01054016,32.152073,asia-south,Standard_D4s_v3
2024-08-06 20:00:00,31.71703135,32.76212,asia-south,Standard_D4s_v3
2024-08-06 21:00:00,36.89253335,36.925262,asia-south,Standard_D4s_v3
2024-08-06 22:00:00,39.16764424,39.2196,asia-south,Standard_D4s_v3
2024-08-06 23:00:00,39.66815182,47.708965,asia-south,Standard_D4s_v3
2024-08-07 00:00:00,40.16865939,41.5964,asia-south,Standard_D4s_v3
2024-08-07 01:00:00,37.87142995,38.383244,asia-south,Standard_D4s_v3
2024-08-07 02:00:00,71.08915916,68.317215,asia-south,Standard_D4s_v3
2024-08-07 03:00:00,61.07088645,61.17659,asia-south,Standard_D4s_v3
2024-08-07 04:00:00,79.38463269,68.95735,asia-south,Standard_D4s_v3
2024-08-07 05:00:00,43.55218623,54.129467,asia-south,Standard_D4s_v3
2024-08-07 06:00:00,69.06991579,67.403305,asia-south,Standard_D4s_v3
2024-08-07 07:00:00,73.50413099,76.56258,asia-south,Standard_D4s_v3
2024-08-07 08:00:00,55.67895198,61.725513,asia-south,Standard_D4s_v3
2024-08-07 09:00:00,67.46544186,66.53206,asia-south,Standard_D4s_v3
2024-08-07 10:00:00,63.2514677,63.318367,asia-south,Standard_D4s_v3
2024-08-07 11:00:00,46.68134389,51.102272,asia-south,Standard_D4s_v3
2024-08-07 12:00:00,44.19278586,46.602734,asia-south,Standard_D4s_v3
2024-08-07 13:00:00,41.70422784,42.20107,asia-south,Standard_D4s_v3
2024-08-07 14:00:00,41.36673303,41.08101,asia-south,Standard_D4s_v3
2024-08-07 15:00:00,33.01008846,33.600746,asia-south,Standard_D4s_v3
2024-08-07 16:00:00,34.31871963,36.23442,asia-south,Standard_D4s_v3
2024-08-07 17:00:00,35.62735079,35.022743,asia-south,Standard_D4s_v3
2024-08-07 18:00:00,34.5010512,33.198666,asia-south,Standard_D4s_v3
2024-08-07 19:00:00,26.12575103,26.30301,asia-south,Standard_D4s_v3
2024-08-07 20:00:00,33.03081585,34.516953,asia-south,Standard_D4s_v3
2024-08-07 21:00:00,53.68770003,48.02417,asia-south,Standard_D4s_v3
2024-08-07 22:00:00,55.13937172,55.112194,asia-south,Standard_D4s_v3
2024-08-07 23:00:00,46.86141023,50.633224,asia-south,Standard_D4s_v3
2024-08-08 00:00:00,61.02604633,60.76384,asia-south,Standard_D4s_v3
2024-08-08 01:00:00,58.46011828,58.335407,asia-south,Standard_D4s_v3
2024-08-08 02:00:00,65.78937838,61.46322,asia-south,Standard_D4s_v3
2024-08-08 03:00:00,71.32899947,68.28288,asia-south,Standard_D4s_v3
2024-08-08 04:00:00,58.11460894,58.094894,asia-south,Standard_D4s_v3
2024-08-08 05:00:00,67.75545774,66.19293,asia-south,Standard_D4s_v3
2024-08-08 06:00:00,61.66496722,62.811687,asia-south,Standard_D4s_v3
2024-08-08 07:00:00,73.35126773,67.865074,asia-south,Standard_D4s_v3
2024-08-08 08:00:00,60.36277423,57.39851,asia-south,Standard_D4s_v3
2024-08-08 09:00:00,47.37428072,48.774807,asia-south,Standard_D4s_v3
2024-08-08 10:00:00,61.56244595,60.109764,asia-south,Standard_D4s_v3
2024-08-08 11:00:00,53.28663596,54.631046,asia-south,Standard_D4s_v3
2024-08-08 12:00:00,45.01082598,45.55967,asia-south,Standard_D4s_v3
2024-08-08 13:00:00,44.7108699,45.682648,asia-south,Standard_D4s_v3
2024-08-08 14:00:00,44.41091382,43.617542,asia-south,Standard_D4s_v3
2024-08-08 15:00:00,39.67834276,38.412483,asia-south,Standard_D4s_v3
2024-08-08 16:00:00,34.9457717,35.030518,asia-south,Standard_D4s_v3
2024-08-08 17:00:00,48.05769375,45.7025,asia-south,Standard_D4s_v3
2024-08-08 18:00:00,34.13580262,35.570705,asia-south,Standard_D4s_v3
2024-08-08 19:00:00,23.88718562,25.223839,asia-south,Standard_D4s_v3
2024-08-08 20:00:00,27.23406266,36.66153,asia-south,Standard_D4s_v3
2024-08-08 21:00:00,30.58093971,41.326256,asia-south,Standard_D4s_v3
2024-08-08 22:00:00,33.92781675,44.45862,asia-south,Standard_D4s_v3
2024-08-08 23:00:00,37.27469379,48.18644,asia-south,Standard_D4s_v3
2024-08-09 00:00:00,68.10382696,66.34008,asia-south,Standard_D4s_v3
2024-08-09 01:00:00,51.16984501,54.27391,asia-south,Standard_D4s_v3
2024-08-09 02:00:00,47.50597682,47.103416,asia-south,Standard_D4s_v3
2024-08-09 03:00:00,64.11281657,56.434338,asia-south,Standard_D4s_v3
2024-08-09 04:00:00,62.87634163,65.23435,asia-south,Standard_D4s_v3
2024-08-09 05:00:00,61.6398667,61.558094,asia-south,Standard_D4s_v3
2024-08-09 06:00:00,73.06471815,69.08638,asia-south,Standard_D4s_v3
2024-08-09 07:00:00,84.4895696,71.459076,asia-south,Standard_D4s_v3
2024-08-09 08:00:00,49.26119555,51.77047,asia-south,Standard_D4s_v3
2024-08-09 09:00:00,82.00928111,73.74403,asia-south,Standard_D4s_v3
2024-08-09 10:00:00,53.31564396,59.432503,asia-south,Standard_D4s_v3
2024-08-09 11:00:00,57.60211693,57.12345,asia-south,Standard_D4s_v3
2024-08-09 12:00:00,57.11504533,54.17549,asia-south,Standard_D4s_v3
2024-08-09 13:00:00,40.53424335,44.00927,asia-south,Standard_D4s_v3
2024-08-09 14:00:00,57.97596177,38.72966,asia-south,Standard_D4s_v3
2024-08-09 15:00:00,33.75877871,35.59615,asia-south,Standard_D4s_v3
2024-08-09 16:00:00,24.21465544,23.840555,asia-south,Standard_D4s_v3
2024-08-09 17:00:00,31.55397032,32.78036,asia-south,Standard_D4s_v3
2024-08-09 18:00:00,41.85544782,36.823223,asia-south,Standard_D4s_v3
2024-08-09 19:00:00,35.78135125,35.55829,asia-south,Standard_D4s_v3
2024-08-09 20:00:00,50.26846806,47.62499,asia-south,Standard_D4s_v3
2024-08-09 21:00:00,49.88215884,49.158615,asia-south,Standard_D4s_v3
2024-08-09 22:00:00,48.8757773,40.670727,asia-south,Standard_D4s_v3
2024-08-09 23:00:00,47.86939576,48.82782,asia-south,Standard_D4s_v3
2024-08-10 00:00:00,46.86301422,48.433754,asia-south,Standard_D4s_v3
2024-08-10 01:00:00,59.53181058,41.841404,asia-south,Standard_D4s_v3
2024-08-10 02:00:00,72.20060694,65.59987,asia-south,Standard_D4s_v3
2024-08-10 03:00:00,61.73614581,63.356564,asia-south,Standard_D4s_v3
2024-08-10 04:00:00,51.68011357,51.76236,asia-south,Standard_D4s_v3
2024-08-10 05:00:00,62.30330609,61.446526,asia-south,Standard_D4s_v3
2024-08-10 06:00:00,82.41680785,80.5838,asia-south,Standard_D4s_v3
2024-08-10 07:00:00,69.68433961,69.169464,asia-south,Standard_D4s_v3
2024-08-10 08:00:00,70.13117877,56.5371,asia-south,Standard_D4s_v3
2024-08-10 09:00:00,70.57801793,70.790955,asia-south,Standard_D4s_v3
2024-08-10 10:00:00,69.41662037,67.55137,asia-south,Standard_D4s_v3
2024-08-10 11:00:00,60.66844066,60.363117,asia-south,Standard_D4s_v3
2024-08-10 12:00:00,60.34217748,60.514164,asia-south,Standard_D4s_v3
2024-08-10 13:00:00,44.57357935,46.01083,asia-south,Standard_D4s_v3
2024-08-10 14:00:00,55.3334432,53.8846,asia-south,Standard_D4s_v3
2024-08-10 15:00:00,31.15383299,33.691887,asia-south,Standard_D4s_v3
2024-08-10 16:00:00,36.77751439,33.450302,asia-south,Standard_D4s_v3
2024-08-10 17:00:00,42.40119579,37.28845,asia-south,Standard_D4s_v3
2024-08-10 18:00:00,48.02487719,46.3084,asia-south,Standard_D4s_v3
2024-08-10 19:00:00,27.71660608,34.986862,asia-south,Standard_D4s_v3
2024-08-10 20:00:00,35.76402921,36.865158,asia-south,Standard_D4s_v3
2024-08-10 21:00:00,43.81145235,45.853558,asia-south,Standard_D4s_v3
2024-08-10 22:00:00,50.41859746,51.494194,asia-south,Standard_D4s_v3
2024-08-10 23:00:00,57.02574257,52.482117,asia-south,Standard_D4s_v3
2024-08-11 00:00:00,35.03984452,38.235744,asia-south,Standard_D4s_v3
2024-08-11 01:00:00,77.31139569,77.06377,asia-south,Standard_D4s_v3
2024-08-11 02:00:00,66.95809385,67.867165,asia-south,Standard_D4s_v3
2024-08-11 03:00:00,64.46419181,65.48657,asia-south,Standard_D4s_v3
2024-08-11 04:00:00,62.11066113,61.848686,asia-south,Standard_D4s_v3
2024-08-11 05:00:00,62.86683072,60.539734,asia-south,Standard_D4s_v3
2024-08-11 06:00:00,66.82462526,65.94273,asia-south,Standard_D4s_v3
2024-08-11 07:00:00,51.95901124,54.254776,asia-south,Standard_D4s_v3
2024-08-11 08:00:00,63.91073965,63.72232,asia-south,Standard_D4s_v3
2024-08-11 09:00:00,39.19829465,42.77697,asia-south,Standard_D4s_v3
2024-08-11 10:00:00,74.85394405,72.15433,asia-south,Standard_D4s_v3
2024-08-11 11:00:00,55.05477113,64.40049,asia-south,Standard_D4s_v3
2024-08-11 12:00:00,59.01334685,59.172085,asia-south,Standard_D4s_v3
2024-08-11 13:00:00,50.70061771,50.712994,asia-south,Standard_D4s_v3
2024-08-11 14:00:00,43.77810414,44.73728,asia-south,Standard_D4s_v3
2024-08-11 15:00:00,45.00989223,41.529186,asia-south,Standard_D4s_v3
2024-08-11 16:00:00,43.37080783,39.33118,asia-south,Standard_D4s_v3
2024-08-11 17:00:00,22.69634042,24.686026,asia-south,Standard_D4s_v3
2024-08-11 18:00:00,39.12524883,38.750908,asia-south,Standard_D4s_v3
2024-08-11 19:00:00,32.09758504,33.41029,asia-south,Standard_D4s_v3
2024-08-11 20:00:00,32.17681607,35.329273,asia-south,Standard_D4s_v3
2024-08-11 21:00:00,49.67164584,43.258762,asia-south,Standard_D4s_v3
2024-08-11 22:00:00,45.13845814,44.46126,asia-south,Standard_D4s_v3
2024-08-11 23:00:00,40.60527045,38.67952,asia-south,Standard_D4s_v3
2024-08-12 00:00:00,32.12733136,41.174374,asia-south,Standard_D4s_v3
2024-08-12 01:00:00,67.68298901,65.640564,asia-south,Standard_D4s_v3
2024-08-12 02:00:00,49.22858676,52.679802,asia-south,Standard_D4s_v3
2024-08-12 03:00:00,47.15150037,49.75516,asia-south,Standard_D4s_v3
2024-08-12 04:00:00,54.03601505,60.51063,asia-south,Standard_D4s_v3
2024-08-12 05:00:00,60.92052974,66.79925,asia-south,Standard_D4s_v3
2024-08-12 06:00:00,67.80504443,66.797935,asia-south,Standard_D4s_v3
2024-08-12 07:00:00,63.36899679,61.972183,asia-south,Standard_D4s_v3
2024-08-12 08:00:00,71.87844451,69.914566,asia-south,Standard_D4s_v3
2024-08-12 09:00:00,69.8042171,61.767014,asia-south,Standard_D4s_v3
2024-08-12 10:00:00,67.72998968,67.963425,asia-south,Standard_D4s_v3
2024-08-12 11:00:00,54.43220804,56.100677,asia-south,Standard_D4s_v3
2024-08-12 12:00:00,51.53953586,51.345776,asia-south,Standard_D4s_v3
2024-08-12 13:00:00,51.98175003,51.83783,asia-south,Standard_D4s_v3
2024-08-12 14:00:00,47.5994297,47.153206,asia-south,Standard_D4s_v3
2024-08-12 15:00:00,38.8150971,41.265026,asia-south,Standard_D4s_v3
2024-08-12 16:00:00,30.03076449,31.41878,asia-south,Standard_D4s_v3
2024-08-12 17:00:00,40.22684979,39.15476,asia-south,Standard_D4s_v3
2024-08-12 18:00:00,34.217717,41.582428,asia-south,Standard_D4s_v3
2024-08-12 19:00:00,28.2085842,28.889091,asia-south,Standard_D4s_v3
2024-08-12 20:00:00,29.45918515,31.673088,asia-south,Standard_D4s_v3
2024-08-12 21:00:00,46.0593853,40.036797,asia-south,Standard_D4s_v3
2024-08-12 22:00:00,47.75650035,39.995575,asia-south,Standard_D4s_v3
2024-08-12 23:00:00,49.45361539,46.92353,asia-south,Standard_D4s_v3
2024-08-13 00:00:00,44.82397403,47.92266,asia-south,Standard_D4s_v3
2024-08-13 01:00:00,45.56774972,46.450443,asia-south,Standard_D4s_v3
2024-08-13 02:00:00,46.9091394,49.04238,asia-south,Standard_D4s_v3
2024-08-13 03:00:00,48.25052907,51.094788,asia-south,Standard_D4s_v3
2024-08-13 04:00:00,76.37537314,71.56252,asia-south,Standard_D4s_v3
2024-08-13 05:00:00,81.25720508,78.951385,asia-south,Standard_D4s_v3
2024-08-13 06:00:00,85.57254029,82.27143,asia-south,Standard_D4s_v3
2024-08-13 07:00:00,76.07768178,76.784515,asia-south,Standard_D4s_v3
2024-08-13 08:00:00,65.4079382,68.71804,asia-south,Standard_D4s_v3
2024-08-13 09:00:00,54.73819461,60.40982,asia-south,Standard_D4s_v3
2024-08-13 10:00:00,58.56092935,59.49761,asia-south,Standard_D4s_v3
2024-08-13 11:00:00,58.6194361,56.937916,asia-south,Standard_D4s_v3
2024-08-13 12:00:00,52.21370112,55.34514,asia-south,Standard_D4s_v3
2024-08-13 13:00:00,50.02274727,54.837086,asia-south,Standard_D4s_v3
2024-08-13 14:00:00,47.83179343,47.257275,asia-south,Standard_D4s_v3
2024-08-13 15:00:00,55.78894414,47.451626,asia-south,Standard_D4s_v3
2024-08-13 16:00:00,46.41679735,43.807865,asia-south,Standard_D4s_v3
2024-08-13 17:00:00,47.86126723,43.633106,asia-south,Standard_D4s_v3
2024-08-13 18:00:00,49.30573712,48.08073,asia-south,Standard_D4s_v3
2024-08-13 19:00:00,40.99267257,40.62462,asia-south,Standard_D4s_v3
2024-08-13 20:00:00,46.20646266,46.24722,asia-south,Standard_D4s_v3
2024-08-13 21:00:00,35.93865284,37.166557,asia-south,Standard_D4s_v3
2024-08-13 22:00:00,36.88481713,36.725807,asia-south,Standard_D4s_v3
2024-08-13 23:00:00,38.00344907,38.91713,asia-south,Standard_D4s_v3
2024-08-14 00:00:00,51.39407946,49.582474,asia-south,Standard_D4s_v3
2024-08-14 01:00:00,49.65697851,50.900337,asia-south,Standard_D4s_v3
2024-08-14 02:00:00,47.91987757,51.5687,asia-south,Standard_D4s_v3
2024-08-14 03:00:00,54.52784977,55.810684,asia-south,Standard_D4s_v3
2024-08-14 04:00:00,61.13582196,60.768723,asia-south,Standard_D4s_v3
2024-08-14 05:00:00,67.48221925,62.174866,asia-south,Standard_D4s_v3
2024-08-14 06:00:00,73.82861654,70.78784,asia-south,Standard_D4s_v3
2024-08-14 07:00:00,69.95173679,70.91423,asia-south,Standard_D4s_v3
2024-08-14 08:00:00,82.02642877,74.33257,asia-south,Standard_D4s_v3
2024-08-14 09:00:00,61.63513795,60.28094,asia-south,Standard_D4s_v3
2024-08-14 10:00:00,51.22014134,51.24859,asia-south,Standard_D4s_v3
2024-08-14 11:00:00,49.09535827,43.3105,asia-south,Standard_D4s_v3
2024-08-14 12:00:00,41.19968067,42.23966,asia-south,Standard_D4s_v3
2024-08-14 13:00:00,55.72212268,49.918633,asia-south,Standard_D4s_v3
2024-08-14 14:00:00,34.37000619,37.47154,asia-south,Standard_D4s_v3
2024-08-14 15:00:00,38.65693584,32.725395,asia-south,Standard_D4s_v3
2024-08-14 16:00:00,42.94386549,44.434185,asia-south,Standard_D4s_v3
2024-08-14 17:00:00,41.1969649,40.266853,asia-south,Standard_D4s_v3
2024-08-14 18:00:00,39.4500643,37.31922,asia-south,Standard_D4s_v3
2024-08-14 19:00:00,31.4407185,32.39883,asia-south,Standard_D4s_v3
2024-08-14 20:00:00,23.65258721,26.05647,asia-south,Standard_D4s_v3
2024-08-14 21:00:00,33.28748607,33.019535,asia-south,Standard_D4s_v3
2024-08-14 22:00:00,50.39449964,47.18148,asia-south,Standard_D4s_v3
2024-08-14 23:00:00,52.55660401,53.776867,asia-south,Standard_D4s_v3
2024-08-15 00:00:00,51.60632668,57.912197,asia-south,Standard_D4s_v3
2024-08-15 01:00:00,50.65604934,50.75705,asia-south,Standard_D4s_v3
2024-08-15 02:00:00,52.47975231,72.788414,asia-south,Standard_D4s_v3
2024-08-15 03:00:00,54.30345528,55.064487,asia-south,Standard_D4s_v3
2024-08-15 04:00:00,53.95766728,47.320206,asia-south,Standard_D4s_v3
2024-08-15 05:00:00,53.61187929,56.5746,asia-south,Standard_D4s_v3
2024-08-15 06:00:00,69.47939935,70.97904,asia-south,Standard_D4s_v3
2024-08-15 07:00:00,85.3469194,80.86904,asia-south,Standard_D4s_v3
2024-08-15 08:00:00,69.65850289,68.3048,asia-south,Standard_D4s_v3
2024-08-15 09:00:00,65.12002036,65.70399,asia-south,Standard_D4s_v3
2024-08-15 10:00:00,57.39704771,53.336014,asia-south,Standard_D4s_v3
2024-08-15 11:00:00,49.67407506,50.257385,asia-south,Standard_D4s_v3
2024-08-15 12:00:00,43.72326191,44.851593,asia-south,Standard_D4s_v3
2024-08-15 13:00:00,33.56013835,38.694805,asia-south,Standard_D4s_v3
2024-08-15 14:00:00,42.07597222,39.379078,asia-south,Standard_D4s_v3
2024-08-15 15:00:00,36.23878032,34.559826,asia-south,Standard_D4s_v3
2024-08-15 16:00:00,44.3335264,40.613285,asia-south,Standard_D4s_v3
2024-08-15 17:00:00,38.68910906,42.810314,asia-south,Standard_D4s_v3
2024-08-15 18:00:00,39.20685264,38.757473,asia-south,Standard_D4s_v3
2024-08-15 19:00:00,38.44291944,38.3478,asia-south,Standard_D4s_v3
2024-08-15 20:00:00,41.14174429,41.171017,asia-south,Standard_D4s_v3
2024-08-15 21:00:00,38.05788376,38.87888,asia-south,Standard_D4s_v3
2024-08-15 22:00:00,27.89767225,27.053501,asia-south,Standard_D4s_v3
2024-08-15 23:00:00,41.53614887,39.558567,asia-south,Standard_D4s_v3
2024-08-16 00:00:00,51.68768611,50.61341,asia-south,Standard_D4s_v3
2024-08-16 01:00:00,60.97677765,60.46956,asia-south,Standard_D4s_v3
2024-08-16 02:00:00,61.87521297,67.40348,asia-south,Standard_D4s_v3
2024-08-16 03:00:00,62.30328279,75.86551,asia-south,Standard_D4s_v3
2024-08-16 04:00:00,62.73135262,61.712185,asia-south,Standard_D4s_v3
2024-08-16 05:00:00,47.09648087,58.55006,asia-south,Standard_D4s_v3
2024-08-16 06:00:00,71.44874535,72.55949,asia-south,Standard_D4s_v3
2024-08-16 07:00:00,72.55142989,63.505764,asia-south,Standard_D4s_v3
2024-08-16 08:00:00,73.65411443,62.1426,asia-south,Standard_D4s_v3
2024-08-16 09:00:00,74.75679897,68.816864,asia-south,Standard_D4s_v3
2024-08-16 10:00:00,75.85948351,67.20285,asia-south,Standard_D4s_v3
2024-08-16 11:00:00,51.51137594,53.496746,asia-south,Standard_D4s_v3
2024-08-16 12:00:00,50.71350336,49.721813,asia-south,Standard_D4s_v3
2024-08-16 13:00:00,49.68059731,47.569378,asia-south,Standard_D4s_v3
2024-08-16 14:00:00,46.1979419,37.6428,asia-south,Standard_D4s_v3
2024-08-16 15:00:00,42.7152865,42.360588,asia-south,Standard_D4s_v3
2024-08-16 16:00:00,35.50855017,35.497604,asia-south,Standard_D4s_v3
2024-08-16 17:00:00,28.30181383,31.402235,asia-south,Standard_D4s_v3
2024-08-16 18:00:00,26.70473229,28.641174,asia-south,Standard_D4s_v3
2024-08-16 19:00:00,33.03012821,32.959057,asia-south,Standard_D4s_v3
2024-08-16 20:00:00,43.02744765,37.03257,asia-south,Standard_D4s_v3
2024-08-16 21:00:00,48.70788279,43.96952,asia-south,Standard_D4s_v3
2024-08-16 22:00:00,46.66255987,44.289715,asia-south,Standard_D4s_v3
2024-08-16 23:00:00,43.54675511,40.867725,asia-south,Standard_D4s_v3
2024-08-17 00:00:00,40.43095035,45.440735,asia-south,Standard_D4s_v3
2024-08-17 01:00:00,57.77545374,58.086506,asia-south,Standard_D4s_v3
2024-08-17 02:00:00,53.98245842,54.924946,asia-south,Standard_D4s_v3
2024-08-17 03:00:00,51.97515395,53.174213,asia-south,Standard_D4s_v3
2024-08-17 04:00:00,64.06542509,64.093895,asia-south,Standard_D4s_v3
2024-08-17 05:00:00,49.65503884,52.477257,asia-south,Standard_D4s_v3
2024-08-17 06:00:00,73.89224197,70.92584,asia-south,Standard_D4s_v3
2024-08-17 07:00:00,71.31524851,67.27043,asia-south,Standard_D4s_v3
2024-08-17 08:00:00,64.1733906,65.269325,asia-south,Standard_D4s_v3
2024-08-17 09:00:00,64.22448927,65.55981,asia-south,Standard_D4s_v3
2024-08-17 10:00:00,56.76745523,56.32833,asia-south,Standard_D4s_v3
2024-08-17 11:00:00,50.95551946,52.427685,asia-south,Standard_D4s_v3
2024-08-17 12:00:00,67.72058494,65.24534,asia-south,Standard_D4s_v3
2024-08-17 13:00:00,46.29280396,46.957382,asia-south,Standard_D4s_v3
2024-08-17 14:00:00,41.60333425,44.29126,asia-south,Standard_D4s_v3
2024-08-17 15:00:00,36.91386453,38.482815,asia-south,Standard_D4s_v3
2024-08-17 16:00:00,34.7827201,39.526936,asia-south,Standard_D4s_v3
2024-08-17 17:00:00,32.65157566,32.014084,asia-south,Standard_D4s_v3
2024-08-17 18:00:00,30.96917714,30.576708,asia-south,Standard_D4s_v3
2024-08-17 19:00:00,39.03373896,37.70649,asia-south,Standard_D4s_v3
2024-08-17 20:00:00,38.83661318,39.28048,asia-south,Standard_D4s_v3
2024-08-17 21:00:00,32.10596219,37.634853,asia-south,Standard_D4s_v3
2024-08-17 22:00:00,48.09384906,46.362278,asia-south,Standard_D4s_v3
2024-08-17 23:00:00,55.62485067,53.846535,asia-south,Standard_D4s_v3
2024-08-18 00:00:00,44.90095643,44.19973,asia-south,Standard_D4s_v3
2024-08-18 01:00:00,58.91396063,53.542614,asia-south,Standard_D4s_v3
2024-08-18 02:00:00,51.66465582,55.004654,asia-south,Standard_D4s_v3
2024-08-18 03:00:00,75.68556014,76.07076,asia-south,Standard_D4s_v3
2024-08-18 04:00:00,70.34699889,71.55411,asia-south,Standard_D4s_v3
2024-08-18 05:00:00,62.44347498,63.07696,asia-south,Standard_D4s_v3
2024-08-18 06:00:00,58.45614887,60.11348,asia-south,Standard_D4s_v3
2024-08-18 07:00:00,50.25926259,51.578968,asia-south,Standard_D4s_v3
2024-08-18 08:00:00,55.14352414,56.216446,asia-south,Standard_D4s_v3
2024-08-18 09:00:00,54.78016363,56.109344,asia-south,Standard_D4s_v3
2024-08-18 10:00:00,54.41680312,54.631516,asia-south,Standard_D4s_v3
2024-08-18 11:00:00,61.92710638,61.798866,asia-south,Standard_D4s_v3
2024-08-18 12:00:00,44.28842544,44.884422,asia-south,Standard_D4s_v3
2024-08-18 13:00:00,45.97642614,45.920784,asia-south,Standard_D4s_v3
2024-08-18 14:00:00,50.87758933,48.374622,asia-south,Standard_D4s_v3
2024-08-18 15:00:00,37.7172059,39.114967,asia-south,Standard_D4s_v3
2024-08-18 16:00:00,43.07749531,42.579086,asia-south,Standard_D4s_v3
2024-08-18 17:00:00,55.09622456,54.043224,asia-south,Standard_D4s_v3
2024-08-18 18:00:00,45.18348014,41.741123,asia-south,Standard_D4s_v3
2024-08-18 19:00:00,35.27073572,37.06311,asia-south,Standard_D4s_v3
2024-08-18 20:00:00,31.51954367,42.95699,asia-south,Standard_D4s_v3
2024-08-18 21:00:00,27.76835162,29.739847,asia-south,Standard_D4s_v3
2024-08-18 22:00:00,44.84519168,43.403217,asia-south,Standard_D4s_v3
2024-08-18 23:00:00,44.07018024,44.951015,asia-south,Standard_D4s_v3
2024-08-19 00:00:00,71.72153945,63.517006,asia-south,Standard_D4s_v3
2024-08-19 01:00:00,72.82275539,72.54896,asia-south,Standard_D4s_v3
2024-08-19 02:00:00,77.24132222,72.68513,asia-south,Standard_D4s_v3
2024-08-19 03:00:00,66.88959085,72.16759,asia-south,Standard_D4s_v3
2024-08-19 04:00:00,78.07533662,75.97077,asia-south,Standard_D4s_v3
2024-08-19 05:00:00,79.8962303,81.93736,asia-south,Standard_D4s_v3
2024-08-19 06:00:00,73.6224728,76.44674,asia-south,Standard_D4s_v3
2024-08-19 07:00:00,61.92835542,63.087,asia-south,Standard_D4s_v3
2024-08-19 08:00:00,53.40490503,56.509903,asia-south,Standard_D4s_v3
2024-08-19 09:00:00,48.84428408,50.650223,asia-south,Standard_D4s_v3
2024-08-19 10:00:00,41.75240496,42.688583,asia-south,Standard_D4s_v3
2024-08-19 11:00:00,50.26275538,49.61466,asia-south,Standard_D4s_v3
2024-08-19 12:00:00,55.67756777,47.8725,asia-south,Standard_D4s_v3
2024-08-19 13:00:00,38.69205383,41.31606,asia-south,Standard_D4s_v3
2024-08-19 14:00:00,34.80358201,41.34843,asia-south,Standard_D4s_v3
2024-08-19 15:00:00,30.91511018,48.9574,asia-south,Standard_D4s_v3
2024-08-19 16:00:00,27.02663836,29.127693,asia-south,Standard_D4s_v3
2024-08-19 17:00:00,23.13816654,27.398565,asia-south,Standard_D4s_v3
2024-08-19 18:00:00,22.71407759,28.915915,asia-south,Standard_D4s_v3
2024-08-19 19:00:00,33.75744183,33.02139,asia-south,Standard_D4s_v3
2024-08-19 20:00:00,49.41734421,46.278034,asia-south,Standard_D4s_v3
2024-08-19 21:00:00,38.02938397,38.453373,asia-south,Standard_D4s_v3
2024-08-19 22:00:00,42.34791657,41.069633,asia-south,Standard_D4s_v3
2024-08-19 23:00:00,45.2380759,46.206955,asia-south,Standard_D4s_v3
2024-08-20 00:00:00,46.33249895,46.366253,asia-south,Standard_D4s_v3
2024-08-20 01:00:00,52.86445493,50.221226,asia-south,Standard_D4s_v3
2024-08-20 02:00:00,52.3745932,56.95006,asia-south,Standard_D4s_v3
2024-08-20 03:00:00,51.88473147,51.64983,asia-south,Standard_D4s_v3
2024-08-20 04:00:00,40.5393533,42.501522,asia-south,Standard_D4s_v3
2024-08-20 05:00:00,50.06114009,50.667957,asia-south,Standard_D4s_v3
2024-08-20 06:00:00,57.66929382,51.646763,asia-south,Standard_D4s_v3
2024-08-20 07:00:00,59.91321279,60.128162,asia-south,Standard_D4s_v3
2024-08-20 08:00:00,62.15713176,60.61505,asia-south,Standard_D4s_v3
2024-08-20 09:00:00,82.20460293,71.7276,asia-south,Standard_D4s_v3
2024-08-20 10:00:00,58.33752213,59.552357,asia-south,Standard_D4s_v3
2024-08-20 11:00:00,50.1418157,50.13798,asia-south,Standard_D4s_v3
2024-08-20 12:00:00,40.14579388,44.79149,asia-south,Standard_D4s_v3
2024-08-20 13:00:00,43.13667945,43.147007,asia-south,Standard_D4s_v3
2024-08-20 14:00:00,47.77825208,43.455803,asia-south,Standard_D4s_v3
2024-08-20 15:00:00,42.04961893,40.406437,asia-south,Standard_D4s_v3
2024-08-20 16:00:00,36.32098578,33.745914,asia-south,Standard_D4s_v3
2024-08-20 17:00:00,30.59235263,30.46581,asia-south,Standard_D4s_v3
2024-08-20 18:00:00,33.15142796,32.44179,asia-south,Standard_D4s_v3
2024-08-20 19:00:00,39.04203179,39.37836,asia-south,Standard_D4s_v3
2024-08-20 20:00:00,25.02302676,29.877125,asia-south,Standard_D4s_v3
2024-08-20 21:00:00,37.79652785,36.677036,asia-south,Standard_D4s_v3
2024-08-20 22:00:00,46.55506524,45.039185,asia-south,Standard_D4s_v3
2024-08-20 23:00:00,43.95484907,48.961555,asia-south,Standard_D4s_v3
2024-08-21 00:00:00,41.35463291,58.683617,asia-south,Standard_D4s_v3
2024-08-21 01:00:00,38.75441674,43.119476,asia-south,Standard_D4s_v3
2024-08-21 02:00:00,42.05442607,41.437557,asia-south,Standard_D4s_v3
2024-08-21 03:00:00,56.78448878,56.67527,asia-south,Standard_D4s_v3
2024-08-21 04:00:00,60.57705804,70.79423,asia-south,Standard_D4s_v3
2024-08-21 05:00:00,64.36962729,62.710915,asia-south,Standard_D4s_v3
2024-08-21 06:00:00,45.03592842,51.78238,asia-south,Standard_D4s_v3
2024-08-21 07:00:00,62.16420318,61.767494,asia-south,Standard_D4s_v3
2024-08-21 08:00:00,97.80561143,93.372795,asia-south,Standard_D4s_v3
2024-08-21 09:00:00,42.10399561,53.881443,asia-south,Standard_D4s_v3
2024-08-21 10:00:00,53.54337464,45.525154,asia-south,Standard_D4s_v3
2024-08-21 11:00:00,64.98275367,62.653088,asia-south,Standard_D4s_v3
2024-08-21 12:00:00,50.09247855,50.303234,asia-south,Standard_D4s_v3
2024-08-21 13:00:00,43.44309637,46.135136,asia-south,Standard_D4s_v3
2024-08-21 14:00:00,42.22282143,41.90254,asia-south,Standard_D4s_v3
2024-08-21 15:00:00,40.00774866,39.234932,asia-south,Standard_D4s_v3
2024-08-21 16:00:00,46.78062303,44.244686,asia-south,Standard_D4s_v3
2024-08-21 17:00:00,40.60557289,41.223026,asia-south,Standard_D4s_v3
2024-08-21 18:00:00,34.75101697,35.752666,asia-south,Standard_D4s_v3
2024-08-21 19:00:00,37.4588038,37.858524,asia-south,Standard_D4s_v3
2024-08-21 20:00:00,44.20350346,41.764534,asia-south,Standard_D4s_v3
2024-08-21 21:00:00,43.18114652,41.370106,asia-south,Standard_D4s_v3
2024-08-21 22:00:00,42.15878958,41.60234,asia-south,Standard_D4s_v3
2024-08-21 23:00:00,47.78494479,43.912918,asia-south,Standard_D4s_v3
2024-08-22 00:00:00,44.03373265,41.81422,asia-south,Standard_D4s_v3
2024-08-22 01:00:00,51.38292665,49.984364,asia-south,Standard_D4s_v3
2024-08-22 02:00:00,60.30887522,57.580494,asia-south,Standard_D4s_v3
2024-08-22 03:00:00,57.83693015,57.520203,asia-south,Standard_D4s_v3
2024-08-22 04:00:00,54.83941942,59.846737,asia-south,Standard_D4s_v3
2024-08-22 05:00:00,54.75611712,55.353424,asia-south,Standard_D4s_v3
2024-08-22 06:00:00,82.37027224,78.38007,asia-south,Standard_D4s_v3
2024-08-22 07:00:00,67.09348279,64.015976,asia-south,Standard_D4s_v3
2024-08-22 08:00:00,62.27046443,62.4084,asia-south,Standard_D4s_v3
2024-08-22 09:00:00,67.84209026,66.70391,asia-south,Standard_D4s_v3
2024-08-22 10:00:00,45.51490629,45.571453,asia-south,Standard_D4s_v3
2024-08-22 11:00:00,65.09680351,62.163223,asia-south,Standard_D4s_v3
2024-08-22 12:00:00,40.96726624,50.490093,asia-south,Standard_D4s_v3
2024-08-22 13:00:00,75.87191623,65.94226,asia-south,Standard_D4s_v3
2024-08-22 14:00:00,50.02303847,49.74617,asia-south,Standard_D4s_v3
2024-08-22 15:00:00,38.06826294,42.29883,asia-south,Standard_D4s_v3
2024-08-22 16:00:00,29.14167235,28.349993,asia-south,Standard_D4s_v3
2024-08-22 17:00:00,31.07795834,30.390583,asia-south,Standard_D4s_v3
2024-08-22 18:00:00,33.01424432,32.900154,asia-south,Standard_D4s_v3
2024-08-22 19:00:00,34.95053031,35.406628,asia-south,Standard_D4s_v3
2024-08-22 20:00:00,34.50737906,34.888252,asia-south,Standard_D4s_v3
2024-08-22 21:00:00,34.0642278,43.057583,asia-south,Standard_D4s_v3
2024-08-22 22:00:00,33.62107655,35.00667,asia-south,Standard_D4s_v3
2024-08-22 23:00:00,32.35393875,31.555893,asia-south,Standard_D4s_v3
2024-08-23 00:00:00,54.79744383,52.977306,asia-south,Standard_D4s_v3
2024-08-23 01:00:00,56.31694242,50.92887,asia-south,Standard_D4s_v3
2024-08-23 02:00:00,57.836441,57.860737,asia-south,Standard_D4s_v3
2024-08-23 03:00:00,46.65397846,47.14833,asia-south,Standard_D4s_v3
2024-08-23 04:00:00,54.16221683,53.01239,asia-south,Standard_D4s_v3
2024-08-23 05:00:00,61.67820763,56.55298,asia-south,Standard_D4s_v3
2024-08-23 06:00:00,76.86809942,58.45341,asia-south,Standard_D4s_v3
2024-08-23 07:00:00,60.06577657,56.99981,asia-south,Standard_D4s_v3
2024-08-23 08:00:00,43.26345372,49.015404,asia-south,Standard_D4s_v3
2024-08-23 09:00:00,77.67567456,64.200935,asia-south,Standard_D4s_v3
2024-08-23 10:00:00,60.87589674,61.162254,asia-south,Standard_D4s_v3
2024-08-23 11:00:00,62.29982057,60.512035,asia-south,Standard_D4s_v3
2024-08-23 12:00:00,47.96173104,55.464764,asia-south,Standard_D4s_v3
2024-08-23 13:00:00,60.88281353,59.453064,asia-south,Standard_D4s_v3
2024-08-23 14:00:00,36.64307733,38.204643,asia-south,Standard_D4s_v3
2024-08-23 15:00:00,38.70334006,39.47777,asia-south,Standard_D4s_v3
2024-08-23 16:00:00,40.82424734,38.896214,asia-south,Standard_D4s_v3
2024-08-23 17:00:00,39.89716908,40.12385,asia-south,Standard_D4s_v3
2024-08-23 18:00:00,30.92534314,33.622314,asia-south,Standard_D4s_v3
2024-08-23 19:00:00,35.59559942,34.3843,asia-south,Standard_D4s_v3
2024-08-23 20:00:00,37.51048508,32.69847,asia-south,Standard_D4s_v3
2024-08-23 21:00:00,43.45682346,42.432167,asia-south,Standard_D4s_v3
2024-08-23 22:00:00,48.90803272,47.9827,asia-south,Standard_D4s_v3
2024-08-23 23:00:00,46.95140228,46.69179,asia-south,Standard_D4s_v3
2024-08-24 00:00:00,34.88191119,38.455055,asia-south,Standard_D4s_v3
2024-08-24 01:00:00,57.66521386,50.410957,asia-south,Standard_D4s_v3
2024-08-24 02:00:00,57.62441018,57.75849,asia-south,Standard_D4s_v3
2024-08-24 03:00:00,74.74232301,69.12585,asia-south,Standard_D4s_v3
2024-08-24 04:00:00,75.02713267,74.103455,asia-south,Standard_D4s_v3
2024-08-24 05:00:00,71.31449574,72.09886,asia-south,Standard_D4s_v3
2024-08-24 06:00:00,65.38664594,66.67704,asia-south,Standard_D4s_v3
2024-08-24 07:00:00,59.45879614,60.281044,asia-south,Standard_D4s_v3
2024-08-24 08:00:00,51.96913453,66.98324,asia-south,Standard_D4s_v3
2024-08-24 09:00:00,44.47947292,45.054745,asia-south,Standard_D4s_v3
2024-08-24 10:00:00,33.26212535,40.68744,asia-south,Standard_D4s_v3
2024-08-24 11:00:00,69.33367319,61.762226,asia-south,Standard_D4s_v3
2024-08-24 12:00:00,49.09106949,51.500122,asia-south,Standard_D4s_v3
2024-08-24 13:00:00,39.27186634,44.215958,asia-south,Standard_D4s_v3
2024-08-24 14:00:00,49.84592647,47.994705,asia-south,Standard_D4s_v3
2024-08-24 15:00:00,38.38749377,36.73821,asia-south,Standard_D4s_v3
2024-08-24 16:00:00,30.72338917,27.897684,asia-south,Standard_D4s_v3
2024-08-24 17:00:00,27.05209296,26.494316,asia-south,Standard_D4s_v3
2024-08-24 18:00:00,29.39726124,31.152563,asia-south,Standard_D4s_v3
2024-08-24 19:00:00,34.50626752,34.82992,asia-south,Standard_D4s_v3
2024-08-24 20:00:00,48.25489471,43.1456,asia-south,Standard_D4s_v3
2024-08-24 21:00:00,41.20055767,40.959953,asia-south,Standard_D4s_v3
2024-08-24 22:00:00,40.40589989,42.001537,asia-south,Standard_D4s_v3
2024-08-24 23:00:00,44.76393478,43.96822,asia-south,Standard_D4s_v3
2024-08-25 00:00:00,39.42429754,42.933174,asia-south,Standard_D4s_v3
2024-08-25 01:00:00,45.27559881,47.654724,asia-south,Standard_D4s_v3
2024-08-25 02:00:00,51.12690008,53.70213,asia-south,Standard_D4s_v3
2024-08-25 03:00:00,56.97820135,49.60726,asia-south,Standard_D4s_v3
2024-08-25 04:00:00,62.82950262,62.05499,asia-south,Standard_D4s_v3
2024-08-25 05:00:00,58.02287329,56.93613,asia-south,Standard_D4s_v3
2024-08-25 06:00:00,65.32332053,60.784985,asia-south,Standard_D4s_v3
2024-08-25 07:00:00,51.59383896,57.91583,asia-south,Standard_D4s_v3
2024-08-25 08:00:00,58.70551691,59.666164,asia-south,Standard_D4s_v3
2024-08-25 09:00:00,60.87125108,60.827835,asia-south,Standard_D4s_v3
2024-08-25 10:00:00,67.25973905,62.924564,asia-south,Standard_D4s_v3
2024-08-25 11:00:00,59.3930303,50.05412,asia-south,Standard_D4s_v3
2024-08-25 12:00:00,51.52632156,40.77253,asia-south,Standard_D4s_v3
2024-08-25 13:00:00,43.65961282,41.82279,asia-south,Standard_D4s_v3
2024-08-25 14:00:00,30.0850172,31.701199,asia-south,Standard_D4s_v3
2024-08-25 15:00:00,31.54164612,32.207783,asia-south,Standard_D4s_v3
2024-08-25 16:00:00,54.15206501,39.577915,asia-south,Standard_D4s_v3
2024-08-25 17:00:00,41.14628752,41.369766,asia-south,Standard_D4s_v3
2024-08-25 18:00:00,41.87998221,32.992264,asia-south,Standard_D4s_v3
2024-08-25 19:00:00,42.6136769,41.458298,asia-south,Standard_D4s_v3
2024-08-25 20:00:00,38.34639509,39.967793,asia-south,Standard_D4s_v3
2024-08-25 21:00:00,40.52777865,41.244102,asia-south,Standard_D4s_v3
2024-08-25 22:00:00,35.86774371,41.90648,asia-south,Standard_D4s_v3
2024-08-25 23:00:00,57.40415197,56.25991,asia-south,Standard_D4s_v3
2024-08-26 00:00:00,32.72349855,35.210453,asia-south,Standard_D4s_v3
2024-08-26 01:00:00,33.85228527,37.91417,asia-south,Standard_D4s_v3
2024-08-26 02:00:00,50.78026121,52.17348,asia-south,Standard_D4s_v3
2024-08-26 03:00:00,67.70823715,63.982864,asia-south,Standard_D4s_v3
2024-08-26 04:00:00,63.7118257,73.74736,asia-south,Standard_D4s_v3
2024-08-26 05:00:00,85.35603188,80.643974,asia-south,Standard_D4s_v3
2024-08-26 06:00:00,67.2794023,70.07559,asia-south,Standard_D4s_v3
2024-08-26 07:00:00,49.20277272,51.185474,asia-south,Standard_D4s_v3
2024-08-26 08:00:00,68.85634886,66.57612,asia-south,Standard_D4s_v3
2024-08-26 09:00:00,43.12810859,48.071804,asia-south,Standard_D4s_v3
2024-08-26 10:00:00,61.39803644,57.747925,asia-south,Standard_D4s_v3
2024-08-26 11:00:00,54.53907591,58.013992,asia-south,Standard_D4s_v3
2024-08-26 12:00:00,47.68011538,59.519955,asia-south,Standard_D4s_v3
2024-08-26 13:00:00,40.82115485,43.623974,asia-south,Standard_D4s_v3
2024-08-26 14:00:00,45.26568106,33.62523,asia-south,Standard_D4s_v3
2024-08-26 15:00:00,49.71020726,48.602905,asia-south,Standard_D4s_v3
2024-08-26 16:00:00,49.12539841,47.762096,asia-south,Standard_D4s_v3
2024-08-26 17:00:00,48.19166033,47.463276,asia-south,Standard_D4s_v3
2024-08-26 18:00:00,44.55301602,38.09929,asia-south,Standard_D4s_v3
2024-08-26 19:00:00,40.91437171,37.174072,asia-south,Standard_D4s_v3
2024-08-26 20:00:00,37.2757274,37.00986,asia-south,Standard_D4s_v3
2024-08-26 21:00:00,45.03033519,43.327564,asia-south,Standard_D4s_v3
2024-08-26 22:00:00,36.61779228,37.94822,asia-south,Standard_D4s_v3
2024-08-26 23:00:00,44.07434253,37.628166,asia-south,Standard_D4s_v3
2024-08-27 00:00:00,51.53089278,51.458107,asia-south,Standard_D4s_v3
2024-08-27 01:00:00,45.67050842,52.23182,asia-south,Standard_D4s_v3
2024-08-27 02:00:00,54.49561291,57.187244,asia-south,Standard_D4s_v3
2024-08-27 03:00:00,55.81885284,56.61521,asia-south,Standard_D4s_v3
2024-08-27 04:00:00,40.51671687,44.604996,asia-south,Standard_D4s_v3
2024-08-27 05:00:00,67.0941426,65.86514,asia-south,Standard_D4s_v3
2024-08-27 06:00:00,51.24337353,56.22311,asia-south,Standard_D4s_v3
2024-08-27 07:00:00,60.69971782,73.07344,asia-south,Standard_D4s_v3
2024-08-27 08:00:00,70.15606212,68.94412,asia-south,Standard_D4s_v3
2024-08-27 09:00:00,64.54787975,67.12479,asia-south,Standard_D4s_v3
2024-08-27 10:00:00,58.93969738,59.611755,asia-south,Standard_D4s_v3
2024-08-27 11:00:00,47.89033668,60.069305,asia-south,Standard_D4s_v3
2024-08-27 12:00:00,36.84097599,39.93027,asia-south,Standard_D4s_v3
2024-08-27 13:00:00,48.17838634,46.566032,asia-south,Standard_D4s_v3
2024-08-27 14:00:00,29.37496979,31.620285,asia-south,Standard_D4s_v3
2024-08-27 15:00:00,40.69515923,40.542458,asia-south,Standard_D4s_v3
2024-08-27 16:00:00,30.6360217,35.463726,asia-south,Standard_D4s_v3
2024-08-27 17:00:00,38.52763603,39.48423,asia-south,Standard_D4s_v3
2024-08-27 18:00:00,35.28231894,34.655693,asia-south,Standard_D4s_v3
2024-08-27 19:00:00,36.67037613,34.9178,asia-south,Standard_D4s_v3
2024-08-27 20:00:00,44.011915,42.596695,asia-south,Standard_D4s_v3
2024-08-27 21:00:00,44.36140125,43.693466,asia-south,Standard_D4s_v3
2024-08-27 22:00:00,41.99230747,41.759346,asia-south,Standard_D4s_v3
2024-08-27 23:00:00,49.66967161,49.521187,asia-south,Standard_D4s_v3
2024-08-28 00:00:00,57.34703575,58.295113,asia-south,Standard_D4s_v3
2024-08-28 01:00:00,57.27996675,56.649418,asia-south,Standard_D4s_v3
2024-08-28 02:00:00,61.77534468,62.625057,asia-south,Standard_D4s_v3
2024-08-28 03:00:00,58.61876067,59.54514,asia-south,Standard_D4s_v3
2024-08-28 04:00:00,68.49500848,50.834305,asia-south,Standard_D4s_v3
2024-08-28 05:00:00,78.37125629,68.71563,asia-south,Standard_D4s_v3
2024-08-28 06:00:00,65.64482777,64.437805,asia-south,Standard_D4s_v3
2024-08-28 07:00:00,69.88407516,68.69337,asia-south,Standard_D4s_v3
2024-08-28 08:00:00,61.67399225,66.52856,asia-south,Standard_D4s_v3
2024-08-28 09:00:00,45.1758374,50.840427,asia-south,Standard_D4s_v3
2024-08-28 10:00:00,42.84550884,44.699215,asia-south,Standard_D4s_v3
2024-08-28 11:00:00,53.60554196,53.735626,asia-south,Standard_D4s_v3
2024-08-28 12:00:00,42.80084711,44.439518,asia-south,Standard_D4s_v3
2024-08-28 13:00:00,39.02602201,35.893223,asia-south,Standard_D4s_v3
2024-08-28 14:00:00,35.25119691,29.468378,asia-south,Standard_D4s_v3
2024-08-28 15:00:00,31.47637182,31.325396,asia-south,Standard_D4s_v3
2024-08-28 16:00:00,35.43587109,36.199398,asia-south,Standard_D4s_v3
2024-08-28 17:00:00,31.50812201,36.270214,asia-south,Standard_D4s_v3
2024-08-28 18:00:00,35.17003511,35.654026,asia-south,Standard_D4s_v3
2024-08-28 19:00:00,38.83194822,36.65949,asia-south,Standard_D4s_v3
2024-08-28 20:00:00,40.25601742,38.390656,asia-south,Standard_D4s_v3
2024-08-28 21:00:00,41.68008662,41.14283,asia-south,Standard_D4s_v3
2024-08-28 22:00:00,49.42946299,46.431442,asia-south,Standard_D4s_v3
2024-08-28 23:00:00,30.85947826,39.584072,asia-south,Standard_D4s_v3
2024-08-29 00:00:00,48.3959208,48.47474,asia-south,Standard_D4s_v3
2024-08-29 01:00:00,57.06565708,58.270935,asia-south,Standard_D4s_v3
2024-08-29 02:00:00,65.73539336,63.76653,asia-south,Standard_D4s_v3
2024-08-29 03:00:00,49.23567558,48.566616,asia-south,Standard_D4s_v3
2024-08-29 04:00:00,45.46889954,47.597763,asia-south,Standard_D4s_v3
2024-08-29 05:00:00,56.19148534,50.757202,asia-south,Standard_D4s_v3
2024-08-29 06:00:00,48.1603578,48.239407,asia-south,Standard_D4s_v3
2024-08-29 07:00:00,50.60780322,57.557407,asia-south,Standard_D4s_v3
2024-08-29 08:00:00,53.05524864,51.616013,asia-south,Standard_D4s_v3
2024-08-29 09:00:00,55.50269406,56.394016,asia-south,Standard_D4s_v3
2024-08-29 10:00:00,63.62265684,62.805172,asia-south,Standard_D4s_v3
2024-08-29 11:00:00,54.8726134,48.196762,asia-south,Standard_D4s_v3
2024-08-29 12:00:00,46.12256996,44.281105,asia-south,Standard_D4s_v3
2024-08-29 13:00:00,43.4190909,43.601845,asia-south,Standard_D4s_v3
2024-08-29 14:00:00,38.55704454,37.031933,asia-south,Standard_D4s_v3
2024-08-29 15:00:00,47.71637031,41.349934,asia-south,Standard_D4s_v3
2024-08-29 16:00:00,28.61799436,32.97629,asia-south,Standard_D4s_v3
2024-08-29 17:00:00,33.17079679,31.884432,asia-south,Standard_D4s_v3
2024-08-29 18:00:00,28.28146922,29.68046,asia-south,Standard_D4s_v3
2024-08-29 19:00:00,45.40657098,42.885487,asia-south,Standard_D4s_v3
2024-08-29 20:00:00,29.32538612,29.61394,asia-south,Standard_D4s_v3
2024-08-29 21:00:00,39.84947832,38.989388,asia-south,Standard_D4s_v3
2024-08-29 22:00:00,38.4191099,42.48146,asia-south,Standard_D4s_v3
2024-08-29 23:00:00,46.8109686,42.318604,asia-south,Standard_D4s_v3
2024-08-30 00:00:00,55.02248513,54.374348,asia-south,Standard_D4s_v3
2024-08-30 01:00:00,43.99010972,47.18598,asia-south,Standard_D4s_v3
2024-08-30 02:00:00,55.82480253,56.200474,asia-south,Standard_D4s_v3
2024-08-30 03:00:00,69.63363575,64.74667,asia-south,Standard_D4s_v3
2024-08-30 04:00:00,75.03801099,65.161316,asia-south,Standard_D4s_v3
2024-08-30 05:00:00,80.44238623,73.91812,asia-south,Standard_D4s_v3
2024-08-30 06:00:00,64.16087047,72.11915,asia-south,Standard_D4s_v3
2024-08-30 07:00:00,47.8793547,49.841602,asia-south,Standard_D4s_v3
2024-08-30 08:00:00,43.5882125,44.66367,asia-south,Standard_D4s_v3
2024-08-30 09:00:00,73.0591423,51.45832,asia-south,Standard_D4s_v3
2024-08-30 10:00:00,54.03256543,55.89623,asia-south,Standard_D4s_v3
2024-08-30 11:00:00,52.10571925,51.448555,asia-south,Standard_D4s_v3
2024-08-30 12:00:00,47.33951283,48.38902,asia-south,Standard_D4s_v3
2024-08-30 13:00:00,39.47259638,42.596878,asia-south,Standard_D4s_v3
2024-08-30 14:00:00,43.51350112,42.617123,asia-south,Standard_D4s_v3
2024-08-30 15:00:00,34.92812854,42.502625,asia-south,Standard_D4s_v3
2024-08-30 16:00:00,26.34275595,27.359404,asia-south,Standard_D4s_v3
2024-08-30 17:00:00,28.17923501,30.91708,asia-south,Standard_D4s_v3
2024-08-30 18:00:00,31.83280644,32.649956,asia-south,Standard_D4s_v3
2024-08-30 19:00:00,35.48637788,37.29455,asia-south,Standard_D4s_v3
2024-08-30 20:00:00,39.13994932,38.657528,asia-south,Standard_D4s_v3
2024-08-30 21:00:00,44.69775092,42.990677,asia-south,Standard_D4s_v3
2024-08-30 22:00:00,39.93199217,45.389275,asia-south,Standard_D4s_v3
2024-08-30 23:00:00,45.99717405,48.360165,asia-south,Standard_D4s_v3
2024-08-31 00:00:00,69.62465858,62.572365,asia-south,Standard_D4s_v3
2024-08-31 01:00:00,63.48833137,61.234257,asia-south,Standard_D4s_v3
2024-08-31 02:00:00,49.46579856,51.71522,asia-south,Standard_D4s_v3
2024-08-31 03:00:00,64.28230441,59.94741,asia-south,Standard_D4s_v3
2024-08-31 04:00:00,79.09881025,76.897934,asia-south,Standard_D4s_v3
2024-08-31 05:00:00,85.47211334,77.957146,asia-south,Standard_D4s_v3
2024-08-31 06:00:00,67.36074176,66.23088,asia-south,Standard_D4s_v3
2024-08-31 07:00:00,71.33262393,71.59242,asia-south,Standard_D4s_v3
2024-08-31 08:00:00,73.45464885,60.84484,asia-south,Standard_D4s_v3
2024-08-31 09:00:00,75.57667377,75.64707,asia-south,Standard_D4s_v3
2024-08-31 10:00:00,62.11854355,49.68302,asia-south,Standard_D4s_v3
2024-08-31 11:00:00,48.66041332,50.422386,asia-south,Standard_D4s_v3
2024-08-31 12:00:00,45.56859875,46.68898,asia-south,Standard_D4s_v3
2024-08-31 13:00:00,47.86503844,44.764957,asia-south,Standard_D4s_v3
2024-08-31 14:00:00,34.06946711,36.877167,asia-south,Standard_D4s_v3
2024-08-31 15:00:00,42.20810781,41.41907,asia-south,Standard_D4s_v3
2024-08-31 16:00:00,26.60710772,33.119007,asia-south,Standard_D4s_v3
2024-08-31 17:00:00,27.7838705,28.704304,asia-south,Standard_D4s_v3
2024-08-31 18:00:00,36.40886934,36.680073,asia-south,Standard_D4s_v3
2024-08-31 19:00:00,47.3214045,45.232433,asia-south,Standard_D4s_v3
2024-08-31 20:00:00,32.7133117,33.766117,asia-south,Standard_D4s_v3
2024-08-31 21:00:00,38.62806457,39.024033,asia-south,Standard_D4s_v3
2024-08-31 22:00:00,35.38843669,35.761475,asia-south,Standard_D4s_v3
2024-08-31 23:00:00,44.114685,43.582893,asia-south,Standard_D4s_v3
2024-09-01 00:00:00,42.59523347,44.312622,asia-south,Standard_D4s_v3
2024-09-01 01:00:00,40.88704677,43.68283,asia-south,Standard_D4s_v3
2024-09-01 02:00:00,55.94644735,53.68979,asia-south,Standard_D4s_v3
2024-09-01 03:00:00,54.12353421,63.625137,asia-south,Standard_D4s_v3
2024-09-01 04:00:00,52.30062108,68.74897,asia-south,Standard_D4s_v3
2024-09-01 05:00:00,50.47770794,51.21464,asia-south,Standard_D4s_v3
2024-09-01 06:00:00,66.97684982,63.14237,asia-south,Standard_D4s_v3
2024-09-01 07:00:00,57.63753172,58.143288,asia-south,Standard_D4s_v3
2024-09-01 08:00:00,58.34190092,56.671825,asia-south,Standard_D4s_v3
2024-09-01 09:00:00,51.30672184,51.875126,asia-south,Standard_D4s_v3
2024-09-01 10:00:00,53.32219439,58.184944,asia-south,Standard_D4s_v3
2024-09-01 11:00:00,55.33766695,57.592896,asia-south,Standard_D4s_v3
2024-09-01 12:00:00,60.57932956,58.893837,asia-south,Standard_D4s_v3
2024-09-01 13:00:00,56.79410898,52.700672,asia-south,Standard_D4s_v3
2024-09-01 14:00:00,49.13478801,45.88961,asia-south,Standard_D4s_v3
2024-09-01 15:00:00,41.47546705,42.54263,asia-south,Standard_D4s_v3
2024-09-01 16:00:00,27.8255038,29.065466,asia-south,Standard_D4s_v3
2024-09-01 17:00:00,22.55717187,26.769918,asia-south,Standard_D4s_v3
2024-09-01 18:00:00,28.69415474,26.935152,asia-south,Standard_D4s_v3
2024-09-01 19:00:00,30.96816918,31.085472,asia-south,Standard_D4s_v3
2024-09-01 20:00:00,32.08716206,32.025345,asia-south,Standard_D4s_v3
2024-09-01 21:00:00,32.63129004,32.312366,asia-south,Standard_D4s_v3
2024-09-01 22:00:00,31.56510761,32.323593,asia-south,Standard_D4s_v3
2024-09-01 23:00:00,32.1167373,33.488037,asia-south,Standard_D4s_v3
2024-09-02 00:00:00,49.23682172,45.28643,asia-south,Standard_D4s_v3
2024-09-02 01:00:00,47.02573983,48.784035,asia-south,Standard_D4s_v3
2024-09-02 02:00:00,54.09017651,56.597313,asia-south,Standard_D4s_v3
2024-09-02 03:00:00,61.15461319,60.271824,asia-south,Standard_D4s_v3
2024-09-02 04:00:00,59.31941491,57.712708,asia-south,Standard_D4s_v3
2024-09-02 05:00:00,63.45841915,58.005116,asia-south,Standard_D4s_v3
2024-09-02 06:00:00,53.76862048,54.92748,asia-south,Standard_D4s_v3
2024-09-02 07:00:00,53.170537,63.965946,asia-south,Standard_D4s_v3
2024-09-02 08:00:00,52.57245353,53.684185,asia-south,Standard_D4s_v3
2024-09-02 09:00:00,54.47020235,57.927673,asia-south,Standard_D4s_v3
2024-09-02 10:00:00,56.36795118,55.240612,asia-south,Standard_D4s_v3
2024-09-02 11:00:00,62.05239889,60.913784,asia-south,Standard_D4s_v3
2024-09-02 12:00:00,57.37686792,50.574505,asia-south,Standard_D4s_v3
2024-09-02 13:00:00,52.70133695,40.0972,asia-south,Standard_D4s_v3
2024-09-02 14:00:00,48.02580598,37.68014,asia-south,Standard_D4s_v3
2024-09-02 15:00:00,43.35027501,38.003704,asia-south,Standard_D4s_v3
2024-09-02 16:00:00,31.34147019,31.434406,asia-south,Standard_D4s_v3
2024-09-02 17:00:00,35.82330289,36.13265,asia-south,Standard_D4s_v3
2024-09-02 18:00:00,31.18553755,32.355133,asia-south,Standard_D4s_v3
2024-09-02 19:00:00,25.51293291,27.256336,asia-south,Standard_D4s_v3
2024-09-02 20:00:00,38.08741296,38.31086,asia-south,Standard_D4s_v3
2024-09-02 21:00:00,42.88389573,41.6414,asia-south,Standard_D4s_v3
2024-09-02 22:00:00,40.10244067,39.98954,asia-south,Standard_D4s_v3
2024-09-02 23:00:00,27.40133346,31.246082,asia-south,Standard_D4s_v3
2024-09-03 00:00:00,49.95564081,47.044445,asia-south,Standard_D4s_v3
2024-09-03 01:00:00,58.9164617,58.36197,asia-south,Standard_D4s_v3
2024-09-03 02:00:00,50.36538966,54.985355,asia-south,Standard_D4s_v3
2024-09-03 03:00:00,67.70517778,63.382816,asia-south,Standard_D4s_v3
2024-09-03 04:00:00,54.8804478,55.720406,asia-south,Standard_D4s_v3
2024-09-03 05:00:00,61.91921713,61.99629,asia-south,Standard_D4s_v3
2024-09-03 06:00:00,76.49481359,71.48122,asia-south,Standard_D4s_v3
2024-09-03 07:00:00,68.80719536,66.631355,asia-south,Standard_D4s_v3
2024-09-03 08:00:00,64.46655948,60.983925,asia-south,Standard_D4s_v3
2024-09-03 09:00:00,60.12592359,59.704132,asia-south,Standard_D4s_v3
2024-09-03 10:00:00,56.56247361,55.290455,asia-south,Standard_D4s_v3
2024-09-03 11:00:00,37.86917256,45.1711,asia-south,Standard_D4s_v3
2024-09-03 12:00:00,52.25864754,51.94327,asia-south,Standard_D4s_v3
2024-09-03 13:00:00,51.50526543,47.13533,asia-south,Standard_D4s_v3
2024-09-03 14:00:00,50.1429401,39.353096,asia-south,Standard_D4s_v3
2024-09-03 15:00:00,48.78061477,40.094727,asia-south,Standard_D4s_v3
2024-09-03 16:00:00,47.41828944,46.435867,asia-south,Standard_D4s_v3
2024-09-03 17:00:00,44.2314943,35.664074,asia-south,Standard_D4s_v3
2024-09-03 18:00:00,41.04469916,41.246483,asia-south,Standard_D4s_v3
2024-09-03 19:00:00,34.63387408,34.961487,asia-south,Standard_D4s_v3
2024-09-03 20:00:00,32.60610872,32.904114,asia-south,Standard_D4s_v3
2024-09-03 21:00:00,48.12995895,45.392235,asia-south,Standard_D4s_v3
2024-09-03 22:00:00,59.70665546,57.692455,asia-south,Standard_D4s_v3
2024-09-03 23:00:00,56.16367421,54.718987,asia-south,Standard_D4s_v3
2024-09-04 00:00:00,48.3468994,49.761086,asia-south,Standard_D4s_v3
2024-09-04 01:00:00,53.85001443,51.955475,asia-south,Standard_D4s_v3
2024-09-04 02:00:00,55.90036889,54.80072,asia-south,Standard_D4s_v3
2024-09-04 03:00:00,51.18912597,51.78149,asia-south,Standard_D4s_v3
2024-09-04 04:00:00,91.03127014,87.37558,asia-south,Standard_D4s_v3
2024-09-04 05:00:00,44.07967855,47.54639,asia-south,Standard_D4s_v3
2024-09-04 06:00:00,69.1130752,67.61715,asia-south,Standard_D4s_v3
2024-09-04 07:00:00,67.81220327,66.7407,asia-south,Standard_D4s_v3
2024-09-04 08:00:00,50.74627678,51.280987,asia-south,Standard_D4s_v3
2024-09-04 09:00:00,47.15028279,62.201733,asia-south,Standard_D4s_v3
2024-09-04 10:00:00,43.5542888,48.767628,asia-south,Standard_D4s_v3
2024-09-04 11:00:00,39.95829481,40.186447,asia-south,Standard_D4s_v3
2024-09-04 12:00:00,43.22303056,42.19248,asia-south,Standard_D4s_v3
2024-09-04 13:00:00,42.48235803,49.802326,asia-south,Standard_D4s_v3
2024-09-04 14:00:00,41.74168549,41.911453,asia-south,Standard_D4s_v3
2024-09-04 15:00:00,39.90424632,34.10336,asia-south,Standard_D4s_v3
2024-09-04 16:00:00,38.06680715,32.56327,asia-south,Standard_D4s_v3
2024-09-04 17:00:00,19.6254055,25.02828,asia-south,Standard_D4s_v3
2024-09-04 18:00:00,32.91821201,33.02863,asia-south,Standard_D4s_v3
2024-09-04 19:00:00,40.79330799,40.01308,asia-south,Standard_D4s_v3
2024-09-04 20:00:00,41.98055411,41.265045,asia-south,Standard_D4s_v3
2024-09-04 21:00:00,43.16780024,38.960625,asia-south,Standard_D4s_v3
2024-09-04 22:00:00,36.70344041,36.224117,asia-south,Standard_D4s_v3
2024-09-04 23:00:00,40.8142528,40.791653,asia-south,Standard_D4s_v3
2024-09-05 00:00:00,42.62158485,43.12359,asia-south,Standard_D4s_v3
2024-09-05 01:00:00,47.68331572,47.714645,asia-south,Standard_D4s_v3
2024-09-05 02:00:00,54.07638079,54.538395,asia-south,Standard_D4s_v3
2024-09-05 03:00:00,63.13372785,58.69029,asia-south,Standard_D4s_v3
2024-09-05 04:00:00,65.4024348,52.230637,asia-south,Standard_D4s_v3
2024-09-05 05:00:00,67.67114176,63.73225,asia-south,Standard_D4s_v3
2024-09-05 06:00:00,61.82299527,61.941837,asia-south,Standard_D4s_v3
2024-09-05 07:00:00,55.87077058,55.751205,asia-south,Standard_D4s_v3
2024-09-05 08:00:00,52.09089653,54.711143,asia-south,Standard_D4s_v3
2024-09-05 09:00:00,73.92274958,71.44751,asia-south,Standard_D4s_v3
2024-09-05 10:00:00,64.35258511,65.95792,asia-south,Standard_D4s_v3
2024-09-05 11:00:00,60.3620017,58.557888,asia-south,Standard_D4s_v3
2024-09-05 12:00:00,45.50719018,45.33664,asia-south,Standard_D4s_v3
2024-09-05 13:00:00,53.87683231,46.097836,asia-south,Standard_D4s_v3
2024-09-05 14:00:00,41.98252333,43.455532,asia-south,Standard_D4s_v3
2024-09-05 15:00:00,39.75908988,38.486332,asia-south,Standard_D4s_v3
2024-09-05 16:00:00,37.53565642,37.468563,asia-south,Standard_D4s_v3
2024-09-05 17:00:00,35.31222297,35.47065,asia-south,Standard_D4s_v3
2024-09-05 18:00:00,35.77530136,34.54623,asia-south,Standard_D4s_v3
2024-09-05 19:00:00,35.32869031,34.137074,asia-south,Standard_D4s_v3
2024-09-05 20:00:00,34.12413209,35.235275,asia-south,Standard_D4s_v3
2024-09-05 21:00:00,38.90080335,36.252945,asia-south,Standard_D4s_v3
2024-09-05 22:00:00,36.28500696,36.02384,asia-south,Standard_D4s_v3
2024-09-05 23:00:00,49.95983304,47.404533,asia-south,Standard_D4s_v3
2024-09-06 00:00:00,51.23238503,47.695896,asia-south,Standard_D4s_v3
2024-09-06 01:00:00,52.50493702,53.320396,asia-south,Standard_D4s_v3
2024-09-06 02:00:00,61.73936038,59.084663,asia-south,Standard_D4s_v3
2024-09-06 03:00:00,57.11728091,60.86327,asia-south,Standard_D4s_v3
2024-09-06 04:00:00,49.75691397,51.894463,asia-south,Standard_D4s_v3
2024-09-06 05:00:00,91.35203676,90.49956,asia-south,Standard_D4s_v3
2024-09-06 06:00:00,67.77947835,67.200455,asia-south,Standard_D4s_v3
2024-09-06 07:00:00,61.97316845,63.156223,asia-south,Standard_D4s_v3
2024-09-06 08:00:00,41.04358722,46.563606,asia-south,Standard_D4s_v3
2024-09-06 09:00:00,45.63189498,48.72556,asia-south,Standard_D4s_v3
2024-09-06 10:00:00,54.16584376,53.39942,asia-south,Standard_D4s_v3
2024-09-06 11:00:00,39.70366982,43.91903,asia-south,Standard_D4s_v3
2024-09-06 12:00:00,41.81156089,42.47181,asia-south,Standard_D4s_v3
2024-09-06 13:00:00,45.97746684,44.841152,asia-south,Standard_D4s_v3
2024-09-06 14:00:00,41.20257792,50.11488,asia-south,Standard_D4s_v3
2024-09-06 15:00:00,36.42768901,38.70921,asia-south,Standard_D4s_v3
2024-09-06 16:00:00,35.55053501,33.514496,asia-south,Standard_D4s_v3
2024-09-06 17:00:00,34.67338101,34.838535,asia-south,Standard_D4s_v3
2024-09-06 18:00:00,34.85515617,34.728306,asia-south,Standard_D4s_v3
2024-09-06 19:00:00,31.26062709,31.331007,asia-south,Standard_D4s_v3
2024-09-06 20:00:00,43.38856062,43.25718,asia-south,Standard_D4s_v3
2024-09-06 21:00:00,19.86026491,20.900799,asia-south,Standard_D4s_v3
2024-09-06 22:00:00,34.57762877,32.139923,asia-south,Standard_D4s_v3
2024-09-06 23:00:00,39.87142675,40.626987,asia-south,Standard_D4s_v3
2024-09-07 00:00:00,45.16522474,46.03953,asia-south,Standard_D4s_v3
2024-09-07 01:00:00,38.72708665,40.174973,asia-south,Standard_D4s_v3
2024-09-07 02:00:00,42.04005234,43.868267,asia-south,Standard_D4s_v3
2024-09-07 03:00:00,45.35301803,43.09305,asia-south,Standard_D4s_v3
2024-09-07 04:00:00,42.11611039,47.690914,asia-south,Standard_D4s_v3
2024-09-07 05:00:00,38.87920274,51.532764,asia-south,Standard_D4s_v3
2024-09-07 06:00:00,35.64229509,35.110004,asia-south,Standard_D4s_v3
2024-09-07 07:00:00,49.48795327,53.75112,asia-south,Standard_D4s_v3
2024-09-07 08:00:00,63.33361146,59.546345,asia-south,Standard_D4s_v3
2024-09-07 09:00:00,57.70807685,59.657017,asia-south,Standard_D4s_v3
2024-09-07 10:00:00,45.62803312,48.579556,asia-south,Standard_D4s_v3
2024-09-07 11:00:00,48.07718517,48.079227,asia-south,Standard_D4s_v3
2024-09-07 12:00:00,50.52633722,50.344475,asia-south,Standard_D4s_v3
2024-09-07 13:00:00,39.87369617,42.89921,asia-south,Standard_D4s_v3
2024-09-07 14:00:00,48.12948037,46.252365,asia-south,Standard_D4s_v3
2024-09-07 15:00:00,32.58773505,33.773514,asia-south,Standard_D4s_v3
2024-09-07 16:00:00,33.73856144,33.855186,asia-south,Standard_D4s_v3
2024-09-07 17:00:00,39.7701212,39.646923,asia-south,Standard_D4s_v3
2024-09-07 18:00:00,36.93634867,38.048573,asia-south,Standard_D4s_v3
2024-09-07 19:00:00,36.75384271,36.34264,asia-south,Standard_D4s_v3
2024-09-07 20:00:00,40.03186792,39.833317,asia-south,Standard_D4s_v3
2024-09-07 21:00:00,28.57151279,38.40838,asia-south,Standard_D4s_v3
2024-09-07 22:00:00,17.11115765,19.32963,asia-south,Standard_D4s_v3
2024-09-07 23:00:00,49.30279465,42.41191,asia-south,Standard_D4s_v3
2024-09-08 00:00:00,56.46036252,55.53157,asia-south,Standard_D4s_v3
2024-09-08 01:00:00,36.88418873,45.102165,asia-south,Standard_D4s_v3
2024-09-08 02:00:00,65.88561426,63.92655,asia-south,Standard_D4s_v3
2024-09-08 03:00:00,49.90616263,50.12015,asia-south,Standard_D4s_v3
2024-09-08 04:00:00,53.82447869,49.450764,asia-south,Standard_D4s_v3
2024-09-08 05:00:00,74.18367718,66.36104,asia-south,Standard_D4s_v3
2024-09-08 06:00:00,65.69623927,65.42159,asia-south,Standard_D4s_v3
2024-09-08 07:00:00,51.50762188,57.19867,asia-south,Standard_D4s_v3
2024-09-08 08:00:00,61.39595802,56.50005,asia-south,Standard_D4s_v3
2024-09-08 09:00:00,59.33760889,47.543877,asia-south,Standard_D4s_v3
2024-09-08 10:00:00,57.27925976,56.260338,asia-south,Standard_D4s_v3
2024-09-08 11:00:00,46.64883989,50.25887,asia-south,Standard_D4s_v3
2024-09-08 12:00:00,54.65015048,53.873108,asia-south,Standard_D4s_v3
2024-09-08 13:00:00,51.38869738,48.457268,asia-south,Standard_D4s_v3
2024-09-08 14:00:00,50.09429425,45.89601,asia-south,Standard_D4s_v3
2024-09-08 15:00:00,48.79989111,47.807274,asia-south,Standard_D4s_v3
2024-09-08 16:00:00,33.34730825,37.427517,asia-south,Standard_D4s_v3
2024-09-08 17:00:00,28.45713028,30.567146,asia-south,Standard_D4s_v3
2024-09-08 18:00:00,29.6911539,30.017763,asia-south,Standard_D4s_v3
2024-09-08 19:00:00,30.92517752,32.00559,asia-south,Standard_D4s_v3
2024-09-08 20:00:00,36.33046449,37.216686,asia-south,Standard_D4s_v3
2024-09-08 21:00:00,41.73575146,39.951813,asia-south,Standard_D4s_v3
2024-09-08 22:00:00,44.12205066,45.95474,asia-south,Standard_D4s_v3
2024-09-08 23:00:00,45.55236555,47.127304,asia-south,Standard_D4s_v3
2024-09-09 00:00:00,46.98268044,45.888115,asia-south,Standard_D4s_v3
2024-09-09 01:00:00,60.63949852,65.07693,asia-south,Standard_D4s_v3
2024-09-09 02:00:00,55.65104771,57.334076,asia-south,Standard_D4s_v3
2024-09-09 03:00:00,60.49472057,60.25447,asia-south,Standard_D4s_v3
2024-09-09 04:00:00,65.33839343,46.464893,asia-south,Standard_D4s_v3
2024-09-09 05:00:00,70.1820663,65.94145,asia-south,Standard_D4s_v3
2024-09-09 06:00:00,88.02821253,80.87463,asia-south,Standard_D4s_v3
2024-09-09 07:00:00,67.61703288,67.65991,asia-south,Standard_D4s_v3
2024-09-09 08:00:00,46.96507021,55.26477,asia-south,Standard_D4s_v3
2024-09-09 09:00:00,55.01907256,54.663116,asia-south,Standard_D4s_v3
2024-09-09 10:00:00,55.47988308,56.052998,asia-south,Standard_D4s_v3
2024-09-09 11:00:00,62.10628091,59.00528,asia-south,Standard_D4s_v3
2024-09-09 12:00:00,53.76008335,54.793175,asia-south,Standard_D4s_v3
2024-09-09 13:00:00,45.41388579,49.391903,asia-south,Standard_D4s_v3
2024-09-09 14:00:00,43.41054939,43.849987,asia-south,Standard_D4s_v3
2024-09-09 15:00:00,41.407213,36.43056,asia-south,Standard_D4s_v3
2024-09-09 16:00:00,39.02845951,38.042725,asia-south,Standard_D4s_v3
2024-09-09 17:00:00,40.92336377,41.019966,asia-south,Standard_D4s_v3
2024-09-09 18:00:00,38.48097502,38.88623,asia-south,Standard_D4s_v3
2024-09-09 19:00:00,32.8753683,33.674953,asia-south,Standard_D4s_v3
2024-09-09 20:00:00,42.02618032,40.93699,asia-south,Standard_D4s_v3
2024-09-09 21:00:00,39.62355564,41.53935,asia-south,Standard_D4s_v3
2024-09-09 22:00:00,37.22093096,35.09422,asia-south,Standard_D4s_v3
2024-09-09 23:00:00,56.19572732,48.47946,asia-south,Standard_D4s_v3
2024-09-10 00:00:00,50.35405027,51.092255,asia-south,Standard_D4s_v3
2024-09-10 01:00:00,38.5376225,48.067146,asia-south,Standard_D4s_v3
2024-09-10 02:00:00,68.62110904,61.120094,asia-south,Standard_D4s_v3
2024-09-10 03:00:00,45.2678906,48.779198,asia-south,Standard_D4s_v3
2024-09-10 04:00:00,70.59546395,64.89937,asia-south,Standard_D4s_v3
2024-09-10 05:00:00,73.11547789,73.593315,asia-south,Standard_D4s_v3
2024-09-10 06:00:00,67.21978357,64.87144,asia-south,Standard_D4s_v3
2024-09-10 07:00:00,50.03813711,53.514015,asia-south,Standard_D4s_v3
2024-09-10 08:00:00,66.23428802,66.05508,asia-south,Standard_D4s_v3
2024-09-10 09:00:00,46.46859309,46.133987,asia-south,Standard_D4s_v3
2024-09-10 10:00:00,43.62846399,45.19387,asia-south,Standard_D4s_v3
2024-09-10 11:00:00,45.70840361,46.059772,asia-south,Standard_D4s_v3
2024-09-10 12:00:00,54.27557956,52.372387,asia-south,Standard_D4s_v3
2024-09-10 13:00:00,40.79268901,42.69977,asia-south,Standard_D4s_v3
2024-09-10 14:00:00,28.87647514,33.29089,asia-south,Standard_D4s_v3
2024-09-10 15:00:00,30.38705994,31.658512,asia-south,Standard_D4s_v3
2024-09-10 16:00:00,31.04629952,32.054623,asia-south,Standard_D4s_v3
2024-09-10 17:00:00,27.04212939,31.57906,asia-south,Standard_D4s_v3
2024-09-10 18:00:00,31.37937648,30.821356,asia-south,Standard_D4s_v3
2024-09-10 19:00:00,35.71662357,36.941784,asia-south,Standard_D4s_v3
2024-09-10 20:00:00,30.75608364,29.76152,asia-south,Standard_D4s_v3
2024-09-10 21:00:00,41.19379624,36.440823,asia-south,Standard_D4s_v3
2024-09-10 22:00:00,51.63150884,50.65907,asia-south,Standard_D4s_v3
2024-09-10 23:00:00,50.13997294,47.52773,asia-south,Standard_D4s_v3
2024-09-11 00:00:00,47.08243302,48.508835,asia-south,Standard_D4s_v3
2024-09-11 01:00:00,45.90519341,45.805275,asia-south,Standard_D4s_v3
2024-09-11 02:00:00,50.28115762,46.793404,asia-south,Standard_D4s_v3
2024-09-11 03:00:00,35.64003089,40.87272,asia-south,Standard_D4s_v3
2024-09-11 04:00:00,69.59683277,62.315437,asia-south,Standard_D4s_v3
2024-09-11 05:00:00,67.4292061,65.04847,asia-south,Standard_D4s_v3
2024-09-11 06:00:00,65.26157943,66.14957,asia-south,Standard_D4s_v3
2024-09-11 07:00:00,60.3310626,64.77402,asia-south,Standard_D4s_v3
2024-09-11 08:00:00,51.98121034,61.92483,asia-south,Standard_D4s_v3
2024-09-11 09:00:00,43.63135809,47.25579,asia-south,Standard_D4s_v3
2024-09-11 10:00:00,54.72524139,60.48188,asia-south,Standard_D4s_v3
2024-09-11 11:00:00,44.71934188,45.80741,asia-south,Standard_D4s_v3
2024-09-11 12:00:00,33.8529048,35.375015,asia-south,Standard_D4s_v3
2024-09-11 13:00:00,49.20752848,46.20358,asia-south,Standard_D4s_v3
2024-09-11 14:00:00,48.39491185,47.610092,asia-south,Standard_D4s_v3
2024-09-11 15:00:00,42.83804228,41.874657,asia-south,Standard_D4s_v3
2024-09-11 16:00:00,25.49663405,24.435555,asia-south,Standard_D4s_v3
2024-09-11 17:00:00,27.36623828,27.20217,asia-south,Standard_D4s_v3
2024-09-11 18:00:00,39.07931796,36.89185,asia-south,Standard_D4s_v3
2024-09-11 19:00:00,31.95326211,32.08624,asia-south,Standard_D4s_v3
2024-09-11 20:00:00,38.39903165,34.04411,asia-south,Standard_D4s_v3
2024-09-11 21:00:00,43.1940223,42.23652,asia-south,Standard_D4s_v3
2024-09-11 22:00:00,47.98901296,46.429966,asia-south,Standard_D4s_v3
2024-09-11 23:00:00,33.34326801,35.419403,asia-south,Standard_D4s_v3
2024-09-12 00:00:00,48.19787635,43.742416,asia-south,Standard_D4s_v3
2024-09-12 01:00:00,51.71982485,55.367672,asia-south,Standard_D4s_v3
2024-09-12 02:00:00,65.15334032,64.6197,asia-south,Standard_D4s_v3
2024-09-12 03:00:00,70.53691553,65.89338,asia-south,Standard_D4s_v3
2024-09-12 04:00:00,72.29364762,69.01641,asia-south,Standard_D4s_v3
2024-09-12 05:00:00,65.17593596,64.59812,asia-south,Standard_D4s_v3
2024-09-12 06:00:00,58.05822431,58.82208,asia-south,Standard_D4s_v3
2024-09-12 07:00:00,58.93878903,57.294598,asia-south,Standard_D4s_v3
2024-09-12 08:00:00,59.81935376,58.84666,asia-south,Standard_D4s_v3
2024-09-12 09:00:00,61.31360482,61.961628,asia-south,Standard_D4s_v3
2024-09-12 10:00:00,55.78750987,57.34964,asia-south,Standard_D4s_v3
2024-09-12 11:00:00,61.43643033,60.433716,asia-south,Standard_D4s_v3
2024-09-12 12:00:00,51.07666867,63.260605,asia-south,Standard_D4s_v3
2024-09-12 13:00:00,40.71690701,41.77477,asia-south,Standard_D4s_v3
2024-09-12 14:00:00,41.49425582,41.23295,asia-south,Standard_D4s_v3
2024-09-12 15:00:00,52.03402987,47.86895,asia-south,Standard_D4s_v3
2024-09-12 16:00:00,37.37752782,38.53811,asia-south,Standard_D4s_v3
2024-09-12 17:00:00,21.99650646,23.685078,asia-south,Standard_D4s_v3
2024-09-12 18:00:00,39.0089949,34.463097,asia-south,Standard_D4s_v3
2024-09-12 19:00:00,27.17238823,29.077452,asia-south,Standard_D4s_v3
2024-09-12 20:00:00,33.43260684,34.49112,asia-south,Standard_D4s_v3
2024-09-12 21:00:00,39.69282544,40.41819,asia-south,Standard_D4s_v3
2024-09-12 22:00:00,45.95304404,45.87502,asia-south,Standard_D4s_v3
2024-09-12 23:00:00,42.40750157,40.310726,asia-south,Standard_D4s_v3
2024-09-13 00:00:00,41.99673345,45.20917,asia-south,Standard_D4s_v3
2024-09-13 01:00:00,47.40842638,48.391174,asia-south,Standard_D4s_v3
2024-09-13 02:00:00,61.18913128,60.55074,asia-south,Standard_D4s_v3
2024-09-13 03:00:00,58.52440026,59.078907,asia-south,Standard_D4s_v3
2024-09-13 04:00:00,74.22089428,67.040276,asia-south,Standard_D4s_v3
2024-09-13 05:00:00,69.61861351,68.76369,asia-south,Standard_D4s_v3
2024-09-13 06:00:00,65.00172407,64.44134,asia-south,Standard_D4s_v3
2024-09-13 07:00:00,67.03523201,52.014885,asia-south,Standard_D4s_v3
2024-09-13 08:00:00,69.06873995,63.21849,asia-south,Standard_D4s_v3
2024-09-13 09:00:00,62.19274058,64.141136,asia-south,Standard_D4s_v3
2024-09-13 10:00:00,54.79144816,57.606598,asia-south,Standard_D4s_v3
2024-09-13 11:00:00,47.39015575,49.110615,asia-south,Standard_D4s_v3
2024-09-13 12:00:00,37.50033398,41.51637,asia-south,Standard_D4s_v3
2024-09-13 13:00:00,39.47481619,42.916748,asia-south,Standard_D4s_v3
2024-09-13 14:00:00,41.4492984,41.634323,asia-south,Standard_D4s_v3
2024-09-13 15:00:00,38.91027085,37.270958,asia-south,Standard_D4s_v3
2024-09-13 16:00:00,33.95104348,36.889477,asia-south,Standard_D4s_v3
2024-09-13 17:00:00,35.21991934,43.459595,asia-south,Standard_D4s_v3
2024-09-13 18:00:00,36.48879519,27.292757,asia-south,Standard_D4s_v3
2024-09-13 19:00:00,37.75767105,38.43337,asia-south,Standard_D4s_v3
2024-09-13 20:00:00,30.6169178,30.555056,asia-south,Standard_D4s_v3
2024-09-13 21:00:00,33.10410525,35.097607,asia-south,Standard_D4s_v3
2024-09-13 22:00:00,42.12075957,42.104664,asia-south,Standard_D4s_v3
2024-09-13 23:00:00,33.98140532,34.185375,asia-south,Standard_D4s_v3
2024-09-14 00:00:00,46.07827969,49.336823,asia-south,Standard_D4s_v3
2024-09-14 01:00:00,58.17515405,56.95071,asia-south,Standard_D4s_v3
2024-09-14 02:00:00,47.4894617,48.73925,asia-south,Standard_D4s_v3
2024-09-14 03:00:00,69.45950871,65.4639,asia-south,Standard_D4s_v3
2024-09-14 04:00:00,65.531813,68.02645,asia-south,Standard_D4s_v3
2024-09-14 05:00:00,69.61545004,66.29154,asia-south,Standard_D4s_v3
2024-09-14 06:00:00,67.81384169,66.715614,asia-south,Standard_D4s_v3
2024-09-14 07:00:00,66.56364449,65.7436,asia-south,Standard_D4s_v3
2024-09-14 08:00:00,65.31344728,56.311802,asia-south,Standard_D4s_v3
2024-09-14 09:00:00,64.06325007,58.92854,asia-south,Standard_D4s_v3
2024-09-14 10:00:00,59.59116445,58.12067,asia-south,Standard_D4s_v3
2024-09-14 11:00:00,46.88436973,50.22681,asia-south,Standard_D4s_v3
2024-09-14 12:00:00,34.17757502,54.379875,asia-south,Standard_D4s_v3
2024-09-14 13:00:00,46.95052052,48.193222,asia-south,Standard_D4s_v3
2024-09-14 14:00:00,39.7337725,40.32429,asia-south,Standard_D4s_v3
2024-09-14 15:00:00,58.31001688,55.29807,asia-south,Standard_D4s_v3
2024-09-14 16:00:00,42.3088264,37.810486,asia-south,Standard_D4s_v3
2024-09-14 17:00:00,26.30763592,28.063816,asia-south,Standard_D4s_v3
2024-09-14 18:00:00,22.24862918,25.366219,asia-south,Standard_D4s_v3
2024-09-14 19:00:00,36.27022787,35.893555,asia-south,Standard_D4s_v3
2024-09-14 20:00:00,44.24620188,43.078438,asia-south,Standard_D4s_v3
2024-09-14 21:00:00,41.16034438,44.072987,asia-south,Standard_D4s_v3
2024-09-14 22:00:00,54.97975947,53.200527,asia-south,Standard_D4s_v3
2024-09-14 23:00:00,39.53357013,42.194717,asia-south,Standard_D4s_v3
2024-09-15 00:00:00,51.72654951,51.060146,asia-south,Standard_D4s_v3
2024-09-15 01:00:00,52.95857572,41.403286,asia-south,Standard_D4s_v3
2024-09-15 02:00:00,54.19060194,48.881237,asia-south,Standard_D4s_v3
2024-09-15 03:00:00,31.65936741,35.43808,asia-south,Standard_D4s_v3
2024-09-15 04:00:00,45.99381958,46.85517,asia-south,Standard_D4s_v3
2024-09-15 05:00:00,72.34779689,62.25314,asia-south,Standard_D4s_v3
2024-09-15 06:00:00,81.55306847,76.649414,asia-south,Standard_D4s_v3
2024-09-15 07:00:00,54.90128214,56.312897,asia-south,Standard_D4s_v3
2024-09-15 08:00:00,48.22938115,59.895485,asia-south,Standard_D4s_v3
2024-09-15 09:00:00,41.55748016,43.783554,asia-south,Standard_D4s_v3
2024-09-15 10:00:00,45.0099284,45.448097,asia-south,Standard_D4s_v3
2024-09-15 11:00:00,57.42522557,52.29146,asia-south,Standard_D4s_v3
2024-09-15 12:00:00,52.31237017,55.676052,asia-south,Standard_D4s_v3
2024-09-15 13:00:00,47.19951476,50.311165,asia-south,Standard_D4s_v3
2024-09-15 14:00:00,36.59153306,38.684326,asia-south,Standard_D4s_v3
2024-09-15 15:00:00,26.61091526,31.712336,asia-south,Standard_D4s_v3
2024-09-15 16:00:00,25.79736068,26.74291,asia-south,Standard_D4s_v3
2024-09-15 17:00:00,31.62092323,32.345867,asia-south,Standard_D4s_v3
2024-09-15 18:00:00,39.20567354,38.792854,asia-south,Standard_D4s_v3
2024-09-15 19:00:00,42.76596124,29.273933,asia-south,Standard_D4s_v3
2024-09-15 20:00:00,46.32624894,44.348793,asia-south,Standard_D4s_v3
2024-09-15 21:00:00,38.6623598,39.18413,asia-south,Standard_D4s_v3
2024-09-15 22:00:00,25.37898657,30.081362,asia-south,Standard_D4s_v3
2024-09-15 23:00:00,32.81354536,32.735264,asia-south,Standard_D4s_v3
2024-09-16 00:00:00,45.27354321,45.28448,asia-south,Standard_D4s_v3
2024-09-16 01:00:00,49.78103251,49.138977,asia-south,Standard_D4s_v3
2024-09-16 02:00:00,61.75025331,51.745804,asia-south,Standard_D4s_v3
2024-09-16 03:00:00,73.7194741,63.595078,asia-south,Standard_D4s_v3
2024-09-16 04:00:00,66.50999603,66.20847,asia-south,Standard_D4s_v3
2024-09-16 05:00:00,59.30051796,59.21721,asia-south,Standard_D4s_v3
2024-09-16 06:00:00,67.19922391,62.695145,asia-south,Standard_D4s_v3
2024-09-16 07:00:00,48.97174992,52.2942,asia-south,Standard_D4s_v3
2024-09-16 08:00:00,62.37167677,63.31693,asia-south,Standard_D4s_v3
2024-09-16 09:00:00,62.93054922,63.228798,asia-south,Standard_D4s_v3
2024-09-16 10:00:00,60.79167211,60.806717,asia-south,Standard_D4s_v3
2024-09-16 11:00:00,58.65279499,49.684723,asia-south,Standard_D4s_v3
2024-09-16 12:00:00,56.51391788,52.745216,asia-south,Standard_D4s_v3
2024-09-16 13:00:00,52.81355166,46.46539,asia-south,Standard_D4s_v3
2024-09-16 14:00:00,49.11318545,36.526962,asia-south,Standard_D4s_v3
2024-09-16 15:00:00,45.41281923,42.02849,asia-south,Standard_D4s_v3
2024-09-16 16:00:00,35.7282343,35.30304,asia-south,Standard_D4s_v3
2024-09-16 17:00:00,30.53599845,31.040197,asia-south,Standard_D4s_v3
2024-09-16 18:00:00,38.92580124,38.44307,asia-south,Standard_D4s_v3
2024-09-16 19:00:00,32.90211892,33.792763,asia-south,Standard_D4s_v3
2024-09-16 20:00:00,29.07827596,32.419125,asia-south,Standard_D4s_v3
2024-09-16 21:00:00,50.46419018,49.57565,asia-south,Standard_D4s_v3
2024-09-16 22:00:00,40.4090608,40.89633,asia-south,Standard_D4s_v3
2024-09-16 23:00:00,30.35393141,32.228607,asia-south,Standard_D4s_v3
2024-09-17 00:00:00,29.41915134,31.425047,asia-south,Standard_D4s_v3
2024-09-17 01:00:00,52.00633928,49.75623,asia-south,Standard_D4s_v3
2024-09-17 02:00:00,58.72272104,58.788715,asia-south,Standard_D4s_v3
2024-09-17 03:00:00,60.81230869,60.871323,asia-south,Standard_D4s_v3
2024-09-17 04:00:00,64.6062617,64.265755,asia-south,Standard_D4s_v3
2024-09-17 05:00:00,57.52960374,58.34161,asia-south,Standard_D4s_v3
2024-09-17 06:00:00,64.47017309,70.59546,asia-south,Standard_D4s_v3
2024-09-17 07:00:00,71.41074243,62.14222,asia-south,Standard_D4s_v3
2024-09-17 08:00:00,45.80540953,48.764072,asia-south,Standard_D4s_v3
2024-09-17 09:00:00,51.3351629,50.437344,asia-south,Standard_D4s_v3
2024-09-17 10:00:00,56.86491627,57.31147,asia-south,Standard_D4s_v3
2024-09-17 11:00:00,68.51426246,65.72786,asia-south,Standard_D4s_v3
2024-09-17 12:00:00,42.33260291,45.3811,asia-south,Standard_D4s_v3
2024-09-17 13:00:00,42.99578415,43.24155,asia-south,Standard_D4s_v3
2024-09-17 14:00:00,36.45016495,41.871605,asia-south,Standard_D4s_v3
2024-09-17 15:00:00,29.90454574,34.969444,asia-south,Standard_D4s_v3
2024-09-17 16:00:00,35.84618586,35.271984,asia-south,Standard_D4s_v3
2024-09-17 17:00:00,44.51537124,39.903934,asia-south,Standard_D4s_v3
2024-09-17 18:00:00,27.21749445,29.085213,asia-south,Standard_D4s_v3
2024-09-17 19:00:00,33.99701621,34.96842,asia-south,Standard_D4s_v3
2024-09-17 20:00:00,37.3403179,42.15282,asia-south,Standard_D4s_v3
2024-09-17 21:00:00,33.67117379,40.195297,asia-south,Standard_D4s_v3
2024-09-17 22:00:00,36.22953567,45.318966,asia-south,Standard_D4s_v3
2024-09-17 23:00:00,38.78789755,51.529587,asia-south,Standard_D4s_v3
2024-09-18 00:00:00,41.34625943,43.747192,asia-south,Standard_D4s_v3
2024-09-18 01:00:00,43.62391114,46.37561,asia-south,Standard_D4s_v3
2024-09-18 02:00:00,45.90156284,41.955914,asia-south,Standard_D4s_v3
2024-09-18 03:00:00,48.17921455,47.78251,asia-south,Standard_D4s_v3
2024-09-18 04:00:00,37.8633132,39.32612,asia-south,Standard_D4s_v3
2024-09-18 05:00:00,53.88432681,57.427628,asia-south,Standard_D4s_v3
2024-09-18 06:00:00,69.90534041,65.99935,asia-south,Standard_D4s_v3
2024-09-18 07:00:00,46.13890531,48.61397,asia-south,Standard_D4s_v3
2024-09-18 08:00:00,69.16110584,62.61799,asia-south,Standard_D4s_v3
2024-09-18 09:00:00,60.92888614,54.7677,asia-south,Standard_D4s_v3
2024-09-18 10:00:00,52.69666644,59.024017,asia-south,Standard_D4s_v3
2024-09-18 11:00:00,47.59352629,48.680725,asia-south,Standard_D4s_v3
2024-09-18 12:00:00,42.49038615,37.52085,asia-south,Standard_D4s_v3
2024-09-18 13:00:00,38.82045885,38.281906,asia-south,Standard_D4s_v3
2024-09-18 14:00:00,48.99049845,43.69322,asia-south,Standard_D4s_v3
2024-09-18 15:00:00,46.3326505,44.87759,asia-south,Standard_D4s_v3
2024-09-18 16:00:00,33.80109002,32.617958,asia-south,Standard_D4s_v3
2024-09-18 17:00:00,39.7572841,38.63312,asia-south,Standard_D4s_v3
2024-09-18 18:00:00,40.44030127,41.22558,asia-south,Standard_D4s_v3
2024-09-18 19:00:00,41.12331844,40.3367,asia-south,Standard_D4s_v3
2024-09-18 20:00:00,35.88118989,37.456203,asia-south,Standard_D4s_v3
2024-09-18 21:00:00,45.16343294,41.83349,asia-south,Standard_D4s_v3
2024-09-18 22:00:00,54.445676,52.37746,asia-south,Standard_D4s_v3
2024-09-18 23:00:00,56.11553718,52.156456,asia-south,Standard_D4s_v3
2024-09-19 00:00:00,51.49579155,53.618202,asia-south,Standard_D4s_v3
2024-09-19 01:00:00,61.83570091,55.995667,asia-south,Standard_D4s_v3
2024-09-19 02:00:00,47.09529125,48.62064,asia-south,Standard_D4s_v3
2024-09-19 03:00:00,56.58576554,57.0434,asia-south,Standard_D4s_v3
2024-09-19 04:00:00,44.14875907,47.66967,asia-south,Standard_D4s_v3
2024-09-19 05:00:00,58.31620144,60.56317,asia-south,Standard_D4s_v3
2024-09-19 06:00:00,62.6951576,63.657574,asia-south,Standard_D4s_v3
2024-09-19 07:00:00,63.07210928,60.900425,asia-south,Standard_D4s_v3
2024-09-19 08:00:00,49.4343615,52.764545,asia-south,Standard_D4s_v3
2024-09-19 09:00:00,67.46092023,65.25409,asia-south,Standard_D4s_v3
2024-09-19 10:00:00,64.46689905,63.26705,asia-south,Standard_D4s_v3
2024-09-19 11:00:00,59.90277079,47.955475,asia-south,Standard_D4s_v3
2024-09-19 12:00:00,55.33864253,49.929527,asia-south,Standard_D4s_v3
2024-09-19 13:00:00,50.77451427,50.945827,asia-south,Standard_D4s_v3
2024-09-19 14:00:00,44.16994334,45.449654,asia-south,Standard_D4s_v3
2024-09-19 15:00:00,42.49766059,41.989506,asia-south,Standard_D4s_v3
2024-09-19 16:00:00,30.11601465,33.295662,asia-south,Standard_D4s_v3
2024-09-19 17:00:00,29.74213373,28.179844,asia-south,Standard_D4s_v3
2024-09-19 18:00:00,29.36825282,31.506765,asia-south,Standard_D4s_v3
2024-09-19 19:00:00,28.99437191,29.183413,asia-south,Standard_D4s_v3
2024-09-19 20:00:00,39.09027312,38.845367,asia-south,Standard_D4s_v3
2024-09-19 21:00:00,34.09703621,33.870876,asia-south,Standard_D4s_v3
2024-09-19 22:00:00,44.82606062,44.42187,asia-south,Standard_D4s_v3
2024-09-19 23:00:00,53.05159378,50.89428,asia-south,Standard_D4s_v3
2024-09-20 00:00:00,48.68192112,50.184223,asia-south,Standard_D4s_v3
2024-09-20 01:00:00,46.61279945,48.770027,asia-south,Standard_D4s_v3
2024-09-20 02:00:00,54.0208388,57.61194,asia-south,Standard_D4s_v3
2024-09-20 03:00:00,61.42887815,63.934563,asia-south,Standard_D4s_v3
2024-09-20 04:00:00,61.20128764,77.131714,asia-south,Standard_D4s_v3
2024-09-20 05:00:00,60.97369714,63.669823,asia-south,Standard_D4s_v3
2024-09-20 06:00:00,60.85707407,67.08076,asia-south,Standard_D4s_v3
2024-09-20 07:00:00,60.74045101,61.500553,asia-south,Standard_D4s_v3
2024-09-20 08:00:00,49.08305846,56.126823,asia-south,Standard_D4s_v3
2024-09-20 09:00:00,62.99207073,57.94718,asia-south,Standard_D4s_v3
2024-09-20 10:00:00,40.85411672,46.909718,asia-south,Standard_D4s_v3
2024-09-20 11:00:00,52.06361514,51.645287,asia-south,Standard_D4s_v3
2024-09-20 12:00:00,51.27320069,51.786865,asia-south,Standard_D4s_v3
2024-09-20 13:00:00,48.08011611,52.269466,asia-south,Standard_D4s_v3
2024-09-20 14:00:00,46.64657808,44.849594,asia-south,Standard_D4s_v3
2024-09-20 15:00:00,30.10266892,37.0506,asia-south,Standard_D4s_v3
2024-09-20 16:00:00,39.64554106,36.262497,asia-south,Standard_D4s_v3
2024-09-20 17:00:00,28.27320112,33.264736,asia-south,Standard_D4s_v3
2024-09-20 18:00:00,35.90525617,34.46136,asia-south,Standard_D4s_v3
2024-09-20 19:00:00,33.13960336,34.158497,asia-south,Standard_D4s_v3
2024-09-20 20:00:00,32.76711033,33.10985,asia-south,Standard_D4s_v3
2024-09-20 21:00:00,45.48822976,43.30195,asia-south,Standard_D4s_v3
2024-09-20 22:00:00,37.02399245,38.82943,asia-south,Standard_D4s_v3
2024-09-20 23:00:00,53.04462033,49.130642,asia-south,Standard_D4s_v3
2024-09-21 00:00:00,69.06524821,65.41039,asia-south,Standard_D4s_v3
2024-09-21 01:00:00,36.06159799,42.096786,asia-south,Standard_D4s_v3
2024-09-21 02:00:00,47.5485807,46.510593,asia-south,Standard_D4s_v3
2024-09-21 03:00:00,75.91513943,66.49903,asia-south,Standard_D4s_v3
2024-09-21 04:00:00,53.71299583,56.8618,asia-south,Standard_D4s_v3
2024-09-21 05:00:00,55.28980062,54.34139,asia-south,Standard_D4s_v3
2024-09-21 06:00:00,68.61884421,67.9982,asia-south,Standard_D4s_v3
2024-09-21 07:00:00,53.00964913,60.645065,asia-south,Standard_D4s_v3
2024-09-21 08:00:00,75.23836887,63.4235,asia-south,Standard_D4s_v3
2024-09-21 09:00:00,73.99193774,66.10313,asia-south,Standard_D4s_v3
2024-09-21 10:00:00,72.74550662,73.28594,asia-south,Standard_D4s_v3
2024-09-21 11:00:00,67.08044397,57.18015,asia-south,Standard_D4s_v3
2024-09-21 12:00:00,61.41538133,45.227867,asia-south,Standard_D4s_v3
2024-09-21 13:00:00,55.75031868,53.02356,asia-south,Standard_D4s_v3
2024-09-21 14:00:00,49.14988011,48.270298,asia-south,Standard_D4s_v3
2024-09-21 15:00:00,37.48570004,38.266987,asia-south,Standard_D4s_v3
2024-09-21 16:00:00,33.77146122,36.65553,asia-south,Standard_D4s_v3
2024-09-21 17:00:00,41.13306265,36.128693,asia-south,Standard_D4s_v3
2024-09-21 18:00:00,37.89986713,30.231726,asia-south,Standard_D4s_v3
2024-09-21 19:00:00,34.66667161,34.339306,asia-south,Standard_D4s_v3
2024-09-21 20:00:00,35.62854539,39.064564,asia-south,Standard_D4s_v3
2024-09-21 21:00:00,36.59041918,38.704617,asia-south,Standard_D4s_v3
2024-09-21 22:00:00,37.55229297,38.27015,asia-south,Standard_D4s_v3
2024-09-21 23:00:00,48.15495112,47.240875,asia-south,Standard_D4s_v3
2024-09-22 00:00:00,51.12844272,52.987328,asia-south,Standard_D4s_v3
2024-09-22 01:00:00,67.33793511,61.82108,asia-south,Standard_D4s_v3
2024-09-22 02:00:00,69.88020334,68.804375,asia-south,Standard_D4s_v3
2024-09-22 03:00:00,79.41509897,78.44318,asia-south,Standard_D4s_v3
2024-09-22 04:00:00,81.13143847,80.66232,asia-south,Standard_D4s_v3
2024-09-22 05:00:00,82.84777797,82.10468,asia-south,Standard_D4s_v3
2024-09-22 06:00:00,83.58750127,81.5246,asia-south,Standard_D4s_v3
2024-09-22 07:00:00,72.68797207,53.155064,asia-south,Standard_D4s_v3
2024-09-22 08:00:00,61.78844288,61.146255,asia-south,Standard_D4s_v3
2024-09-22 09:00:00,37.19963317,41.49887,asia-south,Standard_D4s_v3
2024-09-22 10:00:00,47.672416,48.850956,asia-south,Standard_D4s_v3
2024-09-22 11:00:00,39.12457249,44.77013,asia-south,Standard_D4s_v3
2024-09-22 12:00:00,41.37880088,42.442352,asia-south,Standard_D4s_v3
2024-09-22 13:00:00,37.9718903,36.153965,asia-south,Standard_D4s_v3
2024-09-22 14:00:00,30.43453065,32.887226,asia-south,Standard_D4s_v3
2024-09-22 15:00:00,39.86864543,39.859848,asia-south,Standard_D4s_v3
2024-09-22 16:00:00,46.76552241,45.54448,asia-south,Standard_D4s_v3
2024-09-22 17:00:00,34.24458883,36.699078,asia-south,Standard_D4s_v3
2024-09-22 18:00:00,30.01338475,29.56836,asia-south,Standard_D4s_v3
2024-09-22 19:00:00,52.23148115,42.98798,asia-south,Standard_D4s_v3
2024-09-22 20:00:00,54.26525144,40.98372,asia-south,Standard_D4s_v3
2024-09-22 21:00:00,56.29902172,46.298412,asia-south,Standard_D4s_v3
2024-09-22 22:00:00,58.33279201,54.60944,asia-south,Standard_D4s_v3
2024-09-22 23:00:00,60.36656229,55.31117,asia-south,Standard_D4s_v3
2024-09-23 00:00:00,47.62663738,49.922462,asia-south,Standard_D4s_v3
2024-09-23 01:00:00,65.99433565,65.39542,asia-south,Standard_D4s_v3
2024-09-23 02:00:00,27.74165351,38.050385,asia-south,Standard_D4s_v3
2024-09-23 03:00:00,48.35993247,51.20827,asia-south,Standard_D4s_v3
2024-09-23 04:00:00,68.97821142,69.00618,asia-south,Standard_D4s_v3
2024-09-23 05:00:00,52.51014503,57.239372,asia-south,Standard_D4s_v3
2024-09-23 06:00:00,69.58923717,67.12646,asia-south,Standard_D4s_v3
2024-09-23 07:00:00,51.97960523,55.154675,asia-south,Standard_D4s_v3
2024-09-23 08:00:00,53.09190365,54.72235,asia-south,Standard_D4s_v3
2024-09-23 09:00:00,68.00665658,66.86825,asia-south,Standard_D4s_v3
2024-09-23 10:00:00,48.19300438,55.01661,asia-south,Standard_D4s_v3
2024-09-23 11:00:00,54.1812109,55.452187,asia-south,Standard_D4s_v3
2024-09-23 12:00:00,58.27466841,51.716442,asia-south,Standard_D4s_v3
2024-09-23 13:00:00,47.95585385,47.685673,asia-south,Standard_D4s_v3
2024-09-23 14:00:00,48.5833484,47.142445,asia-south,Standard_D4s_v3
2024-09-23 15:00:00,42.42118599,43.894253,asia-south,Standard_D4s_v3
2024-09-23 16:00:00,34.71271122,37.707455,asia-south,Standard_D4s_v3
2024-09-23 17:00:00,35.18461935,34.69118,asia-south,Standard_D4s_v3
2024-09-23 18:00:00,35.20894944,35.265705,asia-south,Standard_D4s_v3
2024-09-23 19:00:00,38.36389092,38.49869,asia-south,Standard_D4s_v3
2024-09-23 20:00:00,40.63170761,40.196373,asia-south,Standard_D4s_v3
2024-09-23 21:00:00,42.54932641,42.18397,asia-south,Standard_D4s_v3
2024-09-23 22:00:00,36.57724762,36.853695,asia-south,Standard_D4s_v3
2024-09-23 23:00:00,37.5419672,37.177414,asia-south,Standard_D4s_v3
2024-09-24 00:00:00,42.86976659,45.094208,asia-south,Standard_D4s_v3
2024-09-24 01:00:00,45.13399718,46.71711,asia-south,Standard_D4s_v3
2024-09-24 02:00:00,52.29780814,46.4695,asia-south,Standard_D4s_v3
2024-09-24 03:00:00,59.4616191,53.375774,asia-south,Standard_D4s_v3
2024-09-24 04:00:00,60.74525658,54.335995,asia-south,Standard_D4s_v3
2024-09-24 05:00:00,62.18199067,53.11352,asia-south,Standard_D4s_v3
2024-09-24 06:00:00,72.45094464,52.64685,asia-south,Standard_D4s_v3
2024-09-24 07:00:00,82.71989861,78.802025,asia-south,Standard_D4s_v3
2024-09-24 08:00:00,61.40126159,63.88972,asia-south,Standard_D4s_v3
2024-09-24 09:00:00,57.38642682,65.444084,asia-south,Standard_D4s_v3
2024-09-24 10:00:00,53.37159206,53.382633,asia-south,Standard_D4s_v3
2024-09-24 11:00:00,37.3334401,38.753647,asia-south,Standard_D4s_v3
2024-09-24 12:00:00,46.02976102,43.109604,asia-south,Standard_D4s_v3
2024-09-24 13:00:00,54.72608195,52.84148,asia-south,Standard_D4s_v3
2024-09-24 14:00:00,35.02535752,38.875206,asia-south,Standard_D4s_v3
2024-09-24 15:00:00,26.33569873,24.906673,asia-south,Standard_D4s_v3
2024-09-24 16:00:00,33.30356954,33.38437,asia-south,Standard_D4s_v3
2024-09-24 17:00:00,30.01331142,31.722,asia-south,Standard_D4s_v3
2024-09-24 18:00:00,37.7351803,36.115334,asia-south,Standard_D4s_v3
2024-09-24 19:00:00,47.15035177,45.48825,asia-south,Standard_D4s_v3
2024-09-24 20:00:00,41.68645726,41.49234,asia-south,Standard_D4s_v3
2024-09-24 21:00:00,42.47428949,41.90237,asia-south,Standard_D4s_v3
2024-09-24 22:00:00,38.15634745,37.361923,asia-south,Standard_D4s_v3
2024-09-24 23:00:00,41.34675085,41.28204,asia-south,Standard_D4s_v3
2024-09-25 00:00:00,50.39054815,50.790318,asia-south,Standard_D4s_v3
2024-09-25 01:00:00,64.77741097,63.88939,asia-south,Standard_D4s_v3
2024-09-25 02:00:00,43.15852578,46.72093,asia-south,Standard_D4s_v3
2024-09-25 03:00:00,49.76815117,49.36628,asia-south,Standard_D4s_v3
2024-09-25 04:00:00,54.55737399,50.926037,asia-south,Standard_D4s_v3
2024-09-25 05:00:00,61.71464128,48.918713,asia-south,Standard_D4s_v3
2024-09-25 06:00:00,68.87190858,64.45202,asia-south,Standard_D4s_v3
2024-09-25 07:00:00,56.93924666,58.564358,asia-south,Standard_D4s_v3
2024-09-25 08:00:00,45.00658475,50.919262,asia-south,Standard_D4s_v3
2024-09-25 09:00:00,63.90852151,64.7518,asia-south,Standard_D4s_v3
2024-09-25 10:00:00,53.70512751,54.78592,asia-south,Standard_D4s_v3
2024-09-25 11:00:00,55.08564189,61.023075,asia-south,Standard_D4s_v3
2024-09-25 12:00:00,56.46615626,54.083694,asia-south,Standard_D4s_v3
2024-09-25 13:00:00,45.63185927,48.989365,asia-south,Standard_D4s_v3
2024-09-25 14:00:00,45.41162573,42.87686,asia-south,Standard_D4s_v3
2024-09-25 15:00:00,39.76832115,42.16174,asia-south,Standard_D4s_v3
2024-09-25 16:00:00,41.24469459,39.992588,asia-south,Standard_D4s_v3
2024-09-25 17:00:00,42.72106803,39.16804,asia-south,Standard_D4s_v3
2024-09-25 18:00:00,29.79700621,29.896484,asia-south,Standard_D4s_v3
2024-09-25 19:00:00,32.09462513,33.37811,asia-south,Standard_D4s_v3
2024-09-25 20:00:00,41.96728454,40.166283,asia-south,Standard_D4s_v3
2024-09-25 21:00:00,28.36098557,29.175682,asia-south,Standard_D4s_v3
2024-09-25 22:00:00,40.51654633,36.548164,asia-south,Standard_D4s_v3
2024-09-25 23:00:00,56.6973778,49.787663,asia-south,Standard_D4s_v3
2024-09-26 00:00:00,54.37690874,44.380287,asia-south,Standard_D4s_v3
2024-09-26 01:00:00,52.05643969,58.97754,asia-south,Standard_D4s_v3
2024-09-26 02:00:00,49.73597063,49.650703,asia-south,Standard_D4s_v3
2024-09-26 03:00:00,57.80846656,52.790497,asia-south,Standard_D4s_v3
2024-09-26 04:00:00,56.13314283,52.479473,asia-south,Standard_D4s_v3
2024-09-26 05:00:00,54.4578191,52.282463,asia-south,Standard_D4s_v3
2024-09-26 06:00:00,62.40419682,60.913116,asia-south,Standard_D4s_v3
2024-09-26 07:00:00,64.01822021,55.777916,asia-south,Standard_D4s_v3
2024-09-26 08:00:00,65.6322436,62.76736,asia-south,Standard_D4s_v3
2024-09-26 09:00:00,71.3582823,68.39391,asia-south,Standard_D4s_v3
2024-09-26 10:00:00,62.14879293,62.985157,asia-south,Standard_D4s_v3
2024-09-26 11:00:00,53.76280168,50.483883,asia-south,Standard_D4s_v3
2024-09-26 12:00:00,45.37681043,54.2417,asia-south,Standard_D4s_v3
2024-09-26 13:00:00,36.99081918,37.951668,asia-south,Standard_D4s_v3
2024-09-26 14:00:00,43.8499386,40.444775,asia-south,Standard_D4s_v3
2024-09-26 15:00:00,41.13537845,39.935703,asia-south,Standard_D4s_v3
2024-09-26 16:00:00,39.0838582,39.827892,asia-south,Standard_D4s_v3
2024-09-26 17:00:00,36.81136146,40.97215,asia-south,Standard_D4s_v3
2024-09-26 18:00:00,40.34052167,38.355667,asia-south,Standard_D4s_v3
2024-09-26 19:00:00,30.62265689,31.341795,asia-south,Standard_D4s_v3
2024-09-26 20:00:00,37.54489686,37.552338,asia-south,Standard_D4s_v3
2024-09-26 21:00:00,36.03277746,40.27467,asia-south,Standard_D4s_v3
2024-09-26 22:00:00,40.52558313,40.63996,asia-south,Standard_D4s_v3
2024-09-26 23:00:00,50.90221595,38.403637,asia-south,Standard_D4s_v3
2024-09-27 00:00:00,61.27884878,60.012665,asia-south,Standard_D4s_v3
2024-09-27 01:00:00,52.30700503,52.574917,asia-south,Standard_D4s_v3
2024-09-27 02:00:00,62.28760586,57.831345,asia-south,Standard_D4s_v3
2024-09-27 03:00:00,41.81391913,44.539486,asia-south,Standard_D4s_v3
2024-09-27 04:00:00,57.5157285,60.303238,asia-south,Standard_D4s_v3
2024-09-27 05:00:00,73.21753786,68.23105,asia-south,Standard_D4s_v3
2024-09-27 06:00:00,76.80153837,72.904755,asia-south,Standard_D4s_v3
2024-09-27 07:00:00,68.26784531,67.51394,asia-south,Standard_D4s_v3
2024-09-27 08:00:00,59.73415225,60.48194,asia-south,Standard_D4s_v3
2024-09-27 09:00:00,59.8634657,59.44934,asia-south,Standard_D4s_v3
2024-09-27 10:00:00,60.38451144,53.37962,asia-south,Standard_D4s_v3
2024-09-27 11:00:00,60.90555718,55.61942,asia-south,Standard_D4s_v3
2024-09-27 12:00:00,61.42660291,59.468563,asia-south,Standard_D4s_v3
2024-09-27 13:00:00,52.32093622,50.989403,asia-south,Standard_D4s_v3
2024-09-27 14:00:00,52.65268455,52.05028,asia-south,Standard_D4s_v3
2024-09-27 15:00:00,21.58965108,30.855473,asia-south,Standard_D4s_v3
2024-09-27 16:00:00,49.86703915,41.969765,asia-south,Standard_D4s_v3
2024-09-27 17:00:00,46.62328475,44.771656,asia-south,Standard_D4s_v3
2024-09-27 18:00:00,43.37953036,42.10625,asia-south,Standard_D4s_v3
2024-09-27 19:00:00,28.05849444,29.38035,asia-south,Standard_D4s_v3
2024-09-27 20:00:00,36.46747576,35.096157,asia-south,Standard_D4s_v3
2024-09-27 21:00:00,25.38599821,27.839981,asia-south,Standard_D4s_v3
2024-09-27 22:00:00,38.74004715,36.99988,asia-south,Standard_D4s_v3
2024-09-27 23:00:00,47.11572637,46.019344,asia-south,Standard_D4s_v3
2024-09-28 00:00:00,46.52596477,44.191147,asia-south,Standard_D4s_v3
2024-09-28 01:00:00,28.50410579,30.231136,asia-south,Standard_D4s_v3
2024-09-28 02:00:00,58.68059347,57.966698,asia-south,Standard_D4s_v3
2024-09-28 03:00:00,62.15211296,68.39846,asia-south,Standard_D4s_v3
2024-09-28 04:00:00,98.41730747,93.75512,asia-south,Standard_D4s_v3
2024-09-28 05:00:00,74.11154842,73.08902,asia-south,Standard_D4s_v3
2024-09-28 06:00:00,63.50251303,53.41575,asia-south,Standard_D4s_v3
2024-09-28 07:00:00,52.89347764,54.662514,asia-south,Standard_D4s_v3
2024-09-28 08:00:00,68.61337512,64.749565,asia-south,Standard_D4s_v3
2024-09-28 09:00:00,69.92507065,62.149685,asia-south,Standard_D4s_v3
2024-09-28 10:00:00,56.81333196,63.65143,asia-south,Standard_D4s_v3
2024-09-28 11:00:00,58.62366229,59.46386,asia-south,Standard_D4s_v3
2024-09-28 12:00:00,53.34212469,60.258564,asia-south,Standard_D4s_v3
2024-09-28 13:00:00,48.0605871,47.213512,asia-south,Standard_D4s_v3
2024-09-28 14:00:00,43.26285706,45.42997,asia-south,Standard_D4s_v3
2024-09-28 15:00:00,37.44956439,36.61984,asia-south,Standard_D4s_v3
2024-09-28 16:00:00,40.02421147,32.72346,asia-south,Standard_D4s_v3
2024-09-28 17:00:00,24.22621698,26.323347,asia-south,Standard_D4s_v3
2024-09-28 18:00:00,25.4260176,27.53715,asia-south,Standard_D4s_v3
2024-09-28 19:00:00,48.70642104,45.614597,asia-south,Standard_D4s_v3
2024-09-28 20:00:00,44.36605223,37.931812,asia-south,Standard_D4s_v3
2024-09-28 21:00:00,40.02568341,42.129753,asia-south,Standard_D4s_v3
2024-09-28 22:00:00,42.44069461,41.513462,asia-south,Standard_D4s_v3
2024-09-28 23:00:00,45.32132914,55.036163,asia-south,Standard_D4s_v3
2024-09-29 00:00:00,48.20196366,42.32295,asia-south,Standard_D4s_v3
2024-09-29 01:00:00,51.08259818,52.302322,asia-south,Standard_D4s_v3
2024-09-29 02:00:00,52.97014038,59.922794,asia-south,Standard_D4s_v3
2024-09-29 03:00:00,70.24015885,66.25873,asia-south,Standard_D4s_v3
2024-09-29 04:00:00,66.16851664,65.815735,asia-south,Standard_D4s_v3
2024-09-29 05:00:00,60.22976836,63.846302,asia-south,Standard_D4s_v3
2024-09-29 06:00:00,71.38081766,67.10604,asia-south,Standard_D4s_v3
2024-09-29 07:00:00,74.75787761,74.15599,asia-south,Standard_D4s_v3
2024-09-29 08:00:00,51.87715815,54.252872,asia-south,Standard_D4s_v3
2024-09-29 09:00:00,52.72998879,52.02975,asia-south,Standard_D4s_v3
2024-09-29 10:00:00,53.58281943,55.1684,asia-south,Standard_D4s_v3
2024-09-29 11:00:00,44.49974427,51.938164,asia-south,Standard_D4s_v3
2024-09-29 12:00:00,59.0777371,58.808624,asia-south,Standard_D4s_v3
2024-09-29 13:00:00,50.37494674,49.805855,asia-south,Standard_D4s_v3
2024-09-29 14:00:00,41.35387579,42.043827,asia-south,Standard_D4s_v3
2024-09-29 15:00:00,35.47401033,35.46453,asia-south,Standard_D4s_v3
2024-09-29 16:00:00,32.03817455,34.743683,asia-south,Standard_D4s_v3
2024-09-29 17:00:00,38.76787289,39.063496,asia-south,Standard_D4s_v3
2024-09-29 18:00:00,27.45335646,33.498962,asia-south,Standard_D4s_v3
2024-09-29 19:00:00,28.53197059,33.399693,asia-south,Standard_D4s_v3
2024-09-29 20:00:00,34.26673178,38.276375,asia-south,Standard_D4s_v3
2024-09-29 21:00:00,40.00149297,39.69617,asia-south,Standard_D4s_v3
2024-09-29 22:00:00,50.71273363,49.53651,asia-south,Standard_D4s_v3
2024-09-29 23:00:00,44.23540096,44.939495,asia-south,Standard_D4s_v3
2024-09-30 00:00:00,40.32416529,41.160404,asia-south,Standard_D4s_v3
2024-09-30 01:00:00,63.17545003,57.51771,asia-south,Standard_D4s_v3
2024-09-30 02:00:00,50.74582953,57.1904,asia-south,Standard_D4s_v3
2024-09-30 03:00:00,66.17320456,64.95313,asia-south,Standard_D4s_v3
2024-09-30 04:00:00,62.73783503,63.498898,asia-south,Standard_D4s_v3
2024-09-30 05:00:00,61.24796762,61.046726,asia-south,Standard_D4s_v3
2024-09-30 06:00:00,61.68721652,64.80785,asia-south,Standard_D4s_v3
2024-09-30 07:00:00,62.12646542,61.723637,asia-south,Standard_D4s_v3
2024-09-30 08:00:00,39.34023755,42.041626,asia-south,Standard_D4s_v3
2024-09-30 09:00:00,44.72243038,45.723488,asia-south,Standard_D4s_v3
2024-09-30 10:00:00,41.64805524,46.466698,asia-south,Standard_D4s_v3
2024-09-30 11:00:00,43.50240033,45.554535,asia-south,Standard_D4s_v3
2024-09-30 12:00:00,52.95415755,50.522003,asia-south,Standard_D4s_v3
2024-09-30 13:00:00,50.94410469,48.229794,asia-south,Standard_D4s_v3
2024-09-30 14:00:00,41.81894842,43.29795,asia-south,Standard_D4s_v3
2024-09-30 15:00:00,38.41965373,39.897972,asia-south,Standard_D4s_v3
2024-09-30 16:00:00,35.02035904,36.38047,asia-south,Standard_D4s_v3
2024-09-30 17:00:00,33.61282587,39.474625,asia-south,Standard_D4s_v3
2024-09-30 18:00:00,32.2052927,33.381443,asia-south,Standard_D4s_v3
2024-09-30 19:00:00,39.63713133,34.376972,asia-south,Standard_D4s_v3
2024-09-30 20:00:00,50.71894009,39.47395,asia-south,Standard_D4s_v3
2024-09-30 21:00:00,50.21670533,39.00458,asia-south,Standard_D4s_v3
2024-09-30 22:00:00,49.71447056,40.86962,asia-south,Standard_D4s_v3
2024-09-30 23:00:00,49.2122358,47.39095,asia-south,Standard_D4s_v3
2024-10-01 00:00:00,52.2664303,44.99876,asia-south,Standard_D4s_v3
2024-10-01 01:00:00,55.3206248,52.307034,asia-south,Standard_D4s_v3
2024-10-01 02:00:00,58.3748193,57.09248,asia-south,Standard_D4s_v3
2024-10-01 03:00:00,67.83829861,59.446587,asia-south,Standard_D4s_v3
2024-10-01 04:00:00,56.9975281,57.20427,asia-south,Standard_D4s_v3
2024-10-01 05:00:00,60.3775922,61.716938,asia-south,Standard_D4s_v3
2024-10-01 06:00:00,72.22487301,68.203766,asia-south,Standard_D4s_v3
2024-10-01 07:00:00,65.15236655,66.77155,asia-south,Standard_D4s_v3
2024-10-01 08:00:00,67.51146279,64.26732,asia-south,Standard_D4s_v3
2024-10-01 09:00:00,62.06704858,59.56648,asia-south,Standard_D4s_v3
2024-10-01 10:00:00,56.62263436,56.706562,asia-south,Standard_D4s_v3
2024-10-01 11:00:00,51.68027109,57.3701,asia-south,Standard_D4s_v3
2024-10-01 12:00:00,39.22584644,41.374424,asia-south,Standard_D4s_v3
2024-10-01 13:00:00,60.67654684,55.460274,asia-south,Standard_D4s_v3
2024-10-01 14:00:00,47.62041296,49.11373,asia-south,Standard_D4s_v3
2024-10-01 15:00:00,48.12835459,46.788452,asia-south,Standard_D4s_v3
2024-10-01 16:00:00,25.09063511,28.76681,asia-south,Standard_D4s_v3
2024-10-01 17:00:00,24.14990925,24.779806,asia-south,Standard_D4s_v3
2024-10-01 18:00:00,27.55704017,29.817205,asia-south,Standard_D4s_v3
2024-10-01 19:00:00,30.07746529,38.927773,asia-south,Standard_D4s_v3
2024-10-01 20:00:00,32.59789042,35.718117,asia-south,Standard_D4s_v3
2024-10-01 21:00:00,33.30608073,35.079712,asia-south,Standard_D4s_v3
2024-10-01 22:00:00,41.98147449,42.35725,asia-south,Standard_D4s_v3
2024-10-01 23:00:00,33.15467163,33.333176,asia-south,Standard_D4s_v3
2024-10-02 00:00:00,47.17433809,47.16066,asia-south,Standard_D4s_v3
2024-10-02 01:00:00,72.81815705,63.21145,asia-south,Standard_D4s_v3
2024-10-02 02:00:00,45.0679906,48.124992,asia-south,Standard_D4s_v3
2024-10-02 03:00:00,70.63705962,70.96332,asia-south,Standard_D4s_v3
2024-10-02 04:00:00,58.53770574,58.072063,asia-south,Standard_D4s_v3
2024-10-02 05:00:00,60.37088152,62.223698,asia-south,Standard_D4s_v3
2024-10-02 06:00:00,62.20405729,65.79535,asia-south,Standard_D4s_v3
2024-10-02 07:00:00,64.03723306,63.91468,asia-south,Standard_D4s_v3
2024-10-02 08:00:00,84.1236657,79.482925,asia-south,Standard_D4s_v3
2024-10-02 09:00:00,53.83472922,67.11753,asia-south,Standard_D4s_v3
2024-10-02 10:00:00,69.00956847,60.820473,asia-south,Standard_D4s_v3
2024-10-02 11:00:00,58.11208191,58.817383,asia-south,Standard_D4s_v3
2024-10-02 12:00:00,66.84399582,63.6431,asia-south,Standard_D4s_v3
2024-10-02 13:00:00,45.45622775,45.65019,asia-south,Standard_D4s_v3
2024-10-02 14:00:00,45.63955039,35.72335,asia-south,Standard_D4s_v3
2024-10-02 15:00:00,45.82287303,44.82329,asia-south,Standard_D4s_v3
2024-10-02 16:00:00,30.90073036,31.962984,asia-south,Standard_D4s_v3
2024-10-02 17:00:00,33.58143292,33.314953,asia-south,Standard_D4s_v3
2024-10-02 18:00:00,36.26213548,36.055508,asia-south,Standard_D4s_v3
2024-10-02 19:00:00,37.06877176,36.99013,asia-south,Standard_D4s_v3
2024-10-02 20:00:00,51.59347555,50.029064,asia-south,Standard_D4s_v3
2024-10-02 21:00:00,57.26646311,50.300148,asia-south,Standard_D4s_v3
2024-10-02 22:00:00,62.93945068,51.42388,asia-south,Standard_D4s_v3
2024-10-02 23:00:00,37.60156502,40.70567,asia-south,Standard_D4s_v3
2024-10-03 00:00:00,54.20186782,50.75286,asia-south,Standard_D4s_v3
2024-10-03 01:00:00,54.43307546,54.15154,asia-south,Standard_D4s_v3
2024-10-03 02:00:00,69.79697129,66.58035,asia-south,Standard_D4s_v3
2024-10-03 03:00:00,56.4078026,59.035286,asia-south,Standard_D4s_v3
2024-10-03 04:00:00,61.06784301,61.962883,asia-south,Standard_D4s_v3
2024-10-03 05:00:00,58.47362286,59.7471,asia-south,Standard_D4s_v3
2024-10-03 06:00:00,47.6662681,50.044456,asia-south,Standard_D4s_v3
2024-10-03 07:00:00,54.84950264,55.289024,asia-south,Standard_D4s_v3
2024-10-03 08:00:00,83.11104799,69.526436,asia-south,Standard_D4s_v3
2024-10-03 09:00:00,41.97083687,47.865036,asia-south,Standard_D4s_v3
2024-10-03 10:00:00,58.96509356,59.680595,asia-south,Standard_D4s_v3
2024-10-03 11:00:00,52.35251639,53.778328,asia-south,Standard_D4s_v3
2024-10-03 12:00:00,47.77607557,50.314453,asia-south,Standard_D4s_v3
2024-10-03 13:00:00,46.92981387,45.250443,asia-south,Standard_D4s_v3
2024-10-03 14:00:00,46.08355217,45.576897,asia-south,Standard_D4s_v3
2024-10-03 15:00:00,32.80389109,35.111183,asia-south,Standard_D4s_v3
2024-10-03 16:00:00,37.19551587,36.70406,asia-south,Standard_D4s_v3
2024-10-03 17:00:00,43.22575314,40.991096,asia-south,Standard_D4s_v3
2024-10-03 18:00:00,35.0444925,33.47941,asia-south,Standard_D4s_v3
2024-10-03 19:00:00,28.0071774,34.636097,asia-south,Standard_D4s_v3
2024-10-03 20:00:00,33.55513925,44.082264,asia-south,Standard_D4s_v3
2024-10-03 21:00:00,39.10310111,44.376568,asia-south,Standard_D4s_v3
2024-10-03 22:00:00,44.65106296,43.536842,asia-south,Standard_D4s_v3
2024-10-03 23:00:00,51.29090926,52.2444,asia-south,Standard_D4s_v3
2024-10-04 00:00:00,57.93075557,58.235924,asia-south,Standard_D4s_v3
2024-10-04 01:00:00,47.09372953,48.42838,asia-south,Standard_D4s_v3
2024-10-04 02:00:00,76.29516956,74.9829,asia-south,Standard_D4s_v3
2024-10-04 03:00:00,49.57899081,56.180496,asia-south,Standard_D4s_v3
2024-10-04 04:00:00,83.59020208,78.52573,asia-south,Standard_D4s_v3
2024-10-04 05:00:00,69.57565386,69.540665,asia-south,Standard_D4s_v3
2024-10-04 06:00:00,57.83417043,63.433407,asia-south,Standard_D4s_v3
2024-10-04 07:00:00,46.09268699,68.21731,asia-south,Standard_D4s_v3
2024-10-04 08:00:00,59.27129128,74.06445,asia-south,Standard_D4s_v3
2024-10-04 09:00:00,72.44989557,71.113594,asia-south,Standard_D4s_v3
2024-10-04 10:00:00,60.36979026,61.74745,asia-south,Standard_D4s_v3
2024-10-04 11:00:00,43.98662032,48.951256,asia-south,Standard_D4s_v3
2024-10-04 12:00:00,55.09085962,52.4645,asia-south,Standard_D4s_v3
2024-10-04 13:00:00,34.51374351,42.377625,asia-south,Standard_D4s_v3
2024-10-04 14:00:00,52.3968172,51.118523,asia-south,Standard_D4s_v3
2024-10-04 15:00:00,44.02351854,44.63144,asia-south,Standard_D4s_v3
2024-10-04 16:00:00,40.78959265,40.63954,asia-south,Standard_D4s_v3
2024-10-04 17:00:00,29.70439882,30.679295,asia-south,Standard_D4s_v3
2024-10-04 18:00:00,26.69270695,37.439075,asia-south,Standard_D4s_v3
2024-10-04 19:00:00,23.68101508,28.374918,asia-south,Standard_D4s_v3
2024-10-04 20:00:00,32.48636552,32.777866,asia-south,Standard_D4s_v3
2024-10-04 21:00:00,40.1339261,40.831158,asia-south,Standard_D4s_v3
2024-10-04 22:00:00,39.9266697,40.62947,asia-south,Standard_D4s_v3
2024-10-04 23:00:00,53.43797965,49.11258,asia-south,Standard_D4s_v3
2024-10-05 00:00:00,50.96628554,50.8694,asia-south,Standard_D4s_v3
2024-10-05 01:00:00,62.7727528,53.03136,asia-south,Standard_D4s_v3
2024-10-05 02:00:00,44.90763486,47.040585,asia-south,Standard_D4s_v3
2024-10-05 03:00:00,59.77508009,57.362885,asia-south,Standard_D4s_v3
2024-10-05 04:00:00,74.64252532,69.57275,asia-south,Standard_D4s_v3
2024-10-05 05:00:00,62.72764466,64.10429,asia-south,Standard_D4s_v3
2024-10-05 06:00:00,60.18359545,65.71636,asia-south,Standard_D4s_v3
2024-10-05 07:00:00,57.63954624,57.340866,asia-south,Standard_D4s_v3
2024-10-05 08:00:00,62.68399459,62.07315,asia-south,Standard_D4s_v3
2024-10-05 09:00:00,49.20067665,52.420208,asia-south,Standard_D4s_v3
2024-10-05 10:00:00,52.77145213,54.874584,asia-south,Standard_D4s_v3
2024-10-05 11:00:00,33.5445489,42.178417,asia-south,Standard_D4s_v3
2024-10-05 12:00:00,48.84998458,41.60002,asia-south,Standard_D4s_v3
2024-10-05 13:00:00,43.57778928,43.50171,asia-south,Standard_D4s_v3
2024-10-05 14:00:00,38.70204966,35.890656,asia-south,Standard_D4s_v3
2024-10-05 15:00:00,36.84759456,29.421926,asia-south,Standard_D4s_v3
2024-10-05 16:00:00,34.99313946,34.1081,asia-south,Standard_D4s_v3
2024-10-05 17:00:00,44.73257881,43.53872,asia-south,Standard_D4s_v3
2024-10-05 18:00:00,31.55479684,33.483677,asia-south,Standard_D4s_v3
2024-10-05 19:00:00,32.18162744,34.36919,asia-south,Standard_D4s_v3
2024-10-05 20:00:00,32.47021252,32.824493,asia-south,Standard_D4s_v3
2024-10-05 21:00:00,40.32894292,38.838158,asia-south,Standard_D4s_v3
2024-10-05 22:00:00,36.319678,42.377438,asia-south,Standard_D4s_v3
2024-10-05 23:00:00,32.31041309,31.708412,asia-south,Standard_D4s_v3
2024-10-06 00:00:00,39.93123907,46.65578,asia-south,Standard_D4s_v3
2024-10-06 01:00:00,57.36267872,55.919746,asia-south,Standard_D4s_v3
2024-10-06 02:00:00,67.17165167,63.94348,asia-south,Standard_D4s_v3
2024-10-06 03:00:00,61.15644067,61.188477,asia-south,Standard_D4s_v3
2024-10-06 04:00:00,47.2535763,56.588207,asia-south,Standard_D4s_v3
2024-10-06 05:00:00,66.93162344,65.16544,asia-south,Standard_D4s_v3
2024-10-06 06:00:00,63.67747271,66.78647,asia-south,Standard_D4s_v3
2024-10-06 07:00:00,66.55304148,64.87922,asia-south,Standard_D4s_v3
2024-10-06 08:00:00,60.6914927,65.33955,asia-south,Standard_D4s_v3
2024-10-06 09:00:00,54.82994392,53.239075,asia-south,Standard_D4s_v3
2024-10-06 10:00:00,48.96839513,50.863724,asia-south,Standard_D4s_v3
2024-10-06 11:00:00,56.0089569,54.20233,asia-south,Standard_D4s_v3
2024-10-06 12:00:00,50.23064481,44.94418,asia-south,Standard_D4s_v3
2024-10-06 13:00:00,44.45233273,45.88516,asia-south,Standard_D4s_v3
2024-10-06 14:00:00,43.44032238,43.72066,asia-south,Standard_D4s_v3
2024-10-06 15:00:00,42.42831203,43.65451,asia-south,Standard_D4s_v3
2024-10-06 16:00:00,41.41630168,41.25751,asia-south,Standard_D4s_v3
2024-10-06 17:00:00,19.24511124,27.657722,asia-south,Standard_D4s_v3
2024-10-06 18:00:00,40.5639571,38.782696,asia-south,Standard_D4s_v3
2024-10-06 19:00:00,36.73673226,33.546288,asia-south,Standard_D4s_v3
2024-10-06 20:00:00,32.90950742,38.021404,asia-south,Standard_D4s_v3
2024-10-06 21:00:00,54.74675188,52.60737,asia-south,Standard_D4s_v3
2024-10-06 22:00:00,36.75196326,40.12736,asia-south,Standard_D4s_v3
2024-10-06 23:00:00,52.28169539,47.31745,asia-south,Standard_D4s_v3
2024-10-07 00:00:00,53.61673447,54.71972,asia-south,Standard_D4s_v3
2024-10-07 01:00:00,48.52646847,57.936733,asia-south,Standard_D4s_v3
2024-10-07 02:00:00,67.30458667,67.52628,asia-south,Standard_D4s_v3
2024-10-07 03:00:00,64.83164363,65.03922,asia-south,Standard_D4s_v3
2024-10-07 04:00:00,60.67181764,59.93856,asia-south,Standard_D4s_v3
2024-10-07 05:00:00,75.3051225,67.41605,asia-south,Standard_D4s_v3
2024-10-07 06:00:00,72.21011283,65.86635,asia-south,Standard_D4s_v3
2024-10-07 07:00:00,58.40324783,60.775555,asia-south,Standard_D4s_v3
2024-10-07 08:00:00,64.42041007,60.668736,asia-south,Standard_D4s_v3
2024-10-07 09:00:00,62.8228743,58.174843,asia-south,Standard_D4s_v3
2024-10-07 10:00:00,49.65042358,50.661427,asia-south,Standard_D4s_v3
2024-10-07 11:00:00,72.36094126,68.03043,asia-south,Standard_D4s_v3
2024-10-07 12:00:00,48.88741316,48.758366,asia-south,Standard_D4s_v3
2024-10-07 13:00:00,42.35509379,41.60816,asia-south,Standard_D4s_v3
2024-10-07 14:00:00,42.48932849,38.617973,asia-south,Standard_D4s_v3
2024-10-07 15:00:00,32.65019952,36.171124,asia-south,Standard_D4s_v3
2024-10-07 16:00:00,40.19961796,39.6445,asia-south,Standard_D4s_v3
2024-10-07 17:00:00,43.22501955,36.612072,asia-south,Standard_D4s_v3
2024-10-07 18:00:00,46.25042113,40.890385,asia-south,Standard_D4s_v3
2024-10-07 19:00:00,30.31362908,30.745186,asia-south,Standard_D4s_v3
2024-10-07 20:00:00,29.8617699,30.49735,asia-south,Standard_D4s_v3
2024-10-07 21:00:00,35.66774312,36.48924,asia-south,Standard_D4s_v3
2024-10-07 22:00:00,52.52943826,50.221123,asia-south,Standard_D4s_v3
2024-10-07 23:00:00,44.16330449,44.091022,asia-south,Standard_D4s_v3
2024-10-08 00:00:00,55.2031504,49.40524,asia-south,Standard_D4s_v3
2024-10-08 01:00:00,66.24299631,54.29192,asia-south,Standard_D4s_v3
2024-10-08 02:00:00,52.61297352,52.700096,asia-south,Standard_D4s_v3
2024-10-08 03:00:00,38.98295073,47.795902,asia-south,Standard_D4s_v3
2024-10-08 04:00:00,52.67756519,52.812847,asia-south,Standard_D4s_v3
2024-10-08 05:00:00,62.72061433,62.65501,asia-south,Standard_D4s_v3
2024-10-08 06:00:00,40.57741709,50.296543,asia-south,Standard_D4s_v3
2024-10-08 07:00:00,47.83570005,51.615116,asia-south,Standard_D4s_v3
2024-10-08 08:00:00,57.39349575,57.511806,asia-south,Standard_D4s_v3
2024-10-08 09:00:00,66.95129145,65.210625,asia-south,Standard_D4s_v3
2024-10-08 10:00:00,59.70339145,59.740982,asia-south,Standard_D4s_v3
2024-10-08 11:00:00,40.04445003,43.058643,asia-south,Standard_D4s_v3
2024-10-08 12:00:00,55.06653111,53.95678,asia-south,Standard_D4s_v3
2024-10-08 13:00:00,48.03971169,47.7203,asia-south,Standard_D4s_v3
2024-10-08 14:00:00,42.98693312,38.755142,asia-south,Standard_D4s_v3
2024-10-08 15:00:00,36.68853473,40.88382,asia-south,Standard_D4s_v3
2024-10-08 16:00:00,30.39013633,30.998796,asia-south,Standard_D4s_v3
2024-10-08 17:00:00,31.68543549,33.65001,asia-south,Standard_D4s_v3
2024-10-08 18:00:00,32.98073464,32.511383,asia-south,Standard_D4s_v3
2024-10-08 19:00:00,32.2213698,35.045475,asia-south,Standard_D4s_v3
2024-10-08 20:00:00,33.57073514,33.115654,asia-south,Standard_D4s_v3
2024-10-08 21:00:00,33.84846542,33.568657,asia-south,Standard_D4s_v3
2024-10-08 22:00:00,47.39191136,45.86286,asia-south,Standard_D4s_v3
2024-10-08 23:00:00,44.27249077,39.808754,asia-south,Standard_D4s_v3
2024-10-09 00:00:00,52.51006948,50.123814,asia-south,Standard_D4s_v3
2024-10-09 01:00:00,43.31656528,44.484528,asia-south,Standard_D4s_v3
2024-10-09 02:00:00,41.34520219,41.776535,asia-south,Standard_D4s_v3
2024-10-09 03:00:00,53.27989273,61.930237,asia-south,Standard_D4s_v3
2024-10-09 04:00:00,65.21458327,61.474247,asia-south,Standard_D4s_v3
2024-10-09 05:00:00,69.93630892,67.05398,asia-south,Standard_D4s_v3
2024-10-09 06:00:00,65.77106851,65.03468,asia-south,Standard_D4s_v3
2024-10-09 07:00:00,54.14288584,54.607597,asia-south,Standard_D4s_v3
2024-10-09 08:00:00,71.996033,66.968025,asia-south,Standard_D4s_v3
2024-10-09 09:00:00,44.17622417,48.98881,asia-south,Standard_D4s_v3
2024-10-09 10:00:00,78.95254819,77.80063,asia-south,Standard_D4s_v3
2024-10-09 11:00:00,68.12068862,64.01938,asia-south,Standard_D4s_v3
2024-10-09 12:00:00,57.28882906,57.4871,asia-south,Standard_D4s_v3
2024-10-09 13:00:00,60.54523735,59.411144,asia-south,Standard_D4s_v3
2024-10-09 14:00:00,45.84684254,50.961376,asia-south,Standard_D4s_v3
2024-10-09 15:00:00,47.3151359,46.108414,asia-south,Standard_D4s_v3
2024-10-09 16:00:00,38.31696179,38.37275,asia-south,Standard_D4s_v3
2024-10-09 17:00:00,36.9900505,37.96824,asia-south,Standard_D4s_v3
2024-10-09 18:00:00,43.60184515,39.381516,asia-south,Standard_D4s_v3
2024-10-09 19:00:00,34.4027378,35.08204,asia-south,Standard_D4s_v3
2024-10-09 20:00:00,32.19050221,33.013515,asia-south,Standard_D4s_v3
2024-10-09 21:00:00,20.48190665,21.222548,asia-south,Standard_D4s_v3
2024-10-09 22:00:00,36.34363207,35.884136,asia-south,Standard_D4s_v3
2024-10-09 23:00:00,50.3962922,44.535355,asia-south,Standard_D4s_v3
2024-10-10 00:00:00,48.95266805,49.90386,asia-south,Standard_D4s_v3
2024-10-10 01:00:00,59.53473924,60.647717,asia-south,Standard_D4s_v3
2024-10-10 02:00:00,51.10539445,52.98037,asia-south,Standard_D4s_v3
2024-10-10 03:00:00,58.95107397,58.273205,asia-south,Standard_D4s_v3
2024-10-10 04:00:00,62.04711124,60.535164,asia-south,Standard_D4s_v3
2024-10-10 05:00:00,59.94763393,70.86502,asia-south,Standard_D4s_v3
2024-10-10 06:00:00,57.84815662,73.60333,asia-south,Standard_D4s_v3
2024-10-10 07:00:00,55.74867931,59.01207,asia-south,Standard_D4s_v3
2024-10-10 08:00:00,43.37477723,48.46477,asia-south,Standard_D4s_v3
2024-10-10 09:00:00,58.27913667,65.75862,asia-south,Standard_D4s_v3
2024-10-10 10:00:00,68.36417446,67.02337,asia-south,Standard_D4s_v3
2024-10-10 11:00:00,42.01217105,42.972786,asia-south,Standard_D4s_v3
2024-10-10 12:00:00,40.03358312,51.761757,asia-south,Standard_D4s_v3
2024-10-10 13:00:00,38.05499518,42.985268,asia-south,Standard_D4s_v3
2024-10-10 14:00:00,38.04236243,39.317562,asia-south,Standard_D4s_v3
2024-10-10 15:00:00,21.24402589,31.044926,asia-south,Standard_D4s_v3
2024-10-10 16:00:00,41.04310032,39.118607,asia-south,Standard_D4s_v3
2024-10-10 17:00:00,20.01646408,22.24655,asia-south,Standard_D4s_v3
2024-10-10 18:00:00,35.14385055,37.467186,asia-south,Standard_D4s_v3
2024-10-10 19:00:00,31.36672541,30.380527,asia-south,Standard_D4s_v3
2024-10-10 20:00:00,24.26825501,25.311924,asia-south,Standard_D4s_v3
2024-10-10 21:00:00,29.59491307,24.543987,asia-south,Standard_D4s_v3
2024-10-10 22:00:00,46.52992949,44.447952,asia-south,Standard_D4s_v3
2024-10-10 23:00:00,41.89355252,41.835743,asia-south,Standard_D4s_v3
2024-10-11 00:00:00,49.67408371,45.879745,asia-south,Standard_D4s_v3
2024-10-11 01:00:00,57.35461164,55.101246,asia-south,Standard_D4s_v3
2024-10-11 02:00:00,59.83713449,53.258217,asia-south,Standard_D4s_v3
2024-10-11 03:00:00,62.31965735,61.956474,asia-south,Standard_D4s_v3
2024-10-11 04:00:00,54.35943297,68.801125,asia-south,Standard_D4s_v3
2024-10-11 05:00:00,46.39920859,56.494736,asia-south,Standard_D4s_v3
2024-10-11 06:00:00,55.15099814,48.497154,asia-south,Standard_D4s_v3
2024-10-11 07:00:00,55.17902781,55.86977,asia-south,Standard_D4s_v3
2024-10-11 08:00:00,63.44369953,57.926205,asia-south,Standard_D4s_v3
2024-10-11 09:00:00,76.96820812,74.910355,asia-south,Standard_D4s_v3
2024-10-11 10:00:00,61.83872253,63.55558,asia-south,Standard_D4s_v3
2024-10-11 11:00:00,44.27586341,46.316563,asia-south,Standard_D4s_v3
2024-10-11 12:00:00,60.6040495,52.45877,asia-south,Standard_D4s_v3
2024-10-11 13:00:00,35.90587681,39.1494,asia-south,Standard_D4s_v3
2024-10-11 14:00:00,32.91846517,33.89158,asia-south,Standard_D4s_v3
2024-10-11 15:00:00,29.82305537,42.43082,asia-south,Standard_D4s_v3
2024-10-11 16:00:00,26.72764556,26.845232,asia-south,Standard_D4s_v3
2024-10-11 17:00:00,49.83571029,42.142323,asia-south,Standard_D4s_v3
2024-10-11 18:00:00,39.05976513,41.128696,asia-south,Standard_D4s_v3
2024-10-11 19:00:00,37.40131095,37.05463,asia-south,Standard_D4s_v3
2024-10-11 20:00:00,30.80475725,32.442356,asia-south,Standard_D4s_v3
2024-10-11 21:00:00,40.22440609,40.853706,asia-south,Standard_D4s_v3
2024-10-11 22:00:00,44.41384874,42.733936,asia-south,Standard_D4s_v3
2024-10-11 23:00:00,36.24423314,36.479088,asia-south,Standard_D4s_v3
2024-10-12 00:00:00,36.31578294,47.32836,asia-south,Standard_D4s_v3
2024-10-12 01:00:00,36.38733275,43.39661,asia-south,Standard_D4s_v3
2024-10-12 02:00:00,48.42395487,47.22821,asia-south,Standard_D4s_v3
2024-10-12 03:00:00,49.62931024,50.047916,asia-south,Standard_D4s_v3
2024-10-12 04:00:00,55.52811654,59.989655,asia-south,Standard_D4s_v3
2024-10-12 05:00:00,70.72836648,65.1861,asia-south,Standard_D4s_v3
2024-10-12 06:00:00,49.53301008,63.249096,asia-south,Standard_D4s_v3
2024-10-12 07:00:00,62.14996831,61.386307,asia-south,Standard_D4s_v3
2024-10-12 08:00:00,85.50049729,75.69812,asia-south,Standard_D4s_v3
2024-10-12 09:00:00,74.72437648,56.08615,asia-south,Standard_D4s_v3
2024-10-12 10:00:00,63.94825566,58.15832,asia-south,Standard_D4s_v3
2024-10-12 11:00:00,47.34263463,48.442616,asia-south,Standard_D4s_v3
2024-10-12 12:00:00,45.12226353,47.595,asia-south,Standard_D4s_v3
2024-10-12 13:00:00,41.68663685,45.807903,asia-south,Standard_D4s_v3
2024-10-12 14:00:00,42.30214123,39.240856,asia-south,Standard_D4s_v3
2024-10-12 15:00:00,42.9176456,37.462124,asia-south,Standard_D4s_v3
2024-10-12 16:00:00,29.26635591,28.59328,asia-south,Standard_D4s_v3
2024-10-12 17:00:00,34.14057745,29.70113,asia-south,Standard_D4s_v3
2024-10-12 18:00:00,28.87797178,31.743393,asia-south,Standard_D4s_v3
2024-10-12 19:00:00,32.67978967,34.736977,asia-south,Standard_D4s_v3
2024-10-12 20:00:00,36.48160755,37.89348,asia-south,Standard_D4s_v3
2024-10-12 21:00:00,38.67196911,42.3546,asia-south,Standard_D4s_v3
2024-10-12 22:00:00,40.86233067,41.884327,asia-south,Standard_D4s_v3
2024-10-12 23:00:00,43.05269224,47.059776,asia-south,Standard_D4s_v3
2024-10-13 00:00:00,45.2430538,41.536385,asia-south,Standard_D4s_v3
2024-10-13 01:00:00,47.43341536,49.368153,asia-south,Standard_D4s_v3
2024-10-13 02:00:00,56.42676815,53.249485,asia-south,Standard_D4s_v3
2024-10-13 03:00:00,61.15021145,66.34608,asia-south,Standard_D4s_v3
2024-10-13 04:00:00,65.87365475,64.20808,asia-south,Standard_D4s_v3
2024-10-13 05:00:00,65.6529968,64.142075,asia-south,Standard_D4s_v3
2024-10-13 06:00:00,76.20103591,66.86188,asia-south,Standard_D4s_v3
2024-10-13 07:00:00,54.53606055,64.91932,asia-south,Standard_D4s_v3
2024-10-13 08:00:00,74.24866806,70.465034,asia-south,Standard_D4s_v3
2024-10-13 09:00:00,60.96592986,65.886,asia-south,Standard_D4s_v3
2024-10-13 10:00:00,47.68319166,49.280025,asia-south,Standard_D4s_v3
2024-10-13 11:00:00,68.69513556,61.357147,asia-south,Standard_D4s_v3
2024-10-13 12:00:00,44.54333027,46.998135,asia-south,Standard_D4s_v3
2024-10-13 13:00:00,31.46437837,33.89939,asia-south,Standard_D4s_v3
2024-10-13 14:00:00,26.84990186,32.695965,asia-south,Standard_D4s_v3
2024-10-13 15:00:00,38.62317948,37.419685,asia-south,Standard_D4s_v3
2024-10-13 16:00:00,43.28014802,42.701843,asia-south,Standard_D4s_v3
2024-10-13 17:00:00,47.21455466,42.797302,asia-south,Standard_D4s_v3
2024-10-13 18:00:00,31.35740324,33.80319,asia-south,Standard_D4s_v3
2024-10-13 19:00:00,30.91487396,33.056683,asia-south,Standard_D4s_v3
2024-10-13 20:00:00,44.77088398,42.459946,asia-south,Standard_D4s_v3
2024-10-13 21:00:00,28.95111497,31.184605,asia-south,Standard_D4s_v3
2024-10-13 22:00:00,39.31165971,37.979816,asia-south,Standard_D4s_v3
2024-10-13 23:00:00,45.50936525,44.65095,asia-south,Standard_D4s_v3
2024-10-14 00:00:00,31.00144612,34.68709,asia-south,Standard_D4s_v3
2024-10-14 01:00:00,61.93641345,58.272453,asia-south,Standard_D4s_v3
2024-10-14 02:00:00,50.88338876,52.357834,asia-south,Standard_D4s_v3
2024-10-14 03:00:00,50.94961143,67.50843,asia-south,Standard_D4s_v3
2024-10-14 04:00:00,51.0158341,52.27089,asia-south,Standard_D4s_v3
2024-10-14 05:00:00,66.57242713,58.121677,asia-south,Standard_D4s_v3
2024-10-14 06:00:00,72.60283856,74.21268,asia-south,Standard_D4s_v3
2024-10-14 07:00:00,78.63325,75.30617,asia-south,Standard_D4s_v3
2024-10-14 08:00:00,59.31050645,61.408844,asia-south,Standard_D4s_v3
2024-10-14 09:00:00,57.73979864,49.604904,asia-south,Standard_D4s_v3
2024-10-14 10:00:00,56.16909082,57.542362,asia-south,Standard_D4s_v3
2024-10-14 11:00:00,54.59838301,56.7123,asia-south,Standard_D4s_v3
2024-10-14 12:00:00,53.02767519,51.07457,asia-south,Standard_D4s_v3
2024-10-14 13:00:00,47.57867268,47.341225,asia-south,Standard_D4s_v3
2024-10-14 14:00:00,52.91430243,52.186607,asia-south,Standard_D4s_v3
2024-10-14 15:00:00,39.6075061,41.424046,asia-south,Standard_D4s_v3
2024-10-14 16:00:00,20.05686615,23.641651,asia-south,Standard_D4s_v3
2024-10-14 17:00:00,27.12129132,28.979288,asia-south,Standard_D4s_v3
2024-10-14 18:00:00,34.1712535,35.50885,asia-south,Standard_D4s_v3
2024-10-14 19:00:00,31.27740028,42.887554,asia-south,Standard_D4s_v3
2024-10-14 20:00:00,28.38354707,34.11899,asia-south,Standard_D4s_v3
2024-10-14 21:00:00,41.0174367,35.605156,asia-south,Standard_D4s_v3
2024-10-14 22:00:00,40.39315891,41.21645,asia-south,Standard_D4s_v3
2024-10-14 23:00:00,55.0696347,43.123466,asia-south,Standard_D4s_v3
2024-10-15 00:00:00,69.74611049,68.32378,asia-south,Standard_D4s_v3
2024-10-15 01:00:00,68.38248147,64.69269,asia-south,Standard_D4s_v3
2024-10-15 02:00:00,67.01885245,66.3266,asia-south,Standard_D4s_v3
2024-10-15 03:00:00,40.79366727,46.93523,asia-south,Standard_D4s_v3
2024-10-15 04:00:00,45.90703154,46.893147,asia-south,Standard_D4s_v3
2024-10-15 05:00:00,61.9967124,61.951927,asia-south,Standard_D4s_v3
2024-10-15 06:00:00,80.79006901,77.236664,asia-south,Standard_D4s_v3
2024-10-15 07:00:00,50.04641065,53.456936,asia-south,Standard_D4s_v3
2024-10-15 08:00:00,60.68618297,58.615467,asia-south,Standard_D4s_v3
2024-10-15 09:00:00,81.469084,80.02323,asia-south,Standard_D4s_v3
2024-10-15 10:00:00,28.95385128,37.46207,asia-south,Standard_D4s_v3
2024-10-15 11:00:00,43.91209392,44.249203,asia-south,Standard_D4s_v3
2024-10-15 12:00:00,45.62749298,44.60868,asia-south,Standard_D4s_v3
2024-10-15 13:00:00,47.63033741,45.70912,asia-south,Standard_D4s_v3
2024-10-15 14:00:00,35.28772128,37.735493,asia-south,Standard_D4s_v3
2024-10-15 15:00:00,51.78100825,44.616116,asia-south,Standard_D4s_v3
2024-10-15 16:00:00,33.91258109,39.831444,asia-south,Standard_D4s_v3
2024-10-15 17:00:00,40.19501776,40.40903,asia-south,Standard_D4s_v3
2024-10-15 18:00:00,22.06022689,24.28082,asia-south,Standard_D4s_v3
2024-10-15 19:00:00,13.25149966,17.404737,asia-south,Standard_D4s_v3
2024-10-15 20:00:00,22.48741313,26.655357,asia-south,Standard_D4s_v3
2024-10-15 21:00:00,31.7233266,32.506474,asia-south,Standard_D4s_v3
2024-10-15 22:00:00,41.9989297,41.14654,asia-south,Standard_D4s_v3
2024-10-15 23:00:00,46.70848499,46.202553,asia-south,Standard_D4s_v3
2024-10-16 00:00:00,38.1106623,45.836044,asia-south,Standard_D4s_v3
2024-10-16 01:00:00,66.0556604,58.54129,asia-south,Standard_D4s_v3
2024-10-16 02:00:00,57.09469884,58.66888,asia-south,Standard_D4s_v3
2024-10-16 03:00:00,52.08147911,53.143383,asia-south,Standard_D4s_v3
2024-10-16 04:00:00,67.04937486,63.81384,asia-south,Standard_D4s_v3
2024-10-16 05:00:00,66.78389447,63.786236,asia-south,Standard_D4s_v3
2024-10-16 06:00:00,66.51841408,66.16984,asia-south,Standard_D4s_v3
2024-10-16 07:00:00,66.25293368,69.54497,asia-south,Standard_D4s_v3
2024-10-16 08:00:00,65.98745329,68.89236,asia-south,Standard_D4s_v3
2024-10-16 09:00:00,64.16732587,66.03123,asia-south,Standard_D4s_v3
2024-10-16 10:00:00,59.17940099,58.858253,asia-south,Standard_D4s_v3
2024-10-16 11:00:00,21.18241506,33.898552,asia-south,Standard_D4s_v3
2024-10-16 12:00:00,40.26486379,40.49315,asia-south,Standard_D4s_v3
2024-10-16 13:00:00,54.01826773,46.25766,asia-south,Standard_D4s_v3
2024-10-16 14:00:00,40.46623335,41.219944,asia-south,Standard_D4s_v3
2024-10-16 15:00:00,53.77617867,51.34256,asia-south,Standard_D4s_v3
2024-10-16 16:00:00,34.51824327,42.546154,asia-south,Standard_D4s_v3
2024-10-16 17:00:00,38.19646941,38.91926,asia-south,Standard_D4s_v3
2024-10-16 18:00:00,38.04515603,38.671284,asia-south,Standard_D4s_v3
2024-10-16 19:00:00,38.22945571,38.09856,asia-south,Standard_D4s_v3
2024-10-16 20:00:00,40.58735841,38.74815,asia-south,Standard_D4s_v3
2024-10-16 21:00:00,38.11302076,42.440132,asia-south,Standard_D4s_v3
2024-10-16 22:00:00,35.63868311,43.31387,asia-south,Standard_D4s_v3
2024-10-16 23:00:00,45.03288834,51.33577,asia-south,Standard_D4s_v3
2024-10-17 00:00:00,63.93733081,59.419636,asia-south,Standard_D4s_v3
2024-10-17 01:00:00,74.52028395,69.96628,asia-south,Standard_D4s_v3
2024-10-17 02:00:00,59.35812701,60.73912,asia-south,Standard_D4s_v3
2024-10-17 03:00:00,52.38368643,54.451244,asia-south,Standard_D4s_v3
2024-10-17 04:00:00,61.21493183,55.79275,asia-south,Standard_D4s_v3
2024-10-17 05:00:00,60.79040982,56.118042,asia-south,Standard_D4s_v3
2024-10-17 06:00:00,76.93312502,67.66171,asia-south,Standard_D4s_v3
2024-10-17 07:00:00,67.77498489,56.81868,asia-south,Standard_D4s_v3
2024-10-17 08:00:00,58.61684476,58.63855,asia-south,Standard_D4s_v3
2024-10-17 09:00:00,68.24532806,66.23686,asia-south,Standard_D4s_v3
2024-10-17 10:00:00,64.83349594,64.25283,asia-south,Standard_D4s_v3
2024-10-17 11:00:00,41.07893172,48.581383,asia-south,Standard_D4s_v3
2024-10-17 12:00:00,46.00311741,48.43339,asia-south,Standard_D4s_v3
2024-10-17 13:00:00,65.55015834,58.25351,asia-south,Standard_D4s_v3
2024-10-17 14:00:00,45.49831154,50.482315,asia-south,Standard_D4s_v3
2024-10-17 15:00:00,44.48703278,43.186512,asia-south,Standard_D4s_v3
2024-10-17 16:00:00,33.71685211,33.388916,asia-south,Standard_D4s_v3
2024-10-17 17:00:00,28.39555749,30.82077,asia-south,Standard_D4s_v3
2024-10-17 18:00:00,22.8787184,21.793537,asia-south,Standard_D4s_v3
2024-10-17 19:00:00,40.067005,39.076397,asia-south,Standard_D4s_v3
2024-10-17 20:00:00,21.32632572,23.725412,asia-south,Standard_D4s_v3
2024-10-17 21:00:00,26.35012249,28.47887,asia-south,Standard_D4s_v3
2024-10-17 22:00:00,31.37391927,33.0263,asia-south,Standard_D4s_v3
2024-10-17 23:00:00,33.14729521,33.309437,asia-south,Standard_D4s_v3
2024-10-18 00:00:00,38.53670697,39.07407,asia-south,Standard_D4s_v3
2024-10-18 01:00:00,62.43994724,57.898926,asia-south,Standard_D4s_v3
2024-10-18 02:00:00,66.10748861,65.912964,asia-south,Standard_D4s_v3
2024-10-18 03:00:00,69.77502998,70.018394,asia-south,Standard_D4s_v3
2024-10-18 04:00:00,56.98640982,57.61923,asia-south,Standard_D4s_v3
2024-10-18 05:00:00,51.67447506,53.216232,asia-south,Standard_D4s_v3
2024-10-18 06:00:00,60.79212923,65.36206,asia-south,Standard_D4s_v3
2024-10-18 07:00:00,69.9097834,68.59187,asia-south,Standard_D4s_v3
2024-10-18 08:00:00,65.26871274,62.827736,asia-south,Standard_D4s_v3
2024-10-18 09:00:00,60.62764207,61.42037,asia-south,Standard_D4s_v3
2024-10-18 10:00:00,43.20063819,47.311684,asia-south,Standard_D4s_v3
2024-10-18 11:00:00,57.56220237,55.410927,asia-south,Standard_D4s_v3
2024-10-18 12:00:00,43.00104027,46.14241,asia-south,Standard_D4s_v3
2024-10-18 13:00:00,54.18779346,52.067356,asia-south,Standard_D4s_v3
2024-10-18 14:00:00,34.80648277,38.84445,asia-south,Standard_D4s_v3
2024-10-18 15:00:00,31.93987478,30.23497,asia-south,Standard_D4s_v3
2024-10-18 16:00:00,29.07326679,31.480846,asia-south,Standard_D4s_v3
2024-10-18 17:00:00,39.82957094,38.58116,asia-south,Standard_D4s_v3
2024-10-18 18:00:00,36.13532087,35.663654,asia-south,Standard_D4s_v3
2024-10-18 19:00:00,32.63125573,33.490097,asia-south,Standard_D4s_v3
2024-10-18 20:00:00,40.71486179,37.04674,asia-south,Standard_D4s_v3
2024-10-18 21:00:00,44.22670183,41.636765,asia-south,Standard_D4s_v3
2024-10-18 22:00:00,38.62023593,39.21283,asia-south,Standard_D4s_v3
2024-10-18 23:00:00,33.01377002,33.430885,asia-south,Standard_D4s_v3
2024-10-19 00:00:00,42.490477,42.73514,asia-south,Standard_D4s_v3
2024-10-19 01:00:00,51.96718399,51.492435,asia-south,Standard_D4s_v3
2024-10-19 02:00:00,61.44389098,59.908085,asia-south,Standard_D4s_v3
2024-10-19 03:00:00,54.60495906,62.942837,asia-south,Standard_D4s_v3
2024-10-19 04:00:00,68.97571879,64.57955,asia-south,Standard_D4s_v3
2024-10-19 05:00:00,73.89233201,63.92459,asia-south,Standard_D4s_v3
2024-10-19 06:00:00,48.88665487,53.826385,asia-south,Standard_D4s_v3
2024-10-19 07:00:00,74.23719287,69.366615,asia-south,Standard_D4s_v3
2024-10-19 08:00:00,55.32019401,57.55253,asia-south,Standard_D4s_v3
2024-10-19 09:00:00,52.89167587,54.32725,asia-south,Standard_D4s_v3
2024-10-19 10:00:00,53.43144811,52.979866,asia-south,Standard_D4s_v3
2024-10-19 11:00:00,45.9364966,48.88608,asia-south,Standard_D4s_v3
2024-10-19 12:00:00,51.56929432,58.69804,asia-south,Standard_D4s_v3
2024-10-19 13:00:00,57.20209204,55.016884,asia-south,Standard_D4s_v3
2024-10-19 14:00:00,42.00365922,43.01096,asia-south,Standard_D4s_v3
2024-10-19 15:00:00,37.35913344,38.49414,asia-south,Standard_D4s_v3
2024-10-19 16:00:00,32.71460765,32.74991,asia-south,Standard_D4s_v3
2024-10-19 17:00:00,40.03896219,38.70645,asia-south,Standard_D4s_v3
2024-10-19 18:00:00,36.12081945,37.972477,asia-south,Standard_D4s_v3
2024-10-19 19:00:00,32.22681445,31.100243,asia-south,Standard_D4s_v3
2024-10-19 20:00:00,46.40747162,43.934498,asia-south,Standard_D4s_v3
2024-10-19 21:00:00,26.94809975,27.851116,asia-south,Standard_D4s_v3
2024-10-19 22:00:00,28.35284819,28.774008,asia-south,Standard_D4s_v3
2024-10-19 23:00:00,48.33898614,47.14949,asia-south,Standard_D4s_v3
2024-10-20 00:00:00,50.83123744,40.35573,asia-south,Standard_D4s_v3
2024-10-20 01:00:00,53.32348874,54.492306,asia-south,Standard_D4s_v3
2024-10-20 02:00:00,63.50636599,50.573708,asia-south,Standard_D4s_v3
2024-10-20 03:00:00,73.68924324,58.72508,asia-south,Standard_D4s_v3
2024-10-20 04:00:00,63.93002583,67.43165,asia-south,Standard_D4s_v3
2024-10-20 05:00:00,62.74220821,58.727093,asia-south,Standard_D4s_v3
2024-10-20 06:00:00,53.08162867,60.873013,asia-south,Standard_D4s_v3
2024-10-20 07:00:00,66.35235165,62.691494,asia-south,Standard_D4s_v3
2024-10-20 08:00:00,79.62307463,75.49193,asia-south,Standard_D4s_v3
2024-10-20 09:00:00,59.08660343,77.8157,asia-south,Standard_D4s_v3
2024-10-20 10:00:00,38.55013223,41.33758,asia-south,Standard_D4s_v3
2024-10-20 11:00:00,44.19630215,45.460033,asia-south,Standard_D4s_v3
2024-10-20 12:00:00,63.41359682,60.82374,asia-south,Standard_D4s_v3
2024-10-20 13:00:00,55.91800862,54.25081,asia-south,Standard_D4s_v3
2024-10-20 14:00:00,30.99033795,41.087463,asia-south,Standard_D4s_v3
2024-10-20 15:00:00,45.21203441,44.98499,asia-south,Standard_D4s_v3
2024-10-20 16:00:00,41.84110446,44.47649,asia-south,Standard_D4s_v3
2024-10-20 17:00:00,23.7855291,28.333044,asia-south,Standard_D4s_v3
2024-10-20 18:00:00,27.20003446,31.944311,asia-south,Standard_D4s_v3
2024-10-20 19:00:00,30.61453981,30.94293,asia-south,Standard_D4s_v3
2024-10-20 20:00:00,35.47408726,34.365307,asia-south,Standard_D4s_v3
2024-10-20 21:00:00,44.49939135,44.96031,asia-south,Standard_D4s_v3
2024-10-20 22:00:00,48.08863645,46.9678,asia-south,Standard_D4s_v3
2024-10-20 23:00:00,51.67788155,46.274406,asia-south,Standard_D4s_v3
2024-10-21 00:00:00,55.26712665,55.98206,asia-south,Standard_D4s_v3
2024-10-21 01:00:00,43.77488811,47.133385,asia-south,Standard_D4s_v3
2024-10-21 02:00:00,50.51675633,45.5694,asia-south,Standard_D4s_v3
2024-10-21 03:00:00,59.89085997,72.32061,asia-south,Standard_D4s_v3
2024-10-21 04:00:00,69.26496361,73.483025,asia-south,Standard_D4s_v3
2024-10-21 05:00:00,68.26885448,69.033394,asia-south,Standard_D4s_v3
2024-10-21 06:00:00,69.01616758,73.699905,asia-south,Standard_D4s_v3
2024-10-21 07:00:00,69.76348068,66.46777,asia-south,Standard_D4s_v3
2024-10-21 08:00:00,66.34708017,64.80121,asia-south,Standard_D4s_v3
2024-10-21 09:00:00,82.24525294,78.73855,asia-south,Standard_D4s_v3
2024-10-21 10:00:00,68.55575236,64.93244,asia-south,Standard_D4s_v3
2024-10-21 11:00:00,56.61077855,58.093563,asia-south,Standard_D4s_v3
2024-10-21 12:00:00,57.14684334,57.41959,asia-south,Standard_D4s_v3
2024-10-21 13:00:00,43.42818853,45.504826,asia-south,Standard_D4s_v3
2024-10-21 14:00:00,43.63606618,42.606247,asia-south,Standard_D4s_v3
2024-10-21 15:00:00,34.61237718,36.503826,asia-south,Standard_D4s_v3
2024-10-21 16:00:00,35.1130233,36.35676,asia-south,Standard_D4s_v3
2024-10-21 17:00:00,42.86524468,40.324333,asia-south,Standard_D4s_v3
2024-10-21 18:00:00,31.22093203,34.984795,asia-south,Standard_D4s_v3
2024-10-21 19:00:00,37.19471937,38.612732,asia-south,Standard_D4s_v3
2024-10-21 20:00:00,42.27262567,40.49409,asia-south,Standard_D4s_v3
2024-10-21 21:00:00,45.15306574,44.134266,asia-south,Standard_D4s_v3
2024-10-21 22:00:00,48.03350581,42.953644,asia-south,Standard_D4s_v3
2024-10-21 23:00:00,50.91394588,50.374657,asia-south,Standard_D4s_v3
2024-10-22 00:00:00,46.03584696,49.09373,asia-south,Standard_D4s_v3
2024-10-22 01:00:00,54.33933637,54.60454,asia-south,Standard_D4s_v3
2024-10-22 02:00:00,62.64282578,59.137215,asia-south,Standard_D4s_v3
2024-10-22 03:00:00,68.84849553,68.20541,asia-south,Standard_D4s_v3
2024-10-22 04:00:00,68.56529924,74.18171,asia-south,Standard_D4s_v3
2024-10-22 05:00:00,68.81345496,65.46021,asia-south,Standard_D4s_v3
2024-10-22 06:00:00,77.09935194,74.97299,asia-south,Standard_D4s_v3
2024-10-22 07:00:00,68.82147296,65.21794,asia-south,Standard_D4s_v3
2024-10-22 08:00:00,65.79622848,65.94423,asia-south,Standard_D4s_v3
2024-10-22 09:00:00,56.1852009,62.274902,asia-south,Standard_D4s_v3
2024-10-22 10:00:00,46.57417332,47.93977,asia-south,Standard_D4s_v3
2024-10-22 11:00:00,49.22257154,49.296154,asia-south,Standard_D4s_v3
2024-10-22 12:00:00,41.86858556,45.00275,asia-south,Standard_D4s_v3
2024-10-22 13:00:00,52.68494384,46.71129,asia-south,Standard_D4s_v3
2024-10-22 14:00:00,44.58298689,44.279987,asia-south,Standard_D4s_v3
2024-10-22 15:00:00,42.35862817,42.176193,asia-south,Standard_D4s_v3
2024-10-22 16:00:00,31.74661733,32.125862,asia-south,Standard_D4s_v3
2024-10-22 17:00:00,32.44996315,24.899408,asia-south,Standard_D4s_v3
2024-10-22 18:00:00,33.15330896,37.977333,asia-south,Standard_D4s_v3
2024-10-22 19:00:00,33.85665477,32.702023,asia-south,Standard_D4s_v3
2024-10-22 20:00:00,44.18196774,42.964798,asia-south,Standard_D4s_v3
2024-10-22 21:00:00,24.37421434,33.956238,asia-south,Standard_D4s_v3
2024-10-22 22:00:00,32.06881603,34.57438,asia-south,Standard_D4s_v3
2024-10-22 23:00:00,40.47428387,46.138676,asia-south,Standard_D4s_v3
2024-10-23 00:00:00,48.87975171,49.2091,asia-south,Standard_D4s_v3
2024-10-23 01:00:00,59.42776238,50.828804,asia-south,Standard_D4s_v3
2024-10-23 02:00:00,69.97577304,67.635605,asia-south,Standard_D4s_v3
2024-10-23 03:00:00,51.92718263,55.652836,asia-south,Standard_D4s_v3
2024-10-23 04:00:00,62.38689448,61.256477,asia-south,Standard_D4s_v3
2024-10-23 05:00:00,67.0837409,67.04831,asia-south,Standard_D4s_v3
2024-10-23 06:00:00,69.08572939,63.62791,asia-south,Standard_D4s_v3
2024-10-23 07:00:00,88.79258713,82.28038,asia-south,Standard_D4s_v3
2024-10-23 08:00:00,55.8605159,59.09293,asia-south,Standard_D4s_v3
2024-10-23 09:00:00,69.11026456,65.76944,asia-south,Standard_D4s_v3
2024-10-23 10:00:00,43.06308824,48.179684,asia-south,Standard_D4s_v3
2024-10-23 11:00:00,49.10578742,39.733692,asia-south,Standard_D4s_v3
2024-10-23 12:00:00,55.1484866,55.855663,asia-south,Standard_D4s_v3
2024-10-23 13:00:00,51.87956878,47.553253,asia-south,Standard_D4s_v3
2024-10-23 14:00:00,39.20776236,40.3182,asia-south,Standard_D4s_v3
2024-10-23 15:00:00,29.72890498,32.20456,asia-south,Standard_D4s_v3
2024-10-23 16:00:00,33.41271994,33.57366,asia-south,Standard_D4s_v3
2024-10-23 17:00:00,37.09653491,33.41123,asia-south,Standard_D4s_v3
2024-10-23 18:00:00,23.80145845,26.440395,asia-south,Standard_D4s_v3
2024-10-23 19:00:00,35.04478456,32.80612,asia-south,Standard_D4s_v3
2024-10-23 20:00:00,46.28811066,43.59521,asia-south,Standard_D4s_v3
2024-10-23 21:00:00,41.18519927,41.43083,asia-south,Standard_D4s_v3
2024-10-23 22:00:00,43.2116357,40.76029,asia-south,Standard_D4s_v3
2024-10-23 23:00:00,45.23807212,46.061337,asia-south,Standard_D4s_v3
2024-10-24 00:00:00,36.16025409,40.703,asia-south,Standard_D4s_v3
2024-10-24 01:00:00,39.7870027,54.3987,asia-south,Standard_D4s_v3
2024-10-24 02:00:00,43.41375132,44.716885,asia-south,Standard_D4s_v3
2024-10-24 03:00:00,51.02877199,60.154728,asia-south,Standard_D4s_v3
2024-10-24 04:00:00,58.64379266,60.20498,asia-south,Standard_D4s_v3
2024-10-24 05:00:00,68.16083744,66.28106,asia-south,Standard_D4s_v3
2024-10-24 06:00:00,63.46859824,63.312763,asia-south,Standard_D4s_v3
2024-10-24 07:00:00,64.79111166,63.92275,asia-south,Standard_D4s_v3
2024-10-24 08:00:00,64.55827838,56.81589,asia-south,Standard_D4s_v3
2024-10-24 09:00:00,64.32544509,58.62759,asia-south,Standard_D4s_v3
2024-10-24 10:00:00,54.76984892,51.764687,asia-south,Standard_D4s_v3
2024-10-24 11:00:00,60.25633796,42.724396,asia-south,Standard_D4s_v3
2024-10-24 12:00:00,65.742827,64.22772,asia-south,Standard_D4s_v3
2024-10-24 13:00:00,56.42400203,47.55918,asia-south,Standard_D4s_v3
2024-10-24 14:00:00,47.10517706,47.158802,asia-south,Standard_D4s_v3
2024-10-24 15:00:00,43.13913015,41.736168,asia-south,Standard_D4s_v3
2024-10-24 16:00:00,40.22463812,40.385952,asia-south,Standard_D4s_v3
2024-10-24 17:00:00,43.51170734,35.517197,asia-south,Standard_D4s_v3
2024-10-24 18:00:00,46.79877656,43.741455,asia-south,Standard_D4s_v3
2024-10-24 19:00:00,50.08584577,50.717125,asia-south,Standard_D4s_v3
2024-10-24 20:00:00,44.44337218,43.980812,asia-south,Standard_D4s_v3
2024-10-24 21:00:00,38.80089859,37.23599,asia-south,Standard_D4s_v3
2024-10-24 22:00:00,45.58264222,43.92021,asia-south,Standard_D4s_v3
2024-10-24 23:00:00,52.36438585,50.851055,asia-south,Standard_D4s_v3
2024-10-25 00:00:00,53.16581927,53.771435,asia-south,Standard_D4s_v3
2024-10-25 01:00:00,66.32982554,64.21484,asia-south,Standard_D4s_v3
2024-10-25 02:00:00,69.58961359,67.237206,asia-south,Standard_D4s_v3
2024-10-25 03:00:00,70.00589563,69.961754,asia-south,Standard_D4s_v3
2024-10-25 04:00:00,73.73901893,73.45971,asia-south,Standard_D4s_v3
2024-10-25 05:00:00,64.79365049,76.927895,asia-south,Standard_D4s_v3
2024-10-25 06:00:00,74.79663319,74.85617,asia-south,Standard_D4s_v3
2024-10-25 07:00:00,61.28584483,63.206757,asia-south,Standard_D4s_v3
2024-10-25 08:00:00,62.71470962,64.3156,asia-south,Standard_D4s_v3
2024-10-25 09:00:00,64.81640594,65.535774,asia-south,Standard_D4s_v3
2024-10-25 10:00:00,59.29866551,69.74326,asia-south,Standard_D4s_v3
2024-10-25 11:00:00,66.29391852,64.58746,asia-south,Standard_D4s_v3
2024-10-25 12:00:00,54.11465314,57.01623,asia-south,Standard_D4s_v3
2024-10-25 13:00:00,41.93538776,51.59724,asia-south,Standard_D4s_v3
2024-10-25 14:00:00,40.15272669,46.120564,asia-south,Standard_D4s_v3
2024-10-25 15:00:00,38.37006562,39.58319,asia-south,Standard_D4s_v3
2024-10-25 16:00:00,32.13663773,31.377731,asia-south,Standard_D4s_v3
2024-10-25 17:00:00,31.06481508,31.149712,asia-south,Standard_D4s_v3
2024-10-25 18:00:00,31.93334824,32.88115,asia-south,Standard_D4s_v3
2024-10-25 19:00:00,37.67871082,38.724834,asia-south,Standard_D4s_v3
2024-10-25 20:00:00,30.67755429,31.827328,asia-south,Standard_D4s_v3
2024-10-25 21:00:00,41.62276861,38.46451,asia-south,Standard_D4s_v3
2024-10-25 22:00:00,44.97609793,41.132114,asia-south,Standard_D4s_v3
2024-10-25 23:00:00,45.27629799,41.060772,asia-south,Standard_D4s_v3
2024-10-26 00:00:00,46.91865585,46.335102,asia-south,Standard_D4s_v3
2024-10-26 01:00:00,55.5354775,53.05365,asia-south,Standard_D4s_v3
2024-10-26 02:00:00,55.40059459,56.059254,asia-south,Standard_D4s_v3
2024-10-26 03:00:00,68.6387563,61.13435,asia-south,Standard_D4s_v3
2024-10-26 04:00:00,49.72486205,50.800255,asia-south,Standard_D4s_v3
2024-10-26 05:00:00,68.94972425,65.51896,asia-south,Standard_D4s_v3
2024-10-26 06:00:00,53.00918199,59.57213,asia-south,Standard_D4s_v3
2024-10-26 07:00:00,49.79726609,50.999203,asia-south,Standard_D4s_v3
2024-10-26 08:00:00,46.5853502,48.161148,asia-south,Standard_D4s_v3
2024-10-26 09:00:00,67.80736379,62.766445,asia-south,Standard_D4s_v3
2024-10-26 10:00:00,60.26504656,59.530254,asia-south,Standard_D4s_v3
2024-10-26 11:00:00,51.06109423,61.52303,asia-south,Standard_D4s_v3
2024-10-26 12:00:00,72.15190949,68.287025,asia-south,Standard_D4s_v3
2024-10-26 13:00:00,42.76702958,51.335316,asia-south,Standard_D4s_v3
2024-10-26 14:00:00,40.93077055,41.703426,asia-south,Standard_D4s_v3
2024-10-26 15:00:00,47.69183043,45.658276,asia-south,Standard_D4s_v3
2024-10-26 16:00:00,38.87470619,37.790363,asia-south,Standard_D4s_v3
2024-10-26 17:00:00,21.1720409,24.840982,asia-south,Standard_D4s_v3
2024-10-26 18:00:00,42.51067798,36.794147,asia-south,Standard_D4s_v3
2024-10-26 19:00:00,31.91536792,32.601677,asia-south,Standard_D4s_v3
2024-10-26 20:00:00,32.30800189,34.12659,asia-south,Standard_D4s_v3
2024-10-26 21:00:00,39.05235085,38.14546,asia-south,Standard_D4s_v3
2024-10-26 22:00:00,32.51849692,34.175365,asia-south,Standard_D4s_v3
2024-10-26 23:00:00,59.04701126,55.414673,asia-south,Standard_D4s_v3
2024-10-27 00:00:00,56.77960902,57.214317,asia-south,Standard_D4s_v3
2024-10-27 01:00:00,58.61386658,59.311764,asia-south,Standard_D4s_v3
2024-10-27 02:00:00,48.41794918,53.675747,asia-south,Standard_D4s_v3
2024-10-27 03:00:00,61.02969747,63.164394,asia-south,Standard_D4s_v3
2024-10-27 04:00:00,79.7788534,75.53872,asia-south,Standard_D4s_v3
2024-10-27 05:00:00,66.8017155,67.36345,asia-south,Standard_D4s_v3
2024-10-27 06:00:00,58.38636863,59.45455,asia-south,Standard_D4s_v3
2024-10-27 07:00:00,51.26267237,53.531387,asia-south,Standard_D4s_v3
2024-10-27 08:00:00,69.10104347,62.72808,asia-south,Standard_D4s_v3
2024-10-27 09:00:00,61.632759,60.363045,asia-south,Standard_D4s_v3
2024-10-27 10:00:00,58.84569461,59.056274,asia-south,Standard_D4s_v3
2024-10-27 11:00:00,53.89055079,55.853096,asia-south,Standard_D4s_v3
2024-10-27 12:00:00,48.93540698,54.966167,asia-south,Standard_D4s_v3
2024-10-27 13:00:00,43.98026316,45.440292,asia-south,Standard_D4s_v3
2024-10-27 14:00:00,33.33086867,38.035183,asia-south,Standard_D4s_v3
2024-10-27 15:00:00,33.425544,33.114223,asia-south,Standard_D4s_v3
2024-10-27 16:00:00,32.35999763,33.070473,asia-south,Standard_D4s_v3
2024-10-27 17:00:00,14.76531189,23.606028,asia-south,Standard_D4s_v3
2024-10-27 18:00:00,22.55208684,33.753906,asia-south,Standard_D4s_v3
2024-10-27 19:00:00,30.33886179,41.149208,asia-south,Standard_D4s_v3
2024-10-27 20:00:00,38.12563674,37.22774,asia-south,Standard_D4s_v3
2024-10-27 21:00:00,27.91345927,26.532303,asia-south,Standard_D4s_v3
2024-10-27 22:00:00,39.18919101,38.6753,asia-south,Standard_D4s_v3
2024-10-27 23:00:00,39.45792788,41.64849,asia-south,Standard_D4s_v3
2024-10-28 00:00:00,39.72666475,45.08067,asia-south,Standard_D4s_v3
2024-10-28 01:00:00,48.67526288,49.735447,asia-south,Standard_D4s_v3
2024-10-28 02:00:00,57.62386102,58.06924,asia-south,Standard_D4s_v3
2024-10-28 03:00:00,60.37290833,68.0262,asia-south,Standard_D4s_v3
2024-10-28 04:00:00,63.12195564,61.261368,asia-south,Standard_D4s_v3
2024-10-28 05:00:00,73.31368813,68.13688,asia-south,Standard_D4s_v3
2024-10-28 06:00:00,55.57325918,55.946766,asia-south,Standard_D4s_v3
2024-10-28 07:00:00,62.97638235,60.414326,asia-south,Standard_D4s_v3
2024-10-28 08:00:00,66.88627555,65.96539,asia-south,Standard_D4s_v3
2024-10-28 09:00:00,75.27728717,64.32411,asia-south,Standard_D4s_v3
2024-10-28 10:00:00,41.65777323,55.338943,asia-south,Standard_D4s_v3
2024-10-28 11:00:00,67.59749827,60.07116,asia-south,Standard_D4s_v3
2024-10-28 12:00:00,63.17363233,55.40475,asia-south,Standard_D4s_v3
2024-10-28 13:00:00,58.74976639,60.481434,asia-south,Standard_D4s_v3
2024-10-28 14:00:00,40.04862568,40.618652,asia-south,Standard_D4s_v3
2024-10-28 15:00:00,33.70225832,33.190742,asia-south,Standard_D4s_v3
2024-10-28 16:00:00,32.79265782,31.581045,asia-south,Standard_D4s_v3
2024-10-28 17:00:00,35.017011,31.503159,asia-south,Standard_D4s_v3
2024-10-28 18:00:00,17.81108911,24.489906,asia-south,Standard_D4s_v3
2024-10-28 19:00:00,37.12609877,37.06624,asia-south,Standard_D4s_v3
2024-10-28 20:00:00,31.78950735,34.071884,asia-south,Standard_D4s_v3
2024-10-28 21:00:00,47.20671175,41.79572,asia-south,Standard_D4s_v3
2024-10-28 22:00:00,36.23914572,41.075024,asia-south,Standard_D4s_v3
2024-10-28 23:00:00,49.22049208,44.624023,asia-south,Standard_D4s_v3
2024-10-29 00:00:00,60.09714696,52.07988,asia-south,Standard_D4s_v3
2024-10-29 01:00:00,39.04361207,39.820736,asia-south,Standard_D4s_v3
2024-10-29 02:00:00,78.54638344,75.73368,asia-south,Standard_D4s_v3
2024-10-29 03:00:00,65.91188943,77.48669,asia-south,Standard_D4s_v3
2024-10-29 04:00:00,53.27739543,63.255356,asia-south,Standard_D4s_v3
2024-10-29 05:00:00,58.9715587,56.74492,asia-south,Standard_D4s_v3
2024-10-29 06:00:00,46.84388516,50.051865,asia-south,Standard_D4s_v3
2024-10-29 07:00:00,74.82771269,68.32794,asia-south,Standard_D4s_v3
2024-10-29 08:00:00,61.09534139,59.16114,asia-south,Standard_D4s_v3
2024-10-29 09:00:00,67.12906485,66.72385,asia-south,Standard_D4s_v3
2024-10-29 10:00:00,73.16278831,72.07557,asia-south,Standard_D4s_v3
2024-10-29 11:00:00,62.63040731,66.75701,asia-south,Standard_D4s_v3
2024-10-29 12:00:00,52.09802631,57.30604,asia-south,Standard_D4s_v3
2024-10-29 13:00:00,45.36137372,52.47318,asia-south,Standard_D4s_v3
2024-10-29 14:00:00,38.62472113,39.136227,asia-south,Standard_D4s_v3
2024-10-29 15:00:00,48.83915726,45.053535,asia-south,Standard_D4s_v3
2024-10-29 16:00:00,49.26777271,48.809643,asia-south,Standard_D4s_v3
2024-10-29 17:00:00,32.55398985,36.648106,asia-south,Standard_D4s_v3
2024-10-29 18:00:00,39.92433442,35.406635,asia-south,Standard_D4s_v3
2024-10-29 19:00:00,32.30988874,32.971066,asia-south,Standard_D4s_v3
2024-10-29 20:00:00,32.48180249,37.87114,asia-south,Standard_D4s_v3
2024-10-29 21:00:00,52.73911204,53.043644,asia-south,Standard_D4s_v3
2024-10-29 22:00:00,50.83794707,45.389893,asia-south,Standard_D4s_v3
2024-10-29 23:00:00,48.93678209,50.97949,asia-south,Standard_D4s_v3
2024-10-30 00:00:00,48.51978629,48.578903,asia-south,Standard_D4s_v3
2024-10-30 01:00:00,48.10279049,49.209797,asia-south,Standard_D4s_v3
2024-10-30 02:00:00,51.15981147,48.21491,asia-south,Standard_D4s_v3
2024-10-30 03:00:00,53.73681274,49.412636,asia-south,Standard_D4s_v3
2024-10-30 04:00:00,56.313814,55.804382,asia-south,Standard_D4s_v3
2024-10-30 05:00:00,54.72959623,56.95479,asia-south,Standard_D4s_v3
2024-10-30 06:00:00,60.64557579,60.47599,asia-south,Standard_D4s_v3
2024-10-30 07:00:00,68.05110368,63.81834,asia-south,Standard_D4s_v3
2024-10-30 08:00:00,75.45663158,66.48403,asia-south,Standard_D4s_v3
2024-10-30 09:00:00,76.34500297,71.685814,asia-south,Standard_D4s_v3
2024-10-30 10:00:00,64.72491242,63.276546,asia-south,Standard_D4s_v3
2024-10-30 11:00:00,53.10482187,44.29249,asia-south,Standard_D4s_v3
2024-10-30 12:00:00,41.48473132,43.619743,asia-south,Standard_D4s_v3
2024-10-30 13:00:00,41.33501768,42.379402,asia-south,Standard_D4s_v3
2024-10-30 14:00:00,54.23080918,51.274544,asia-south,Standard_D4s_v3
2024-10-30 15:00:00,33.85142934,37.204044,asia-south,Standard_D4s_v3
2024-10-30 16:00:00,30.91737317,31.837154,asia-south,Standard_D4s_v3
2024-10-30 17:00:00,32.29621805,32.94524,asia-south,Standard_D4s_v3
2024-10-30 18:00:00,35.06791048,33.969448,asia-south,Standard_D4s_v3
2024-10-30 19:00:00,38.96257692,39.59248,asia-south,Standard_D4s_v3
2024-10-30 20:00:00,47.78627263,44.869736,asia-south,Standard_D4s_v3
2024-10-30 21:00:00,41.25378444,47.391445,asia-south,Standard_D4s_v3
2024-10-30 22:00:00,34.72129625,36.603134,asia-south,Standard_D4s_v3
2024-10-30 23:00:00,37.10577228,36.398994,asia-south,Standard_D4s_v3
2024-10-31 00:00:00,39.49346632,40.65778,asia-south,Standard_D4s_v3
2024-10-31 01:00:00,41.88116035,45.575893,asia-south,Standard_D4s_v3
2024-10-31 02:00:00,45.41872337,67.45978,asia-south,Standard_D4s_v3
2024-10-31 03:00:00,48.95628639,65.230484,asia-south,Standard_D4s_v3
2024-10-31 04:00:00,52.4938494,59.04803,asia-south,Standard_D4s_v3
2024-10-31 05:00:00,66.50546323,64.98281,asia-south,Standard_D4s_v3
2024-10-31 06:00:00,49.40760429,56.437912,asia-south,Standard_D4s_v3
2024-10-31 07:00:00,70.73510996,63.788944,asia-south,Standard_D4s_v3
2024-10-31 08:00:00,64.43109015,69.77755,asia-south,Standard_D4s_v3
2024-10-31 09:00:00,58.12707035,62.84366,asia-south,Standard_D4s_v3
2024-10-31 10:00:00,59.39067409,58.3891,asia-south,Standard_D4s_v3
2024-10-31 11:00:00,43.3256828,45.782352,asia-south,Standard_D4s_v3
2024-10-31 12:00:00,38.27488946,52.63735,asia-south,Standard_D4s_v3
2024-10-31 13:00:00,33.22409612,33.612793,asia-south,Standard_D4s_v3
2024-10-31 14:00:00,37.59866494,35.99037,asia-south,Standard_D4s_v3
2024-10-31 15:00:00,33.68869442,34.348557,asia-south,Standard_D4s_v3
2024-10-31 16:00:00,29.77872391,30.413551,asia-south,Standard_D4s_v3
2024-10-31 17:00:00,33.6646769,34.653526,asia-south,Standard_D4s_v3
2024-10-31 18:00:00,43.07494442,37.752533,asia-south,Standard_D4s_v3
2024-10-31 19:00:00,52.60560647,43.992107,asia-south,Standard_D4s_v3
2024-10-31 20:00:00,41.8931321,42.751846,asia-south,Standard_D4s_v3
2024-10-31 21:00:00,34.47815494,37.006298,asia-south,Standard_D4s_v3
2024-10-31 22:00:00,48.69884032,47.426075,asia-south,Standard_D4s_v3
2024-10-31 23:00:00,39.56427437,45.800117,asia-south,Standard_D4s_v3
2024-11-01 00:00:00,44.9166136,61.584984,asia-south,Standard_D4s_v3
2024-11-01 01:00:00,50.26895284,56.997833,asia-south,Standard_D4s_v3
2024-11-01 02:00:00,52.66148597,66.06551,asia-south,Standard_D4s_v3
2024-11-01 03:00:00,55.05401909,62.1517,asia-south,Standard_D4s_v3
2024-11-01 04:00:00,66.4336154,64.35289,asia-south,Standard_D4s_v3
2024-11-01 05:00:00,41.96378691,44.402325,asia-south,Standard_D4s_v3
2024-11-01 06:00:00,47.34237699,49.896896,asia-south,Standard_D4s_v3
2024-11-01 07:00:00,52.72096707,53.335087,asia-south,Standard_D4s_v3
2024-11-01 08:00:00,78.46744507,65.923805,asia-south,Standard_D4s_v3
2024-11-01 09:00:00,67.87038014,64.070435,asia-south,Standard_D4s_v3
2024-11-01 10:00:00,57.69438403,62.22478,asia-south,Standard_D4s_v3
2024-11-01 11:00:00,52.88280995,68.58382,asia-south,Standard_D4s_v3
2024-11-01 12:00:00,48.07123587,53.739708,asia-south,Standard_D4s_v3
2024-11-01 13:00:00,29.23168463,33.565693,asia-south,Standard_D4s_v3
2024-11-01 14:00:00,46.88586911,45.390877,asia-south,Standard_D4s_v3
2024-11-01 15:00:00,32.36443218,34.855892,asia-south,Standard_D4s_v3
2024-11-01 16:00:00,36.83705343,42.78839,asia-south,Standard_D4s_v3
2024-11-01 17:00:00,41.30967468,39.048153,asia-south,Standard_D4s_v3
2024-11-01 18:00:00,37.2969499,44.32751,asia-south,Standard_D4s_v3
2024-11-01 19:00:00,33.28422512,34.388416,asia-south,Standard_D4s_v3
2024-11-01 20:00:00,30.80001066,33.237206,asia-south,Standard_D4s_v3
2024-11-01 21:00:00,40.4787072,41.535343,asia-south,Standard_D4s_v3
2024-11-01 22:00:00,59.4692924,55.550716,asia-south,Standard_D4s_v3
2024-11-01 23:00:00,55.2933072,50.443287,asia-south,Standard_D4s_v3
2024-11-02 00:00:00,57.90303434,57.80723,asia-south,Standard_D4s_v3
2024-11-02 01:00:00,71.86701539,70.505394,asia-south,Standard_D4s_v3
2024-11-02 02:00:00,53.85419486,56.404625,asia-south,Standard_D4s_v3
2024-11-02 03:00:00,61.92309446,61.6008,asia-south,Standard_D4s_v3
2024-11-02 04:00:00,58.37517207,71.76486,asia-south,Standard_D4s_v3
2024-11-02 05:00:00,54.82724969,55.454723,asia-south,Standard_D4s_v3
2024-11-02 06:00:00,92.30615301,90.68853,asia-south,Standard_D4s_v3
2024-11-02 07:00:00,45.58353422,53.80062,asia-south,Standard_D4s_v3
2024-11-02 08:00:00,58.5633662,62.921856,asia-south,Standard_D4s_v3
2024-11-02 09:00:00,71.54319818,69.665054,asia-south,Standard_D4s_v3
2024-11-02 10:00:00,49.25133049,51.0972,asia-south,Standard_D4s_v3
2024-11-02 11:00:00,47.24705355,47.330322,asia-south,Standard_D4s_v3
2024-11-02 12:00:00,58.1830196,57.63331,asia-south,Standard_D4s_v3
2024-11-02 13:00:00,45.52909308,51.922886,asia-south,Standard_D4s_v3
2024-11-02 14:00:00,63.74603138,51.241383,asia-south,Standard_D4s_v3
2024-11-02 15:00:00,33.6390712,37.838852,asia-south,Standard_D4s_v3
2024-11-02 16:00:00,38.90804568,38.511642,asia-south,Standard_D4s_v3
2024-11-02 17:00:00,44.17702015,51.554974,asia-south,Standard_D4s_v3
2024-11-02 18:00:00,38.21879824,41.465046,asia-south,Standard_D4s_v3
2024-11-02 19:00:00,32.26057633,30.085176,asia-south,Standard_D4s_v3
2024-11-02 20:00:00,21.33485989,25.74286,asia-south,Standard_D4s_v3
2024-11-02 21:00:00,34.84282784,35.557064,asia-south,Standard_D4s_v3
2024-11-02 22:00:00,39.86728179,31.7451,asia-south,Standard_D4s_v3
2024-11-02 23:00:00,53.69294125,29.022167,asia-south,Standard_D4s_v3
2024-11-03 00:00:00,67.5186007,60.787327,asia-south,Standard_D4s_v3
2024-11-03 01:00:00,64.27228326,62.59603,asia-south,Standard_D4s_v3
2024-11-03 02:00:00,63.47885986,63.618572,asia-south,Standard_D4s_v3
2024-11-03 03:00:00,62.68543645,69.461586,asia-south,Standard_D4s_v3
2024-11-03 04:00:00,61.89201305,70.14353,asia-south,Standard_D4s_v3
2024-11-03 05:00:00,61.09858965,72.63374,asia-south,Standard_D4s_v3
2024-11-03 06:00:00,60.30516625,67.0097,asia-south,Standard_D4s_v3
2024-11-03 07:00:00,73.12417419,68.129845,asia-south,Standard_D4s_v3
2024-11-03 08:00:00,71.39560443,70.67828,asia-south,Standard_D4s_v3
2024-11-03 09:00:00,72.75358936,65.357216,asia-south,Standard_D4s_v3
2024-11-03 10:00:00,73.43913188,67.81773,asia-south,Standard_D4s_v3
2024-11-03 11:00:00,74.12467439,65.30751,asia-south,Standard_D4s_v3
2024-11-03 12:00:00,59.92942704,55.435642,asia-south,Standard_D4s_v3
2024-11-03 13:00:00,45.73417969,45.698296,asia-south,Standard_D4s_v3
2024-11-03 14:00:00,39.77927361,38.917767,asia-south,Standard_D4s_v3
2024-11-03 15:00:00,32.07827919,36.392624,asia-south,Standard_D4s_v3
2024-11-03 16:00:00,32.5023526,37.149952,asia-south,Standard_D4s_v3
2024-11-03 17:00:00,35.00638039,37.84257,asia-south,Standard_D4s_v3
2024-11-03 18:00:00,39.42282286,40.549385,asia-south,Standard_D4s_v3
2024-11-03 19:00:00,36.6639778,37.471012,asia-south,Standard_D4s_v3
2024-11-03 20:00:00,30.05127959,30.02873,asia-south,Standard_D4s_v3
2024-11-03 21:00:00,44.15742153,43.147354,asia-south,Standard_D4s_v3
2024-11-03 22:00:00,46.28981265,44.566174,asia-south,Standard_D4s_v3
2024-11-03 23:00:00,50.28947643,48.976173,asia-south,Standard_D4s_v3
2024-11-04 00:00:00,66.06634687,56.79855,asia-south,Standard_D4s_v3
2024-11-04 01:00:00,59.38748487,55.793705,asia-south,Standard_D4s_v3
2024-11-04 02:00:00,60.43924386,59.52396,asia-south,Standard_D4s_v3
2024-11-04 03:00:00,71.3349215,67.575615,asia-south,Standard_D4s_v3
2024-11-04 04:00:00,72.04255505,73.74316,asia-south,Standard_D4s_v3
2024-11-04 05:00:00,81.80516614,80.911545,asia-south,Standard_D4s_v3
2024-11-04 06:00:00,94.05807504,92.50144,asia-south,Standard_D4s_v3
2024-11-04 07:00:00,58.71796208,69.42746,asia-south,Standard_D4s_v3
2024-11-04 08:00:00,77.1276049,67.1351,asia-south,Standard_D4s_v3
2024-11-04 09:00:00,34.87925827,34.08235,asia-south,Standard_D4s_v3
2024-11-04 10:00:00,86.96453554,81.81775,asia-south,Standard_D4s_v3
2024-11-04 11:00:00,50.77382803,53.126476,asia-south,Standard_D4s_v3
2024-11-04 12:00:00,48.19437667,58.033436,asia-south,Standard_D4s_v3
2024-11-04 13:00:00,45.61492532,45.836727,asia-south,Standard_D4s_v3
2024-11-04 14:00:00,40.75718133,41.09694,asia-south,Standard_D4s_v3
2024-11-04 15:00:00,43.13607871,39.623123,asia-south,Standard_D4s_v3
2024-11-04 16:00:00,45.51497609,37.721863,asia-south,Standard_D4s_v3
2024-11-04 17:00:00,47.89387347,46.205696,asia-south,Standard_D4s_v3
2024-11-04 18:00:00,38.85206174,42.806145,asia-south,Standard_D4s_v3
2024-11-04 19:00:00,42.12013191,41.290894,asia-south,Standard_D4s_v3
2024-11-04 20:00:00,44.74202227,42.123947,asia-south,Standard_D4s_v3
2024-11-04 21:00:00,39.52808627,35.56173,asia-south,Standard_D4s_v3
2024-11-04 22:00:00,34.31415026,36.34029,asia-south,Standard_D4s_v3
2024-11-04 23:00:00,50.24402215,49.25817,asia-south,Standard_D4s_v3
2024-11-05 00:00:00,57.24642585,55.18859,asia-south,Standard_D4s_v3
2024-11-05 01:00:00,35.18772779,40.581482,asia-south,Standard_D4s_v3
2024-11-05 02:00:00,63.47353145,62.315453,asia-south,Standard_D4s_v3
2024-11-05 03:00:00,45.15153726,69.69155,asia-south,Standard_D4s_v3
2024-11-05 04:00:00,89.88983024,88.65968,asia-south,Standard_D4s_v3
2024-11-05 05:00:00,61.87662426,65.242294,asia-south,Standard_D4s_v3
2024-11-05 06:00:00,86.47585566,80.89535,asia-south,Standard_D4s_v3
2024-11-05 07:00:00,66.40738988,70.4046,asia-south,Standard_D4s_v3
2024-11-05 08:00:00,46.3389241,46.927105,asia-south,Standard_D4s_v3
2024-11-05 09:00:00,47.34753488,74.634796,asia-south,Standard_D4s_v3
2024-11-05 10:00:00,48.35614566,66.849144,asia-south,Standard_D4s_v3
2024-11-05 11:00:00,49.36475644,53.525635,asia-south,Standard_D4s_v3
2024-11-05 12:00:00,50.37336722,49.738266,asia-south,Standard_D4s_v3
2024-11-05 13:00:00,35.65777039,42.932606,asia-south,Standard_D4s_v3
2024-11-05 14:00:00,38.64270802,37.766518,asia-south,Standard_D4s_v3
2024-11-05 15:00:00,33.16333848,33.504025,asia-south,Standard_D4s_v3
2024-11-05 16:00:00,39.3068512,37.19365,asia-south,Standard_D4s_v3
2024-11-05 17:00:00,16.43129236,23.337389,asia-south,Standard_D4s_v3
2024-11-05 18:00:00,37.60530601,29.59854,asia-south,Standard_D4s_v3
2024-11-05 19:00:00,26.79794335,26.988243,asia-south,Standard_D4s_v3
2024-11-05 20:00:00,52.81146599,42.79463,asia-south,Standard_D4s_v3
2024-11-05 21:00:00,53.75602871,51.19124,asia-south,Standard_D4s_v3
2024-11-05 22:00:00,61.35761594,56.379395,asia-south,Standard_D4s_v3
2024-11-05 23:00:00,37.7010157,44.954967,asia-south,Standard_D4s_v3
2024-11-06 00:00:00,60.2824603,59.34979,asia-south,Standard_D4s_v3
2024-11-06 01:00:00,53.0547404,58.416027,asia-south,Standard_D4s_v3
2024-11-06 02:00:00,49.47599493,55.953472,asia-south,Standard_D4s_v3
2024-11-06 03:00:00,74.51833688,71.214676,asia-south,Standard_D4s_v3
2024-11-06 04:00:00,58.28276442,61.952053,asia-south,Standard_D4s_v3
2024-11-06 05:00:00,71.34276884,66.61553,asia-south,Standard_D4s_v3
2024-11-06 06:00:00,69.50970178,68.00882,asia-south,Standard_D4s_v3
2024-11-06 07:00:00,42.48977228,47.272587,asia-south,Standard_D4s_v3
2024-11-06 08:00:00,55.54597825,52.835114,asia-south,Standard_D4s_v3
2024-11-06 09:00:00,68.60218421,67.53144,asia-south,Standard_D4s_v3
2024-11-06 10:00:00,36.68762853,46.60699,asia-south,Standard_D4s_v3
2024-11-06 11:00:00,42.93742435,42.113052,asia-south,Standard_D4s_v3
2024-11-06 12:00:00,42.71565806,47.365932,asia-south,Standard_D4s_v3
2024-11-06 13:00:00,42.49389177,43.799885,asia-south,Standard_D4s_v3
2024-11-06 14:00:00,44.56277396,42.570946,asia-south,Standard_D4s_v3
2024-11-06 15:00:00,47.8643451,45.990696,asia-south,Standard_D4s_v3
2024-11-06 16:00:00,38.46344543,38.53054,asia-south,Standard_D4s_v3
2024-11-06 17:00:00,32.55770271,32.80001,asia-south,Standard_D4s_v3
2024-11-06 18:00:00,31.90373059,32.917732,asia-south,Standard_D4s_v3
2024-11-06 19:00:00,22.8435959,24.201393,asia-south,Standard_D4s_v3
2024-11-06 20:00:00,42.22808074,40.946102,asia-south,Standard_D4s_v3
2024-11-06 21:00:00,43.49431499,37.783863,asia-south,Standard_D4s_v3
2024-11-06 22:00:00,44.76054924,44.283043,asia-south,Standard_D4s_v3
2024-11-06 23:00:00,56.53071833,56.05772,asia-south,Standard_D4s_v3
2024-11-07 00:00:00,58.33541079,57.524364,asia-south,Standard_D4s_v3
2024-11-07 01:00:00,64.40054675,63.31096,asia-south,Standard_D4s_v3
2024-11-07 02:00:00,55.23441341,53.613518,asia-south,Standard_D4s_v3
2024-11-07 03:00:00,53.71222416,53.78565,asia-south,Standard_D4s_v3
2024-11-07 04:00:00,65.38976149,64.86042,asia-south,Standard_D4s_v3
2024-11-07 05:00:00,81.76813519,79.05376,asia-south,Standard_D4s_v3
2024-11-07 06:00:00,78.16716711,71.23382,asia-south,Standard_D4s_v3
2024-11-07 07:00:00,78.41421604,75.42821,asia-south,Standard_D4s_v3
2024-11-07 08:00:00,78.66126496,75.277954,asia-south,Standard_D4s_v3
2024-11-07 09:00:00,67.12476289,67.10967,asia-south,Standard_D4s_v3
2024-11-07 10:00:00,62.01380323,60.850636,asia-south,Standard_D4s_v3
2024-11-07 11:00:00,62.28459919,60.01108,asia-south,Standard_D4s_v3
2024-11-07 12:00:00,45.6995201,46.15578,asia-south,Standard_D4s_v3
2024-11-07 13:00:00,39.10056992,41.128777,asia-south,Standard_D4s_v3
2024-11-07 14:00:00,56.01398307,52.3461,asia-south,Standard_D4s_v3
2024-11-07 15:00:00,49.48085778,48.915333,asia-south,Standard_D4s_v3
2024-11-07 16:00:00,42.52681074,42.414692,asia-south,Standard_D4s_v3
2024-11-07 17:00:00,35.09379409,36.538635,asia-south,Standard_D4s_v3
2024-11-07 18:00:00,30.35536024,30.038422,asia-south,Standard_D4s_v3
2024-11-07 19:00:00,39.55089553,34.90947,asia-south,Standard_D4s_v3
2024-11-07 20:00:00,32.5380403,33.90357,asia-south,Standard_D4s_v3
2024-11-07 21:00:00,41.33382488,43.420357,asia-south,Standard_D4s_v3
2024-11-07 22:00:00,58.86108039,57.296936,asia-south,Standard_D4s_v3
2024-11-07 23:00:00,56.65502534,55.080948,asia-south,Standard_D4s_v3
2024-11-08 00:00:00,47.189029,49.061386,asia-south,Standard_D4s_v3
2024-11-08 01:00:00,61.23068713,62.81479,asia-south,Standard_D4s_v3
2024-11-08 02:00:00,75.27234526,66.062325,asia-south,Standard_D4s_v3
2024-11-08 03:00:00,68.44550534,74.54848,asia-south,Standard_D4s_v3
2024-11-08 04:00:00,93.55098122,92.55324,asia-south,Standard_D4s_v3
2024-11-08 05:00:00,56.62487628,68.43419,asia-south,Standard_D4s_v3
2024-11-08 06:00:00,65.51213748,65.84157,asia-south,Standard_D4s_v3
2024-11-08 07:00:00,70.8505793,70.60481,asia-south,Standard_D4s_v3
2024-11-08 08:00:00,61.18799859,61.535145,asia-south,Standard_D4s_v3
2024-11-08 09:00:00,58.23078212,58.017273,asia-south,Standard_D4s_v3
2024-11-08 10:00:00,62.5457932,54.57728,asia-south,Standard_D4s_v3
2024-11-08 11:00:00,46.69387586,47.677555,asia-south,Standard_D4s_v3
2024-11-08 12:00:00,55.70709372,54.95301,asia-south,Standard_D4s_v3
2024-11-08 13:00:00,43.82146432,44.715454,asia-south,Standard_D4s_v3
2024-11-08 14:00:00,32.32173829,33.975212,asia-south,Standard_D4s_v3
2024-11-08 15:00:00,53.84912831,52.45107,asia-south,Standard_D4s_v3
2024-11-08 16:00:00,45.77509397,38.84238,asia-south,Standard_D4s_v3
2024-11-08 17:00:00,37.70105963,43.49266,asia-south,Standard_D4s_v3
2024-11-08 18:00:00,40.17024732,39.71999,asia-south,Standard_D4s_v3
2024-11-08 19:00:00,20.72239613,19.964128,asia-south,Standard_D4s_v3
2024-11-08 20:00:00,35.47705807,36.322197,asia-south,Standard_D4s_v3
2024-11-08 21:00:00,47.20464796,45.407166,asia-south,Standard_D4s_v3
2024-11-08 22:00:00,37.44381447,36.06222,asia-south,Standard_D4s_v3
2024-11-08 23:00:00,48.41203703,46.42091,asia-south,Standard_D4s_v3
2024-11-09 00:00:00,42.33583781,45.43535,asia-south,Standard_D4s_v3
2024-11-09 01:00:00,58.27606337,56.242435,asia-south,Standard_D4s_v3
2024-11-09 02:00:00,52.44048381,61.037865,asia-south,Standard_D4s_v3
2024-11-09 03:00:00,55.47820431,56.48025,asia-south,Standard_D4s_v3
2024-11-09 04:00:00,75.66069577,71.05518,asia-south,Standard_D4s_v3
2024-11-09 05:00:00,78.32630435,80.636444,asia-south,Standard_D4s_v3
2024-11-09 06:00:00,57.19628615,60.265263,asia-south,Standard_D4s_v3
2024-11-09 07:00:00,58.68667372,66.18923,asia-south,Standard_D4s_v3
2024-11-09 08:00:00,60.17706129,60.75256,asia-south,Standard_D4s_v3
2024-11-09 09:00:00,64.85643567,63.619225,asia-south,Standard_D4s_v3
2024-11-09 10:00:00,45.70126115,52.195503,asia-south,Standard_D4s_v3
2024-11-09 11:00:00,63.63647125,59.758816,asia-south,Standard_D4s_v3
2024-11-09 12:00:00,27.3245075,35.438053,asia-south,Standard_D4s_v3
2024-11-09 13:00:00,48.58785051,46.51443,asia-south,Standard_D4s_v3
2024-11-09 14:00:00,45.20994083,47.30501,asia-south,Standard_D4s_v3
2024-11-09 15:00:00,41.83203116,36.788887,asia-south,Standard_D4s_v3
2024-11-09 16:00:00,46.22445368,44.89045,asia-south,Standard_D4s_v3
2024-11-09 17:00:00,35.75603124,42.120712,asia-south,Standard_D4s_v3
2024-11-09 18:00:00,36.98450528,38.171585,asia-south,Standard_D4s_v3
2024-11-09 19:00:00,38.00200248,38.302067,asia-south,Standard_D4s_v3
2024-11-09 20:00:00,33.97596601,33.460793,asia-south,Standard_D4s_v3
2024-11-09 21:00:00,33.85220932,37.298595,asia-south,Standard_D4s_v3
2024-11-09 22:00:00,49.82122383,48.01551,asia-south,Standard_D4s_v3
2024-11-09 23:00:00,47.76339565,47.429203,asia-south,Standard_D4s_v3
2024-11-10 00:00:00,51.71547482,51.501026,asia-south,Standard_D4s_v3
2024-11-10 01:00:00,59.6033912,50.653236,asia-south,Standard_D4s_v3
2024-11-10 02:00:00,67.49130758,55.257324,asia-south,Standard_D4s_v3
2024-11-10 03:00:00,75.37922396,74.841705,asia-south,Standard_D4s_v3
2024-11-10 04:00:00,45.23768871,60.15122,asia-south,Standard_D4s_v3
2024-11-10 05:00:00,80.56235423,69.2728,asia-south,Standard_D4s_v3
2024-11-10 06:00:00,62.80518005,64.043236,asia-south,Standard_D4s_v3
2024-11-10 07:00:00,75.46078468,67.72401,asia-south,Standard_D4s_v3
2024-11-10 08:00:00,70.46305317,71.66289,asia-south,Standard_D4s_v3
2024-11-10 09:00:00,59.00000562,61.51336,asia-south,Standard_D4s_v3
2024-11-10 10:00:00,61.89841461,62.70649,asia-south,Standard_D4s_v3
2024-11-10 11:00:00,53.69646788,51.445244,asia-south,Standard_D4s_v3
2024-11-10 12:00:00,39.35776461,40.759132,asia-south,Standard_D4s_v3
2024-11-10 13:00:00,42.30093312,42.770336,asia-south,Standard_D4s_v3
2024-11-10 14:00:00,64.64198082,61.955517,asia-south,Standard_D4s_v3
2024-11-10 15:00:00,53.54039096,53.00249,asia-south,Standard_D4s_v3
2024-11-10 16:00:00,42.4388011,43.77616,asia-south,Standard_D4s_v3
2024-11-10 17:00:00,36.59480397,37.424843,asia-south,Standard_D4s_v3
2024-11-10 18:00:00,28.77740072,30.92473,asia-south,Standard_D4s_v3
2024-11-10 19:00:00,34.4503289,35.720177,asia-south,Standard_D4s_v3
2024-11-10 20:00:00,43.01938575,39.948204,asia-south,Standard_D4s_v3
2024-11-10 21:00:00,51.5884426,42.802845,asia-south,Standard_D4s_v3
2024-11-10 22:00:00,34.52628861,38.538185,asia-south,Standard_D4s_v3
2024-11-10 23:00:00,43.95806525,44.920227,asia-south,Standard_D4s_v3
2024-11-11 00:00:00,53.38984189,54.106087,asia-south,Standard_D4s_v3
2024-11-11 01:00:00,50.23976687,50.852318,asia-south,Standard_D4s_v3
2024-11-11 02:00:00,55.53363396,52.058796,asia-south,Standard_D4s_v3
2024-11-11 03:00:00,58.00531445,59.52977,asia-south,Standard_D4s_v3
2024-11-11 04:00:00,59.18423282,59.244347,asia-south,Standard_D4s_v3
2024-11-11 05:00:00,71.7799511,69.507645,asia-south,Standard_D4s_v3
2024-11-11 06:00:00,63.79940961,75.09696,asia-south,Standard_D4s_v3
2024-11-11 07:00:00,55.81886812,60.104755,asia-south,Standard_D4s_v3
2024-11-11 08:00:00,58.91340291,57.96584,asia-south,Standard_D4s_v3
2024-11-11 09:00:00,56.44335536,57.144176,asia-south,Standard_D4s_v3
2024-11-11 10:00:00,55.16307722,51.69507,asia-south,Standard_D4s_v3
2024-11-11 11:00:00,53.88279908,53.948193,asia-south,Standard_D4s_v3
2024-11-11 12:00:00,69.72928614,64.2258,asia-south,Standard_D4s_v3
2024-11-11 13:00:00,57.99838817,50.30791,asia-south,Standard_D4s_v3
2024-11-11 14:00:00,46.26749021,43.363678,asia-south,Standard_D4s_v3
2024-11-11 15:00:00,33.1347036,33.01251,asia-south,Standard_D4s_v3
2024-11-11 16:00:00,35.88491668,35.82323,asia-south,Standard_D4s_v3
2024-11-11 17:00:00,32.37999844,33.85561,asia-south,Standard_D4s_v3
2024-11-11 18:00:00,47.56320142,44.99167,asia-south,Standard_D4s_v3
2024-11-11 19:00:00,31.30562093,34.798042,asia-south,Standard_D4s_v3
2024-11-11 20:00:00,40.48564004,38.767105,asia-south,Standard_D4s_v3
2024-11-11 21:00:00,33.11693146,44.973866,asia-south,Standard_D4s_v3
2024-11-11 22:00:00,59.32963894,54.500328,asia-south,Standard_D4s_v3
2024-11-11 23:00:00,49.42159472,48.233383,asia-south,Standard_D4s_v3
2024-11-12 00:00:00,47.30427104,48.037094,asia-south,Standard_D4s_v3
2024-11-12 01:00:00,56.25745397,57.184467,asia-south,Standard_D4s_v3
2024-11-12 02:00:00,75.90642305,73.398285,asia-south,Standard_D4s_v3
2024-11-12 03:00:00,83.91864743,81.52885,asia-south,Standard_D4s_v3
2024-11-12 04:00:00,53.73931429,55.17888,asia-south,Standard_D4s_v3
2024-11-12 05:00:00,68.59441988,68.38297,asia-south,Standard_D4s_v3
2024-11-12 06:00:00,90.24297028,90.18258,asia-south,Standard_D4s_v3
2024-11-12 07:00:00,65.25823632,73.935165,asia-south,Standard_D4s_v3
2024-11-12 08:00:00,71.38470383,70.54296,asia-south,Standard_D4s_v3
2024-11-12 09:00:00,76.65267254,77.41883,asia-south,Standard_D4s_v3
2024-11-12 10:00:00,67.03344161,74.95475,asia-south,Standard_D4s_v3
2024-11-12 11:00:00,57.41421068,56.02624,asia-south,Standard_D4s_v3
2024-11-12 12:00:00,54.12520003,45.489285,asia-south,Standard_D4s_v3
2024-11-12 13:00:00,50.83618938,50.1207,asia-south,Standard_D4s_v3
2024-11-12 14:00:00,50.26289615,48.385094,asia-south,Standard_D4s_v3
2024-11-12 15:00:00,44.73373603,46.62062,asia-south,Standard_D4s_v3
2024-11-12 16:00:00,40.17772099,39.59196,asia-south,Standard_D4s_v3
2024-11-12 17:00:00,51.20685424,43.9564,asia-south,Standard_D4s_v3
2024-11-12 18:00:00,36.49237539,43.109528,asia-south,Standard_D4s_v3
2024-11-12 19:00:00,43.63291596,44.877518,asia-south,Standard_D4s_v3
2024-11-12 20:00:00,50.77345654,50.631042,asia-south,Standard_D4s_v3
2024-11-12 21:00:00,57.91399711,56.178516,asia-south,Standard_D4s_v3
2024-11-12 22:00:00,46.02856399,47.767292,asia-south,Standard_D4s_v3
2024-11-12 23:00:00,48.70452278,48.5182,asia-south,Standard_D4s_v3
2024-11-13 00:00:00,51.38048158,53.88155,asia-south,Standard_D4s_v3
2024-11-13 01:00:00,68.45715531,60.609528,asia-south,Standard_D4s_v3
2024-11-13 02:00:00,55.5298,55.83435,asia-south,Standard_D4s_v3
2024-11-13 03:00:00,53.0687328,54.867916,asia-south,Standard_D4s_v3
2024-11-13 04:00:00,56.09664958,57.509514,asia-south,Standard_D4s_v3
2024-11-13 05:00:00,46.15206799,47.966236,asia-south,Standard_D4s_v3
2024-11-13 06:00:00,72.78130869,71.11205,asia-south,Standard_D4s_v3
2024-11-13 07:00:00,68.92981569,75.11578,asia-south,Standard_D4s_v3
2024-11-13 08:00:00,66.346608,71.70725,asia-south,Standard_D4s_v3
2024-11-13 09:00:00,63.76340031,69.73322,asia-south,Standard_D4s_v3
2024-11-13 10:00:00,59.70523314,80.41901,asia-south,Standard_D4s_v3
2024-11-13 11:00:00,55.64706596,66.673256,asia-south,Standard_D4s_v3
2024-11-13 12:00:00,63.51138175,72.124306,asia-south,Standard_D4s_v3
2024-11-13 13:00:00,49.71049631,57.68524,asia-south,Standard_D4s_v3
2024-11-13 14:00:00,46.24565189,47.916138,asia-south,Standard_D4s_v3
2024-11-13 15:00:00,40.48643695,45.351,asia-south,Standard_D4s_v3
2024-11-13 16:00:00,34.72722202,36.129482,asia-south,Standard_D4s_v3
2024-11-13 17:00:00,35.31795905,31.568836,asia-south,Standard_D4s_v3
2024-11-13 18:00:00,35.90869608,36.747635,asia-south,Standard_D4s_v3
2024-11-13 19:00:00,36.49943312,37.07604,asia-south,Standard_D4s_v3
2024-11-13 20:00:00,48.13580507,46.21917,asia-south,Standard_D4s_v3
2024-11-13 21:00:00,47.03537036,45.454372,asia-south,Standard_D4s_v3
2024-11-13 22:00:00,51.33772074,37.24192,asia-south,Standard_D4s_v3
2024-11-13 23:00:00,55.64007113,54.781773,asia-south,Standard_D4s_v3
2024-11-14 00:00:00,62.18119797,55.64938,asia-south,Standard_D4s_v3
2024-11-14 01:00:00,53.92017707,55.40504,asia-south,Standard_D4s_v3
2024-11-14 02:00:00,46.97543791,55.618053,asia-south,Standard_D4s_v3
2024-11-14 03:00:00,49.00780601,48.3004,asia-south,Standard_D4s_v3
2024-11-14 04:00:00,68.24782988,61.482475,asia-south,Standard_D4s_v3
2024-11-14 05:00:00,62.16923743,61.095825,asia-south,Standard_D4s_v3
2024-11-14 06:00:00,56.09064497,66.19834,asia-south,Standard_D4s_v3
2024-11-14 07:00:00,50.01205251,53.04005,asia-south,Standard_D4s_v3
2024-11-14 08:00:00,66.41602559,65.25223,asia-south,Standard_D4s_v3
2024-11-14 09:00:00,74.24665522,69.54893,asia-south,Standard_D4s_v3
2024-11-14 10:00:00,70.81944865,67.76875,asia-south,Standard_D4s_v3
2024-11-14 11:00:00,56.32246313,61.09336,asia-south,Standard_D4s_v3
2024-11-14 12:00:00,42.74404268,55.58347,asia-south,Standard_D4s_v3
2024-11-14 13:00:00,59.05974863,57.62837,asia-south,Standard_D4s_v3
2024-11-14 14:00:00,47.74949885,47.561306,asia-south,Standard_D4s_v3
2024-11-14 15:00:00,47.14282088,42.90985,asia-south,Standard_D4s_v3
2024-11-14 16:00:00,31.08346645,33.238937,asia-south,Standard_D4s_v3
2024-11-14 17:00:00,33.55567773,33.43392,asia-south,Standard_D4s_v3
2024-11-14 18:00:00,36.5389211,38.022152,asia-south,Standard_D4s_v3
2024-11-14 19:00:00,32.24226517,34.06766,asia-south,Standard_D4s_v3
2024-11-14 20:00:00,46.4206778,43.434734,asia-south,Standard_D4s_v3
2024-11-14 21:00:00,32.63888199,33.910698,asia-south,Standard_D4s_v3
2024-11-14 22:00:00,43.66859652,31.919641,asia-south,Standard_D4s_v3
2024-11-14 23:00:00,45.62504082,45.36113,asia-south,Standard_D4s_v3
2024-11-15 00:00:00,47.58148512,48.63553,asia-south,Standard_D4s_v3
2024-11-15 01:00:00,59.38799032,61.21871,asia-south,Standard_D4s_v3
2024-11-15 02:00:00,60.91860933,60.83367,asia-south,Standard_D4s_v3
2024-11-15 03:00:00,56.34289558,63.777885,asia-south,Standard_D4s_v3
2024-11-15 04:00:00,51.76718183,61.61971,asia-south,Standard_D4s_v3
2024-11-15 05:00:00,64.09966206,69.07382,asia-south,Standard_D4s_v3
2024-11-15 06:00:00,79.31123639,78.086105,asia-south,Standard_D4s_v3
2024-11-15 07:00:00,65.24874547,68.28902,asia-south,Standard_D4s_v3
2024-11-15 08:00:00,67.36928412,66.567635,asia-south,Standard_D4s_v3
2024-11-15 09:00:00,55.64229464,58.792576,asia-south,Standard_D4s_v3
2024-11-15 10:00:00,65.6098813,68.736664,asia-south,Standard_D4s_v3
2024-11-15 11:00:00,49.82760166,52.60421,asia-south,Standard_D4s_v3
2024-11-15 12:00:00,47.72219294,48.70266,asia-south,Standard_D4s_v3
2024-11-15 13:00:00,40.7981543,43.188736,asia-south,Standard_D4s_v3
2024-11-15 14:00:00,34.47182357,36.596283,asia-south,Standard_D4s_v3
2024-11-15 15:00:00,27.18126464,28.356733,asia-south,Standard_D4s_v3
2024-11-15 16:00:00,32.44726413,33.254696,asia-south,Standard_D4s_v3
2024-11-15 17:00:00,29.03772745,31.940386,asia-south,Standard_D4s_v3
2024-11-15 18:00:00,35.69721749,34.46567,asia-south,Standard_D4s_v3
2024-11-15 19:00:00,46.97654849,44.982315,asia-south,Standard_D4s_v3
2024-11-15 20:00:00,42.47451888,42.000416,asia-south,Standard_D4s_v3
2024-11-15 21:00:00,29.00528325,28.078545,asia-south,Standard_D4s_v3
2024-11-15 22:00:00,56.03515693,53.68253,asia-south,Standard_D4s_v3
2024-11-15 23:00:00,59.48791629,55.276917,asia-south,Standard_D4s_v3
2024-11-16 00:00:00,57.42375236,57.224583,asia-south,Standard_D4s_v3
2024-11-16 01:00:00,56.79477369,65.83397,asia-south,Standard_D4s_v3
2024-11-16 02:00:00,56.16579502,57.42611,asia-south,Standard_D4s_v3
2024-11-16 03:00:00,44.28807568,46.82188,asia-south,Standard_D4s_v3
2024-11-16 04:00:00,54.94710286,51.646774,asia-south,Standard_D4s_v3
2024-11-16 05:00:00,62.27591679,62.41913,asia-south,Standard_D4s_v3
2024-11-16 06:00:00,66.41703605,71.299355,asia-south,Standard_D4s_v3
2024-11-16 07:00:00,70.55815532,67.4842,asia-south,Standard_D4s_v3
2024-11-16 08:00:00,75.31610594,75.79378,asia-south,Standard_D4s_v3
2024-11-16 09:00:00,38.69366174,44.1781,asia-south,Standard_D4s_v3
2024-11-16 10:00:00,63.83966349,58.472637,asia-south,Standard_D4s_v3
2024-11-16 11:00:00,51.43482911,51.86128,asia-south,Standard_D4s_v3
2024-11-16 12:00:00,65.11944349,62.49016,asia-south,Standard_D4s_v3
2024-11-16 13:00:00,52.96915608,52.447575,asia-south,Standard_D4s_v3
2024-11-16 14:00:00,54.486474,51.124317,asia-south,Standard_D4s_v3
2024-11-16 15:00:00,46.0244396,45.677456,asia-south,Standard_D4s_v3
2024-11-16 16:00:00,38.98407484,37.877647,asia-south,Standard_D4s_v3
2024-11-16 17:00:00,35.12866867,40.781975,asia-south,Standard_D4s_v3
2024-11-16 18:00:00,49.62115952,47.780994,asia-south,Standard_D4s_v3
2024-11-16 19:00:00,37.74765526,40.499157,asia-south,Standard_D4s_v3
2024-11-16 20:00:00,45.78767342,42.87705,asia-south,Standard_D4s_v3
2024-11-16 21:00:00,40.93410969,38.844856,asia-south,Standard_D4s_v3
2024-11-16 22:00:00,36.08054596,39.906876,asia-south,Standard_D4s_v3
2024-11-16 23:00:00,43.9971006,43.029507,asia-south,Standard_D4s_v3
2024-11-17 00:00:00,53.61155543,53.773132,asia-south,Standard_D4s_v3
2024-11-17 01:00:00,52.36248987,71.127,asia-south,Standard_D4s_v3
2024-11-17 02:00:00,51.11342431,55.570065,asia-south,Standard_D4s_v3
2024-11-17 03:00:00,40.28966527,42.831818,asia-south,Standard_D4s_v3
2024-11-17 04:00:00,62.31046792,59.841236,asia-south,Standard_D4s_v3
2024-11-17 05:00:00,62.36691642,65.49043,asia-south,Standard_D4s_v3
2024-11-17 06:00:00,62.42336492,63.830536,asia-south,Standard_D4s_v3
2024-11-17 07:00:00,62.71601147,63.19914,asia-south,Standard_D4s_v3
2024-11-17 08:00:00,63.91747656,65.11972,asia-south,Standard_D4s_v3
2024-11-17 09:00:00,69.94425389,62.58981,asia-south,Standard_D4s_v3
2024-11-17 10:00:00,51.5469905,58.999264,asia-south,Standard_D4s_v3
2024-11-17 11:00:00,66.21694511,63.578777,asia-south,Standard_D4s_v3
2024-11-17 12:00:00,55.05240947,56.62975,asia-south,Standard_D4s_v3
2024-11-17 13:00:00,51.0744245,50.606922,asia-south,Standard_D4s_v3
2024-11-17 14:00:00,38.93962407,40.76963,asia-south,Standard_D4s_v3
2024-11-17 15:00:00,43.5010677,43.715458,asia-south,Standard_D4s_v3
2024-11-17 16:00:00,39.07436781,39.273922,asia-south,Standard_D4s_v3
2024-11-17 17:00:00,39.19496205,38.909294,asia-south,Standard_D4s_v3
2024-11-17 18:00:00,42.003835,42.004837,asia-south,Standard_D4s_v3
2024-11-17 19:00:00,42.13630025,41.327576,asia-south,Standard_D4s_v3
2024-11-17 20:00:00,36.11511075,36.616695,asia-south,Standard_D4s_v3
2024-11-17 21:00:00,31.04381852,32.532436,asia-south,Standard_D4s_v3
2024-11-17 22:00:00,36.90503534,36.525375,asia-south,Standard_D4s_v3
2024-11-17 23:00:00,39.2227657,39.78551,asia-south,Standard_D4s_v3
2024-11-18 00:00:00,57.78052177,55.758236,asia-south,Standard_D4s_v3
2024-11-18 01:00:00,58.77428942,58.90434,asia-south,Standard_D4s_v3
2024-11-18 02:00:00,79.74802135,71.69469,asia-south,Standard_D4s_v3
2024-11-18 03:00:00,73.77850251,71.25746,asia-south,Standard_D4s_v3
2024-11-18 04:00:00,60.8508014,61.509037,asia-south,Standard_D4s_v3
2024-11-18 05:00:00,47.79051432,62.14366,asia-south,Standard_D4s_v3
2024-11-18 06:00:00,74.69021305,73.276405,asia-south,Standard_D4s_v3
2024-11-18 07:00:00,68.26732317,65.5157,asia-south,Standard_D4s_v3
2024-11-18 08:00:00,61.83650608,47.24144,asia-south,Standard_D4s_v3
2024-11-18 09:00:00,71.13294795,65.36532,asia-south,Standard_D4s_v3
2024-11-18 10:00:00,39.02143829,42.761433,asia-south,Standard_D4s_v3
2024-11-18 11:00:00,39.8715191,58.99473,asia-south,Standard_D4s_v3
2024-11-18 12:00:00,40.72159991,42.345833,asia-south,Standard_D4s_v3
2024-11-18 13:00:00,56.43784415,55.363235,asia-south,Standard_D4s_v3
2024-11-18 14:00:00,24.10903263,34.788494,asia-south,Standard_D4s_v3
2024-11-18 15:00:00,36.96855585,35.274883,asia-south,Standard_D4s_v3
2024-11-18 16:00:00,39.12691302,38.90026,asia-south,Standard_D4s_v3
2024-11-18 17:00:00,38.77018986,38.368023,asia-south,Standard_D4s_v3
2024-11-18 18:00:00,39.47249179,36.865482,asia-south,Standard_D4s_v3
2024-11-18 19:00:00,28.68788228,30.065687,asia-south,Standard_D4s_v3
2024-11-18 20:00:00,26.72840459,28.499508,asia-south,Standard_D4s_v3
2024-11-18 21:00:00,45.34571725,39.744015,asia-south,Standard_D4s_v3
2024-11-18 22:00:00,43.29895171,42.839645,asia-south,Standard_D4s_v3
2024-11-18 23:00:00,49.59695441,43.42065,asia-south,Standard_D4s_v3
2024-11-19 00:00:00,49.48580336,50.122864,asia-south,Standard_D4s_v3
2024-11-19 01:00:00,55.7689828,53.59099,asia-south,Standard_D4s_v3
2024-11-19 02:00:00,40.32014024,59.540573,asia-south,Standard_D4s_v3
2024-11-19 03:00:00,65.14064876,61.866547,asia-south,Standard_D4s_v3
2024-11-19 04:00:00,72.18870109,64.41956,asia-south,Standard_D4s_v3
2024-11-19 05:00:00,70.30192115,70.29707,asia-south,Standard_D4s_v3
2024-11-19 06:00:00,78.48149104,68.61832,asia-south,Standard_D4s_v3
2024-11-19 07:00:00,36.55528695,46.17734,asia-south,Standard_D4s_v3
2024-11-19 08:00:00,46.66669668,46.732708,asia-south,Standard_D4s_v3
2024-11-19 09:00:00,50.08457358,61.06774,asia-south,Standard_D4s_v3
2024-11-19 10:00:00,53.50245049,55.226967,asia-south,Standard_D4s_v3
2024-11-19 11:00:00,45.76468188,45.172493,asia-south,Standard_D4s_v3
2024-11-19 12:00:00,56.67939729,53.58276,asia-south,Standard_D4s_v3
2024-11-19 13:00:00,33.60419449,42.426792,asia-south,Standard_D4s_v3
2024-11-19 14:00:00,58.54754636,55.95528,asia-south,Standard_D4s_v3
2024-11-19 15:00:00,35.62258252,38.573074,asia-south,Standard_D4s_v3
2024-11-19 16:00:00,35.0303297,35.60951,asia-south,Standard_D4s_v3
2024-11-19 17:00:00,40.90815713,38.520103,asia-south,Standard_D4s_v3
2024-11-19 18:00:00,39.26676914,37.87632,asia-south,Standard_D4s_v3
2024-11-19 19:00:00,34.49449843,28.418833,asia-south,Standard_D4s_v3
2024-11-19 20:00:00,29.72222772,31.209858,asia-south,Standard_D4s_v3
2024-11-19 21:00:00,36.60509112,37.107773,asia-south,Standard_D4s_v3
2024-11-19 22:00:00,44.54407026,42.79037,asia-south,Standard_D4s_v3
2024-11-19 23:00:00,58.78223692,38.207832,asia-south,Standard_D4s_v3
2024-11-20 00:00:00,73.02040358,63.251972,asia-south,Standard_D4s_v3
2024-11-20 01:00:00,44.0329364,53.99885,asia-south,Standard_D4s_v3
2024-11-20 02:00:00,62.06258299,61.00062,asia-south,Standard_D4s_v3
2024-11-20 03:00:00,49.34825812,50.242744,asia-south,Standard_D4s_v3
2024-11-20 04:00:00,76.45234311,74.252014,asia-south,Standard_D4s_v3
2024-11-20 05:00:00,66.6004249,67.35267,asia-south,Standard_D4s_v3
2024-11-20 06:00:00,44.38603429,64.017365,asia-south,Standard_D4s_v3
2024-11-20 07:00:00,76.45606177,68.14182,asia-south,Standard_D4s_v3
2024-11-20 08:00:00,93.48208822,84.10058,asia-south,Standard_D4s_v3
2024-11-20 09:00:00,57.22799392,58.931416,asia-south,Standard_D4s_v3
2024-11-20 10:00:00,76.04319385,73.656586,asia-south,Standard_D4s_v3
2024-11-20 11:00:00,69.76976003,61.37545,asia-south,Standard_D4s_v3
2024-11-20 12:00:00,20.31216283,36.923107,asia-south,Standard_D4s_v3
2024-11-20 13:00:00,39.45827782,48.677704,asia-south,Standard_D4s_v3
2024-11-20 14:00:00,58.60439281,49.849346,asia-south,Standard_D4s_v3
2024-11-20 15:00:00,49.27906985,38.970474,asia-south,Standard_D4s_v3
2024-11-20 16:00:00,39.95374689,42.879627,asia-south,Standard_D4s_v3
2024-11-20 17:00:00,31.19140252,32.660812,asia-south,Standard_D4s_v3
2024-11-20 18:00:00,25.12156667,26.973715,asia-south,Standard_D4s_v3
2024-11-20 19:00:00,32.62001242,33.486046,asia-south,Standard_D4s_v3
2024-11-20 20:00:00,40.11845818,36.616978,asia-south,Standard_D4s_v3
2024-11-20 21:00:00,47.20429201,39.618477,asia-south,Standard_D4s_v3
2024-11-20 22:00:00,29.50502953,33.116093,asia-south,Standard_D4s_v3
2024-11-20 23:00:00,44.18339196,40.931717,asia-south,Standard_D4s_v3
2024-11-21 00:00:00,50.26382241,51.283726,asia-south,Standard_D4s_v3
2024-11-21 01:00:00,45.28917294,65.60023,asia-south,Standard_D4s_v3
2024-11-21 02:00:00,40.31452347,42.754932,asia-south,Standard_D4s_v3
2024-11-21 03:00:00,75.49960692,73.049576,asia-south,Standard_D4s_v3
2024-11-21 04:00:00,62.66761563,81.721794,asia-south,Standard_D4s_v3
2024-11-21 05:00:00,49.83562435,63.86378,asia-south,Standard_D4s_v3
2024-11-21 06:00:00,59.90780184,69.3383,asia-south,Standard_D4s_v3
2024-11-21 07:00:00,69.97997934,66.889175,asia-south,Standard_D4s_v3
2024-11-21 08:00:00,62.76292623,63.983967,asia-south,Standard_D4s_v3
2024-11-21 09:00:00,70.42814035,67.073494,asia-south,Standard_D4s_v3
2024-11-21 10:00:00,57.7442363,68.98567,asia-south,Standard_D4s_v3
2024-11-21 11:00:00,54.52917345,52.05606,asia-south,Standard_D4s_v3
2024-11-21 12:00:00,48.37970251,46.27063,asia-south,Standard_D4s_v3
2024-11-21 13:00:00,42.23023157,46.70444,asia-south,Standard_D4s_v3
2024-11-21 14:00:00,42.15139579,49.458744,asia-south,Standard_D4s_v3
2024-11-21 15:00:00,42.07256001,42.159954,asia-south,Standard_D4s_v3
2024-11-21 16:00:00,37.26928667,38.336613,asia-south,Standard_D4s_v3
2024-11-21 17:00:00,32.69945003,32.12497,asia-south,Standard_D4s_v3
2024-11-21 18:00:00,39.89946715,37.35054,asia-south,Standard_D4s_v3
2024-11-21 19:00:00,31.63194746,34.495888,asia-south,Standard_D4s_v3
2024-11-21 20:00:00,39.08934075,36.59584,asia-south,Standard_D4s_v3
2024-11-21 21:00:00,46.54673405,44.77669,asia-south,Standard_D4s_v3
2024-11-21 22:00:00,29.60727711,28.664557,asia-south,Standard_D4s_v3
2024-11-21 23:00:00,55.59793456,52.662235,asia-south,Standard_D4s_v3
2024-11-22 00:00:00,47.02079849,58.91612,asia-south,Standard_D4s_v3
2024-11-22 01:00:00,67.33296049,65.755585,asia-south,Standard_D4s_v3
2024-11-22 02:00:00,65.83985061,37.84349,asia-south,Standard_D4s_v3
2024-11-22 03:00:00,64.34674072,64.589935,asia-south,Standard_D4s_v3
2024-11-22 04:00:00,65.37782581,62.650314,asia-south,Standard_D4s_v3
2024-11-22 05:00:00,66.40891091,66.91857,asia-south,Standard_D4s_v3
2024-11-22 06:00:00,60.90498264,63.372395,asia-south,Standard_D4s_v3
2024-11-22 07:00:00,53.51618128,55.896297,asia-south,Standard_D4s_v3
2024-11-22 08:00:00,81.52116272,72.71945,asia-south,Standard_D4s_v3
2024-11-22 09:00:00,64.55387577,66.12834,asia-south,Standard_D4s_v3
2024-11-22 10:00:00,55.53815313,57.621384,asia-south,Standard_D4s_v3
2024-11-22 11:00:00,52.77707834,52.833828,asia-south,Standard_D4s_v3
2024-11-22 12:00:00,50.01600356,56.381695,asia-south,Standard_D4s_v3
2024-11-22 13:00:00,47.25492878,49.935333,asia-south,Standard_D4s_v3
2024-11-22 14:00:00,44.493854,45.66483,asia-south,Standard_D4s_v3
2024-11-22 15:00:00,36.47680917,36.252827,asia-south,Standard_D4s_v3
2024-11-22 16:00:00,32.56141586,32.904057,asia-south,Standard_D4s_v3
2024-11-22 17:00:00,51.38375747,42.51335,asia-south,Standard_D4s_v3
2024-11-22 18:00:00,27.60253055,44.89331,asia-south,Standard_D4s_v3
2024-11-22 19:00:00,30.19420627,45.37761,asia-south,Standard_D4s_v3
2024-11-22 20:00:00,32.78588199,33.132618,asia-south,Standard_D4s_v3
2024-11-22 21:00:00,37.18582067,48.79419,asia-south,Standard_D4s_v3
2024-11-22 22:00:00,41.58575935,41.30982,asia-south,Standard_D4s_v3
2024-11-22 23:00:00,32.58116737,30.798729,asia-south,Standard_D4s_v3
2024-11-23 00:00:00,58.29019032,56.520645,asia-south,Standard_D4s_v3
2024-11-23 01:00:00,63.39783179,61.897434,asia-south,Standard_D4s_v3
2024-11-23 02:00:00,68.50547327,65.59244,asia-south,Standard_D4s_v3
2024-11-23 03:00:00,73.61311474,71.19717,asia-south,Standard_D4s_v3
2024-11-23 04:00:00,69.76660313,61.241028,asia-south,Standard_D4s_v3
2024-11-23 05:00:00,65.92009153,65.25131,asia-south,Standard_D4s_v3
2024-11-23 06:00:00,62.07357992,61.2957,asia-south,Standard_D4s_v3
2024-11-23 07:00:00,95.14592521,93.842255,asia-south,Standard_D4s_v3
2024-11-23 08:00:00,86.89624701,78.92238,asia-south,Standard_D4s_v3
2024-11-23 09:00:00,65.48813688,65.78897,asia-south,Standard_D4s_v3
2024-11-23 10:00:00,60.56478708,62.09822,asia-south,Standard_D4s_v3
2024-11-23 11:00:00,53.88149474,56.493763,asia-south,Standard_D4s_v3
2024-11-23 12:00:00,47.19820239,51.222954,asia-south,Standard_D4s_v3
2024-11-23 13:00:00,55.62422889,53.97501,asia-south,Standard_D4s_v3
2024-11-23 14:00:00,28.02217569,37.73132,asia-south,Standard_D4s_v3
2024-11-23 15:00:00,46.70656057,44.82642,asia-south,Standard_D4s_v3
2024-11-23 16:00:00,43.26740687,42.395782,asia-south,Standard_D4s_v3
2024-11-23 17:00:00,43.31044447,43.23823,asia-south,Standard_D4s_v3
2024-11-23 18:00:00,31.53469317,34.52003,asia-south,Standard_D4s_v3
2024-11-23 19:00:00,30.58524697,31.416643,asia-south,Standard_D4s_v3
2024-11-23 20:00:00,30.84325913,29.52818,asia-south,Standard_D4s_v3
2024-11-23 21:00:00,31.10127129,33.338215,asia-south,Standard_D4s_v3
2024-11-23 22:00:00,30.11038421,29.427452,asia-south,Standard_D4s_v3
2024-11-23 23:00:00,53.7480425,47.842163,asia-south,Standard_D4s_v3
2024-11-24 00:00:00,56.26972389,56.846928,asia-south,Standard_D4s_v3
2024-11-24 01:00:00,59.29863269,61.76341,asia-south,Standard_D4s_v3
2024-11-24 02:00:00,60.30200299,73.87112,asia-south,Standard_D4s_v3
2024-11-24 03:00:00,61.30537329,64.12418,asia-south,Standard_D4s_v3
2024-11-24 04:00:00,62.3087436,64.18678,asia-south,Standard_D4s_v3
2024-11-24 05:00:00,75.84237281,74.34652,asia-south,Standard_D4s_v3
2024-11-24 06:00:00,59.74976359,62.11145,asia-south,Standard_D4s_v3
2024-11-24 07:00:00,73.33197211,72.55342,asia-south,Standard_D4s_v3
2024-11-24 08:00:00,74.54139196,73.04331,asia-south,Standard_D4s_v3
2024-11-24 09:00:00,77.15120804,76.64611,asia-south,Standard_D4s_v3
2024-11-24 10:00:00,44.1347655,47.86957,asia-south,Standard_D4s_v3
2024-11-24 11:00:00,46.86165929,47.72078,asia-south,Standard_D4s_v3
2024-11-24 12:00:00,49.99473361,55.92874,asia-south,Standard_D4s_v3
2024-11-24 13:00:00,44.94743714,43.826435,asia-south,Standard_D4s_v3
2024-11-24 14:00:00,46.67148805,46.07096,asia-south,Standard_D4s_v3
2024-11-24 15:00:00,33.48422792,34.292618,asia-south,Standard_D4s_v3
2024-11-24 16:00:00,25.76000306,26.91222,asia-south,Standard_D4s_v3
2024-11-24 17:00:00,46.60115458,37.655502,asia-south,Standard_D4s_v3
2024-11-24 18:00:00,47.60962843,29.370188,asia-south,Standard_D4s_v3
2024-11-24 19:00:00,48.61810227,47.00226,asia-south,Standard_D4s_v3
2024-11-24 20:00:00,36.9573055,44.32524,asia-south,Standard_D4s_v3
2024-11-24 21:00:00,33.93732189,32.66426,asia-south,Standard_D4s_v3
2024-11-24 22:00:00,42.45917113,41.57644,asia-south,Standard_D4s_v3
2024-11-24 23:00:00,42.32077137,42.066605,asia-south,Standard_D4s_v3
2024-11-25 00:00:00,56.98498495,54.48145,asia-south,Standard_D4s_v3
2024-11-25 01:00:00,60.21231449,58.835957,asia-south,Standard_D4s_v3
2024-11-25 02:00:00,65.32471914,63.293526,asia-south,Standard_D4s_v3
2024-11-25 03:00:00,78.7490487,58.358078,asia-south,Standard_D4s_v3
2024-11-25 04:00:00,92.17337825,94.576004,asia-south,Standard_D4s_v3
2024-11-25 05:00:00,60.9506446,62.20414,asia-south,Standard_D4s_v3
2024-11-25 06:00:00,67.11955335,64.73913,asia-south,Standard_D4s_v3
2024-11-25 07:00:00,73.28846211,68.465294,asia-south,Standard_D4s_v3
2024-11-25 08:00:00,51.66503269,57.497974,asia-south,Standard_D4s_v3
2024-11-25 09:00:00,48.77516517,58.927715,asia-south,Standard_D4s_v3
2024-11-25 10:00:00,45.88529765,48.22079,asia-south,Standard_D4s_v3
2024-11-25 11:00:00,76.89270783,70.67294,asia-south,Standard_D4s_v3
2024-11-25 12:00:00,62.71413524,61.590927,asia-south,Standard_D4s_v3
2024-11-25 13:00:00,36.94769451,39.886948,asia-south,Standard_D4s_v3
2024-11-25 14:00:00,38.2624269,39.20362,asia-south,Standard_D4s_v3
2024-11-25 15:00:00,35.89456167,37.634663,asia-south,Standard_D4s_v3
2024-11-25 16:00:00,49.64243138,48.115417,asia-south,Standard_D4s_v3
2024-11-25 17:00:00,32.34982921,39.167908,asia-south,Standard_D4s_v3
2024-11-25 18:00:00,34.77293368,30.888195,asia-south,Standard_D4s_v3
2024-11-25 19:00:00,37.19603815,36.898476,asia-south,Standard_D4s_v3
2024-11-25 20:00:00,46.30667372,44.804066,asia-south,Standard_D4s_v3
2024-11-25 21:00:00,34.77882157,36.27814,asia-south,Standard_D4s_v3
2024-11-25 22:00:00,43.22684837,42.94188,asia-south,Standard_D4s_v3
2024-11-25 23:00:00,46.42146738,37.535748,asia-south,Standard_D4s_v3
2024-11-26 00:00:00,49.61608638,51.572826,asia-south,Standard_D4s_v3
2024-11-26 01:00:00,34.32419569,41.481594,asia-south,Standard_D4s_v3
2024-11-26 02:00:00,42.57857706,66.8054,asia-south,Standard_D4s_v3
2024-11-26 03:00:00,50.83295843,49.32535,asia-south,Standard_D4s_v3
2024-11-26 04:00:00,51.44890116,53.922382,asia-south,Standard_D4s_v3
2024-11-26 05:00:00,71.46459336,70.06765,asia-south,Standard_D4s_v3
2024-11-26 06:00:00,76.09909956,76.11885,asia-south,Standard_D4s_v3
2024-11-26 07:00:00,89.65754821,83.44487,asia-south,Standard_D4s_v3
2024-11-26 08:00:00,74.47015841,72.26686,asia-south,Standard_D4s_v3
2024-11-26 09:00:00,54.56085495,60.45207,asia-south,Standard_D4s_v3
2024-11-26 10:00:00,84.94089189,79.71573,asia-south,Standard_D4s_v3
2024-11-26 11:00:00,47.39405987,56.859474,asia-south,Standard_D4s_v3
2024-11-26 12:00:00,50.27623119,51.067383,asia-south,Standard_D4s_v3
2024-11-26 13:00:00,67.98900821,41.690998,asia-south,Standard_D4s_v3
2024-11-26 14:00:00,27.58411714,36.693783,asia-south,Standard_D4s_v3
2024-11-26 15:00:00,42.61325604,41.157524,asia-south,Standard_D4s_v3
2024-11-26 16:00:00,45.96684338,45.257412,asia-south,Standard_D4s_v3
2024-11-26 17:00:00,56.47671975,54.77609,asia-south,Standard_D4s_v3
2024-11-26 18:00:00,32.4919878,36.018593,asia-south,Standard_D4s_v3
2024-11-26 19:00:00,41.90236813,39.728943,asia-south,Standard_D4s_v3
2024-11-26 20:00:00,36.27095892,38.613907,asia-south,Standard_D4s_v3
2024-11-26 21:00:00,47.99706142,45.300602,asia-south,Standard_D4s_v3
2024-11-26 22:00:00,44.2072431,43.8782,asia-south,Standard_D4s_v3
2024-11-26 23:00:00,47.46984004,54.980667,asia-south,Standard_D4s_v3
2024-11-27 00:00:00,50.73243698,56.186054,asia-south,Standard_D4s_v3
2024-11-27 01:00:00,59.44348258,59.44977,asia-south,Standard_D4s_v3
2024-11-27 02:00:00,56.967482,57.10309,asia-south,Standard_D4s_v3
2024-11-27 03:00:00,46.23773017,49.433064,asia-south,Standard_D4s_v3
2024-11-27 04:00:00,70.20397344,69.034485,asia-south,Standard_D4s_v3
2024-11-27 05:00:00,63.18364771,63.900852,asia-south,Standard_D4s_v3
2024-11-27 06:00:00,78.05970876,76.96758,asia-south,Standard_D4s_v3
2024-11-27 07:00:00,76.24282672,79.23634,asia-south,Standard_D4s_v3
2024-11-27 08:00:00,72.17248922,79.96894,asia-south,Standard_D4s_v3
2024-11-27 09:00:00,68.10215172,70.873436,asia-south,Standard_D4s_v3
2024-11-27 10:00:00,64.03181423,64.0578,asia-south,Standard_D4s_v3
2024-11-27 11:00:00,54.24746528,50.425236,asia-south,Standard_D4s_v3
2024-11-27 12:00:00,37.51788524,43.43092,asia-south,Standard_D4s_v3
2024-11-27 13:00:00,36.74972947,57.614574,asia-south,Standard_D4s_v3
2024-11-27 14:00:00,35.9815737,46.691566,asia-south,Standard_D4s_v3
2024-11-27 15:00:00,34.86526936,49.508156,asia-south,Standard_D4s_v3
2024-11-27 16:00:00,33.74896502,33.53313,asia-south,Standard_D4s_v3
2024-11-27 17:00:00,35.79067795,32.71709,asia-south,Standard_D4s_v3
2024-11-27 18:00:00,37.83239089,34.689182,asia-south,Standard_D4s_v3
2024-11-27 19:00:00,25.38261739,27.241484,asia-south,Standard_D4s_v3
2024-11-27 20:00:00,45.88992495,43.250328,asia-south,Standard_D4s_v3
2024-11-27 21:00:00,38.6295162,41.91325,asia-south,Standard_D4s_v3
2024-11-27 22:00:00,31.36910745,36.562782,asia-south,Standard_D4s_v3
2024-11-27 23:00:00,66.42571138,56.596836,asia-south,Standard_D4s_v3
2024-11-28 00:00:00,40.7730107,45.107967,asia-south,Standard_D4s_v3
2024-11-28 01:00:00,43.02426829,44.75046,asia-south,Standard_D4s_v3
2024-11-28 02:00:00,54.72846668,57.567215,asia-south,Standard_D4s_v3
2024-11-28 03:00:00,65.15552782,64.10569,asia-south,Standard_D4s_v3
2024-11-28 04:00:00,62.59346384,64.96312,asia-south,Standard_D4s_v3
2024-11-28 05:00:00,59.03064783,61.15055,asia-south,Standard_D4s_v3
2024-11-28 06:00:00,61.82458559,61.38067,asia-south,Standard_D4s_v3
2024-11-28 07:00:00,63.85890828,64.37155,asia-south,Standard_D4s_v3
2024-11-28 08:00:00,75.85117176,73.38852,asia-south,Standard_D4s_v3
2024-11-28 09:00:00,55.52059324,57.463165,asia-south,Standard_D4s_v3
2024-11-28 10:00:00,56.8663654,52.49878,asia-south,Standard_D4s_v3
2024-11-28 11:00:00,66.00770102,57.590828,asia-south,Standard_D4s_v3
2024-11-28 12:00:00,75.14903664,50.10092,asia-south,Standard_D4s_v3
2024-11-28 13:00:00,35.61370449,38.727783,asia-south,Standard_D4s_v3
2024-11-28 14:00:00,38.56482615,38.205414,asia-south,Standard_D4s_v3
2024-11-28 15:00:00,43.52116869,42.487156,asia-south,Standard_D4s_v3
2024-11-28 16:00:00,51.10065487,47.915615,asia-south,Standard_D4s_v3
2024-11-28 17:00:00,33.07637586,36.274776,asia-south,Standard_D4s_v3
2024-11-28 18:00:00,43.48941126,36.49783,asia-south,Standard_D4s_v3
2024-11-28 19:00:00,28.48267197,31.03501,asia-south,Standard_D4s_v3
2024-11-28 20:00:00,22.43193355,26.14208,asia-south,Standard_D4s_v3
2024-11-28 21:00:00,46.25871754,42.211464,asia-south,Standard_D4s_v3
2024-11-28 22:00:00,45.25504471,45.032772,asia-south,Standard_D4s_v3
2024-11-28 23:00:00,42.80736355,35.771675,asia-south,Standard_D4s_v3
2024-11-29 00:00:00,40.35968239,47.600746,asia-south,Standard_D4s_v3
2024-11-29 01:00:00,62.82380061,59.532955,asia-south,Standard_D4s_v3
2024-11-29 02:00:00,70.40207842,69.33399,asia-south,Standard_D4s_v3
2024-11-29 03:00:00,66.76779526,66.98583,asia-south,Standard_D4s_v3
2024-11-29 04:00:00,65.65169847,56.08409,asia-south,Standard_D4s_v3
2024-11-29 05:00:00,64.53560168,60.056427,asia-south,Standard_D4s_v3
2024-11-29 06:00:00,65.09007365,66.35576,asia-south,Standard_D4s_v3
2024-11-29 07:00:00,65.44653843,45.62059,asia-south,Standard_D4s_v3
2024-11-29 08:00:00,65.8030032,66.050545,asia-south,Standard_D4s_v3
2024-11-29 09:00:00,80.16121195,78.98679,asia-south,Standard_D4s_v3
2024-11-29 10:00:00,78.18943685,67.50047,asia-south,Standard_D4s_v3
2024-11-29 11:00:00,76.21766176,62.124077,asia-south,Standard_D4s_v3
2024-11-29 12:00:00,74.24588666,71.090454,asia-south,Standard_D4s_v3
2024-11-29 13:00:00,27.11299862,33.81316,asia-south,Standard_D4s_v3
2024-11-29 14:00:00,28.29615415,49.9581,asia-south,Standard_D4s_v3
2024-11-29 15:00:00,29.47930968,32.51331,asia-south,Standard_D4s_v3
2024-11-29 16:00:00,41.77551278,38.99126,asia-south,Standard_D4s_v3
2024-11-29 17:00:00,39.95684683,31.374298,asia-south,Standard_D4s_v3
2024-11-29 18:00:00,38.13818088,23.132414,asia-south,Standard_D4s_v3
2024-11-29 19:00:00,36.31951493,37.07444,asia-south,Standard_D4s_v3
2024-11-29 20:00:00,33.03018906,32.74674,asia-south,Standard_D4s_v3
2024-11-29 21:00:00,39.02922838,42.553566,asia-south,Standard_D4s_v3
2024-11-29 22:00:00,45.0282677,45.253212,asia-south,Standard_D4s_v3
2024-11-29 23:00:00,44.00558177,44.95494,asia-south,Standard_D4s_v3
2024-11-30 00:00:00,47.79434266,48.113537,asia-south,Standard_D4s_v3
2024-11-30 01:00:00,51.58310356,51.02532,asia-south,Standard_D4s_v3
2024-11-30 02:00:00,55.37186446,54.109924,asia-south,Standard_D4s_v3
2024-11-30 03:00:00,58.34396934,60.789593,asia-south,Standard_D4s_v3
2024-11-30 04:00:00,61.31607422,62.156704,asia-south,Standard_D4s_v3
2024-11-30 05:00:00,61.1946692,60.365128,asia-south,Standard_D4s_v3
2024-11-30 06:00:00,56.33133318,57.65438,asia-south,Standard_D4s_v3
2024-11-30 07:00:00,42.1524008,53.299973,asia-south,Standard_D4s_v3
2024-11-30 08:00:00,79.30828134,73.433716,asia-south,Standard_D4s_v3
2024-11-30 09:00:00,44.08427956,45.751526,asia-south,Standard_D4s_v3
2024-11-30 10:00:00,47.09555155,66.979095,asia-south,Standard_D4s_v3
2024-11-30 11:00:00,50.10682353,53.214306,asia-south,Standard_D4s_v3
2024-11-30 12:00:00,31.68486797,36.878277,asia-south,Standard_D4s_v3
2024-11-30 13:00:00,46.05505248,42.469025,asia-south,Standard_D4s_v3
2024-11-30 14:00:00,43.3709418,43.66862,asia-south,Standard_D4s_v3
2024-11-30 15:00:00,49.76210201,47.338272,asia-south,Standard_D4s_v3
2024-11-30 16:00:00,39.75049565,41.59571,asia-south,Standard_D4s_v3
2024-11-30 17:00:00,35.52112403,36.04076,asia-south,Standard_D4s_v3
2024-11-30 18:00:00,33.4067654,32.539116,asia-south,Standard_D4s_v3
2024-11-30 19:00:00,31.22380488,32.334682,asia-south,Standard_D4s_v3
2024-11-30 20:00:00,19.15933991,22.806183,asia-south,Standard_D4s_v3
2024-11-30 21:00:00,30.61783304,30.251467,asia-south,Standard_D4s_v3
2024-11-30 22:00:00,37.37537669,40.345135,asia-south,Standard_D4s_v3
2024-11-30 23:00:00,70.06707209,65.95512,asia-south,Standard_D4s_v3
2024-12-01 00:00:00,61.08003024,60.424088,asia-south,Standard_D4s_v3
2024-12-01 01:00:00,70.06953909,47.883053,asia-south,Standard_D4s_v3
2024-12-01 02:00:00,56.46344858,59.586266,asia-south,Standard_D4s_v3
2024-12-01 03:00:00,65.47684602,64.422264,asia-south,Standard_D4s_v3
2024-12-01 04:00:00,80.66449367,73.175934,asia-south,Standard_D4s_v3
2024-12-01 05:00:00,75.70399331,72.74061,asia-south,Standard_D4s_v3
2024-12-01 06:00:00,80.00894017,77.15869,asia-south,Standard_D4s_v3
2024-12-01 07:00:00,84.82971106,63.057632,asia-south,Standard_D4s_v3
2024-12-01 08:00:00,89.65048195,71.29389,asia-south,Standard_D4s_v3
2024-12-01 09:00:00,78.89387386,79.9554,asia-south,Standard_D4s_v3
2024-12-01 10:00:00,70.09379853,77.57108,asia-south,Standard_D4s_v3
2024-12-01 11:00:00,61.29372319,60.948868,asia-south,Standard_D4s_v3
2024-12-01 12:00:00,64.77243721,59.11065,asia-south,Standard_D4s_v3
2024-12-01 13:00:00,68.25115123,57.796066,asia-south,Standard_D4s_v3
2024-12-01 14:00:00,71.72986525,71.69475,asia-south,Standard_D4s_v3
2024-12-01 15:00:00,56.8154878,55.526176,asia-south,Standard_D4s_v3
2024-12-01 16:00:00,39.74153301,43.02402,asia-south,Standard_D4s_v3
2024-12-01 17:00:00,37.59855966,37.09725,asia-south,Standard_D4s_v3
2024-12-01 18:00:00,55.54202583,45.581814,asia-south,Standard_D4s_v3
2024-12-01 19:00:00,45.69434791,41.094963,asia-south,Standard_D4s_v3
2024-12-01 20:00:00,35.84666999,35.045113,asia-south,Standard_D4s_v3
2024-12-01 21:00:00,42.20708618,42.937553,asia-south,Standard_D4s_v3
2024-12-01 22:00:00,29.96156418,32.068825,asia-south,Standard_D4s_v3
2024-12-01 23:00:00,54.68543478,54.109566,asia-south,Standard_D4s_v3
2024-12-02 00:00:00,75.04442497,73.27604,asia-south,Standard_D4s_v3
2024-12-02 01:00:00,68.51631783,69.01436,asia-south,Standard_D4s_v3
2024-12-02 02:00:00,73.59044307,74.70008,asia-south,Standard_D4s_v3
2024-12-02 03:00:00,84.19444182,76.16431,asia-south,Standard_D4s_v3
2024-12-02 04:00:00,69.14808598,69.859344,asia-south,Standard_D4s_v3
2024-12-02 05:00:00,95.26256032,97.390785,asia-south,Standard_D4s_v3
2024-12-02 06:00:00,91.10256188,95.054184,asia-south,Standard_D4s_v3
2024-12-02 07:00:00,86.94256343,84.390434,asia-south,Standard_D4s_v3
2024-12-02 08:00:00,60.70536096,61.634445,asia-south,Standard_D4s_v3
2024-12-02 09:00:00,75.46348185,68.229324,asia-south,Standard_D4s_v3
2024-12-02 10:00:00,68.69359023,70.25639,asia-south,Standard_D4s_v3
2024-12-02 11:00:00,49.04406239,51.45242,asia-south,Standard_D4s_v3
2024-12-02 12:00:00,55.15353802,56.822292,asia-south,Standard_D4s_v3
2024-12-02 13:00:00,70.83931832,70.06664,asia-south,Standard_D4s_v3
2024-12-02 14:00:00,53.38241,57.280903,asia-south,Standard_D4s_v3
2024-12-02 15:00:00,35.92550169,49.279816,asia-south,Standard_D4s_v3
2024-12-02 16:00:00,39.15990966,44.978203,asia-south,Standard_D4s_v3
2024-12-02 17:00:00,46.40736352,47.966267,asia-south,Standard_D4s_v3
2024-12-02 18:00:00,41.75274223,42.34132,asia-south,Standard_D4s_v3
2024-12-02 19:00:00,40.20111957,41.151253,asia-south,Standard_D4s_v3
2024-12-02 20:00:00,38.64949691,38.260246,asia-south,Standard_D4s_v3
2024-12-02 21:00:00,23.87308295,27.81706,asia-south,Standard_D4s_v3
2024-12-02 22:00:00,35.48481429,37.75465,asia-south,Standard_D4s_v3
2024-12-02 23:00:00,50.32265651,47.66116,asia-south,Standard_D4s_v3
2024-12-03 00:00:00,59.25037916,60.77765,asia-south,Standard_D4s_v3
2024-12-03 01:00:00,68.92448681,59.87562,asia-south,Standard_D4s_v3
2024-12-03 02:00:00,78.59859446,74.53528,asia-south,Standard_D4s_v3
2024-12-03 03:00:00,88.27270211,82.73936,asia-south,Standard_D4s_v3
2024-12-03 04:00:00,82.33992362,78.82307,asia-south,Standard_D4s_v3
2024-12-03 05:00:00,76.40714512,74.5494,asia-south,Standard_D4s_v3
2024-12-03 06:00:00,65.2192618,68.46371,asia-south,Standard_D4s_v3
2024-12-03 07:00:00,71.13701901,71.20551,asia-south,Standard_D4s_v3
2024-12-03 08:00:00,77.05477622,75.10949,asia-south,Standard_D4s_v3
2024-12-03 09:00:00,69.8497503,72.70397,asia-south,Standard_D4s_v3
2024-12-03 10:00:00,64.82356292,55.965775,asia-south,Standard_D4s_v3
2024-12-03 11:00:00,59.79737554,58.675926,asia-south,Standard_D4s_v3
2024-12-03 12:00:00,60.67386187,59.29784,asia-south,Standard_D4s_v3
2024-12-03 13:00:00,62.90221974,52.152874,asia-south,Standard_D4s_v3
2024-12-03 14:00:00,65.13057761,58.48864,asia-south,Standard_D4s_v3
2024-12-03 15:00:00,36.747991,39.25311,asia-south,Standard_D4s_v3
2024-12-03 16:00:00,29.5130254,33.23145,asia-south,Standard_D4s_v3
2024-12-03 17:00:00,48.72702272,47.273144,asia-south,Standard_D4s_v3
2024-12-03 18:00:00,40.78053224,31.55836,asia-south,Standard_D4s_v3
2024-12-03 19:00:00,32.83404175,37.926563,asia-south,Standard_D4s_v3
2024-12-03 20:00:00,53.31578335,52.697704,asia-south,Standard_D4s_v3
2024-12-03 21:00:00,50.31988765,50.34616,asia-south,Standard_D4s_v3
2024-12-03 22:00:00,44.31944524,45.014133,asia-south,Standard_D4s_v3
2024-12-03 23:00:00,70.51218243,68.29279,asia-south,Standard_D4s_v3
2024-12-04 00:00:00,61.19735931,62.344753,asia-south,Standard_D4s_v3
2024-12-04 01:00:00,38.9319459,43.46018,asia-south,Standard_D4s_v3
2024-12-04 02:00:00,85.90889636,74.930084,asia-south,Standard_D4s_v3
2024-12-04 03:00:00,75.72903982,78.51561,asia-south,Standard_D4s_v3
2024-12-04 04:00:00,58.42382367,61.416733,asia-south,Standard_D4s_v3
2024-12-04 05:00:00,91.05540893,89.61727,asia-south,Standard_D4s_v3
2024-12-04 06:00:00,85.96653856,82.72146,asia-south,Standard_D4s_v3
2024-12-04 07:00:00,83.5709296,83.87754,asia-south,Standard_D4s_v3
2024-12-04 08:00:00,78.81438975,83.143936,asia-south,Standard_D4s_v3
2024-12-04 09:00:00,74.0578499,75.90751,asia-south,Standard_D4s_v3
2024-12-04 10:00:00,78.68572063,74.51998,asia-south,Standard_D4s_v3
2024-12-04 11:00:00,65.18606332,67.70816,asia-south,Standard_D4s_v3
2024-12-04 12:00:00,64.76932151,60.511185,asia-south,Standard_D4s_v3
2024-12-04 13:00:00,64.3525797,56.148376,asia-south,Standard_D4s_v3
2024-12-04 14:00:00,50.6501684,49.443535,asia-south,Standard_D4s_v3
2024-12-04 15:00:00,52.47584829,50.222664,asia-south,Standard_D4s_v3
2024-12-04 16:00:00,43.82060813,44.295776,asia-south,Standard_D4s_v3
2024-12-04 17:00:00,35.16536798,36.273464,asia-south,Standard_D4s_v3
2024-12-04 18:00:00,38.96596427,39.955173,asia-south,Standard_D4s_v3
2024-12-04 19:00:00,42.76656055,42.531914,asia-south,Standard_D4s_v3
2024-12-04 20:00:00,44.45045539,43.196175,asia-south,Standard_D4s_v3
2024-12-04 21:00:00,55.096113,56.51347,asia-south,Standard_D4s_v3
2024-12-04 22:00:00,42.70514091,44.607224,asia-south,Standard_D4s_v3
2024-12-04 23:00:00,66.88788785,59.189434,asia-south,Standard_D4s_v3
2024-12-05 00:00:00,47.2036367,64.820114,asia-south,Standard_D4s_v3
2024-12-05 01:00:00,77.46060971,75.08462,asia-south,Standard_D4s_v3
2024-12-05 02:00:00,83.73879707,63.94955,asia-south,Standard_D4s_v3
2024-12-05 03:00:00,90.01698443,93.82339,asia-south,Standard_D4s_v3
2024-12-05 04:00:00,81.70603041,79.39908,asia-south,Standard_D4s_v3
2024-12-05 05:00:00,83.23330489,87.02327,asia-south,Standard_D4s_v3
2024-12-05 06:00:00,84.76057937,81.60068,asia-south,Standard_D4s_v3
2024-12-05 07:00:00,67.56183616,71.07921,asia-south,Standard_D4s_v3
2024-12-05 08:00:00,45.00662019,49.802593,asia-south,Standard_D4s_v3
2024-12-05 09:00:00,82.11049884,76.58444,asia-south,Standard_D4s_v3
2024-12-05 10:00:00,62.4408375,64.77872,asia-south,Standard_D4s_v3
2024-12-05 11:00:00,64.27144852,63.59385,asia-south,Standard_D4s_v3
2024-12-05 12:00:00,51.52118929,53.941334,asia-south,Standard_D4s_v3
2024-12-05 13:00:00,52.42416428,51.333687,asia-south,Standard_D4s_v3
2024-12-05 14:00:00,46.71476046,51.12802,asia-south,Standard_D4s_v3
2024-12-05 15:00:00,55.02049501,54.68499,asia-south,Standard_D4s_v3
2024-12-05 16:00:00,37.90911596,41.389637,asia-south,Standard_D4s_v3
2024-12-05 17:00:00,45.17357187,44.41113,asia-south,Standard_D4s_v3
2024-12-05 18:00:00,39.50840737,39.63469,asia-south,Standard_D4s_v3
2024-12-05 19:00:00,40.02700817,39.107986,asia-south,Standard_D4s_v3
2024-12-05 20:00:00,60.22845681,57.082443,asia-south,Standard_D4s_v3
2024-12-05 21:00:00,49.87934945,48.870003,asia-south,Standard_D4s_v3
2024-12-05 22:00:00,41.60668297,46.761475,asia-south,Standard_D4s_v3
2024-12-05 23:00:00,58.27715597,55.905323,asia-south,Standard_D4s_v3
2024-12-06 00:00:00,58.28435881,61.77388,asia-south,Standard_D4s_v3
2024-12-06 01:00:00,62.43548921,63.77076,asia-south,Standard_D4s_v3
2024-12-06 02:00:00,64.70026777,72.58272,asia-south,Standard_D4s_v3
2024-12-06 03:00:00,66.96504634,68.52229,asia-south,Standard_D4s_v3
2024-12-06 04:00:00,82.3541354,77.16705,asia-south,Standard_D4s_v3
2024-12-06 05:00:00,72.58416728,86.08183,asia-south,Standard_D4s_v3
2024-12-06 06:00:00,62.81419915,71.5538,asia-south,Standard_D4s_v3
2024-12-06 07:00:00,70.60140262,74.26612,asia-south,Standard_D4s_v3
2024-12-06 08:00:00,68.5320238,75.117355,asia-south,Standard_D4s_v3
2024-12-06 09:00:00,81.67175829,74.58387,asia-south,Standard_D4s_v3
2024-12-06 10:00:00,42.98004245,53.97756,asia-south,Standard_D4s_v3
2024-12-06 11:00:00,53.08205602,55.47563,asia-south,Standard_D4s_v3
2024-12-06 12:00:00,66.04725067,63.47559,asia-south,Standard_D4s_v3
2024-12-06 13:00:00,61.3788836,59.216377,asia-south,Standard_D4s_v3
2024-12-06 14:00:00,49.99944287,45.31382,asia-south,Standard_D4s_v3
2024-12-06 15:00:00,38.62000214,40.660664,asia-south,Standard_D4s_v3
2024-12-06 16:00:00,35.1299101,38.173954,asia-south,Standard_D4s_v3
2024-12-06 17:00:00,32.38836553,40.33754,asia-south,Standard_D4s_v3
2024-12-06 18:00:00,45.13165712,45.347775,asia-south,Standard_D4s_v3
2024-12-06 19:00:00,40.29081811,46.582886,asia-south,Standard_D4s_v3
2024-12-06 20:00:00,32.29940386,33.706223,asia-south,Standard_D4s_v3
2024-12-06 21:00:00,61.62836837,56.663967,asia-south,Standard_D4s_v3
2024-12-06 22:00:00,54.01237156,53.261425,asia-south,Standard_D4s_v3
2024-12-06 23:00:00,46.39637476,45.816628,asia-south,Standard_D4s_v3
2024-12-07 00:00:00,60.88316383,59.944458,asia-south,Standard_D4s_v3
2024-12-07 01:00:00,67.23843962,66.84054,asia-south,Standard_D4s_v3
2024-12-07 02:00:00,55.63467649,66.960365,asia-south,Standard_D4s_v3
2024-12-07 03:00:00,84.38548793,76.86509,asia-south,Standard_D4s_v3
2024-12-07 04:00:00,78.18556748,77.24881,asia-south,Standard_D4s_v3
2024-12-07 05:00:00,84.29611735,82.27168,asia-south,Standard_D4s_v3
2024-12-07 06:00:00,86.85231318,83.70119,asia-south,Standard_D4s_v3
2024-12-07 07:00:00,89.54551175,83.19513,asia-south,Standard_D4s_v3
2024-12-07 08:00:00,82.87439071,78.307335,asia-south,Standard_D4s_v3
2024-12-07 09:00:00,60.851813,64.71819,asia-south,Standard_D4s_v3
2024-12-07 10:00:00,45.60152161,50.633526,asia-south,Standard_D4s_v3
2024-12-07 11:00:00,57.73180329,55.823334,asia-south,Standard_D4s_v3
2024-12-07 12:00:00,62.05046538,60.166,asia-south,Standard_D4s_v3
2024-12-07 13:00:00,47.82909035,49.324844,asia-south,Standard_D4s_v3
2024-12-07 14:00:00,70.87219613,68.47235,asia-south,Standard_D4s_v3
2024-12-07 15:00:00,61.62826698,38.64013,asia-south,Standard_D4s_v3
2024-12-07 16:00:00,52.38433783,46.771404,asia-south,Standard_D4s_v3
2024-12-07 17:00:00,38.33568205,42.35372,asia-south,Standard_D4s_v3
2024-12-07 18:00:00,31.65171766,36.839474,asia-south,Standard_D4s_v3
2024-12-07 19:00:00,50.6107275,44.87624,asia-south,Standard_D4s_v3
2024-12-07 20:00:00,33.85034805,39.030872,asia-south,Standard_D4s_v3
2024-12-07 21:00:00,45.72819503,44.87008,asia-south,Standard_D4s_v3
2024-12-07 22:00:00,46.81322812,45.755676,asia-south,Standard_D4s_v3
2024-12-07 23:00:00,48.88318529,48.09602,asia-south,Standard_D4s_v3
2024-12-08 00:00:00,70.77471506,70.94296,asia-south,Standard_D4s_v3
2024-12-08 01:00:00,72.4618964,69.305954,asia-south,Standard_D4s_v3
2024-12-08 02:00:00,65.07093472,62.074707,asia-south,Standard_D4s_v3
2024-12-08 03:00:00,57.67997305,59.080185,asia-south,Standard_D4s_v3
2024-12-08 04:00:00,73.86196798,67.39321,asia-south,Standard_D4s_v3
2024-12-08 05:00:00,64.95483017,70.98624,asia-south,Standard_D4s_v3
2024-12-08 06:00:00,68.34809558,71.19974,asia-south,Standard_D4s_v3
2024-12-08 07:00:00,52.50633849,67.33704,asia-south,Standard_D4s_v3
2024-12-08 08:00:00,79.82067238,76.077934,asia-south,Standard_D4s_v3
2024-12-08 09:00:00,91.66812128,92.37315,asia-south,Standard_D4s_v3
2024-12-08 10:00:00,63.0549285,64.99593,asia-south,Standard_D4s_v3
2024-12-08 11:00:00,61.57111382,61.76458,asia-south,Standard_D4s_v3
2024-12-08 12:00:00,46.48799727,50.37267,asia-south,Standard_D4s_v3
2024-12-08 13:00:00,34.37278964,39.871586,asia-south,Standard_D4s_v3
2024-12-08 14:00:00,50.6148876,48.864006,asia-south,Standard_D4s_v3
2024-12-08 15:00:00,49.42777293,49.042133,asia-south,Standard_D4s_v3
2024-12-08 16:00:00,40.16473837,42.059593,asia-south,Standard_D4s_v3
2024-12-08 17:00:00,25.37392189,27.878428,asia-south,Standard_D4s_v3
2024-12-08 18:00:00,28.97069076,34.85913,asia-south,Standard_D4s_v3
2024-12-08 19:00:00,32.56745963,22.971464,asia-south,Standard_D4s_v3
2024-12-08 20:00:00,36.1642285,30.576014,asia-south,Standard_D4s_v3
2024-12-08 21:00:00,39.76099737,40.270485,asia-south,Standard_D4s_v3
2024-12-08 22:00:00,39.67746454,40.51318,asia-south,Standard_D4s_v3
2024-12-08 23:00:00,55.66424889,55.141544,asia-south,Standard_D4s_v3
2024-12-09 00:00:00,84.71086258,79.192764,asia-south,Standard_D4s_v3
2024-12-09 01:00:00,70.85370152,73.9981,asia-south,Standard_D4s_v3
2024-12-09 02:00:00,60.71209434,45.038513,asia-south,Standard_D4s_v3
2024-12-09 03:00:00,50.57048715,50.851894,asia-south,Standard_D4s_v3
2024-12-09 04:00:00,46.21019896,50.343056,asia-south,Standard_D4s_v3
2024-12-09 05:00:00,71.19394634,69.41162,asia-south,Standard_D4s_v3
2024-12-09 06:00:00,68.43147817,53.28825,asia-south,Standard_D4s_v3
2024-12-09 07:00:00,65.66900999,65.99953,asia-south,Standard_D4s_v3
2024-12-09 08:00:00,71.67792989,79.370544,asia-south,Standard_D4s_v3
2024-12-09 09:00:00,77.6868498,78.708855,asia-south,Standard_D4s_v3
2024-12-09 10:00:00,65.04191802,64.5173,asia-south,Standard_D4s_v3
2024-12-09 11:00:00,58.6502866,50.869694,asia-south,Standard_D4s_v3
2024-12-09 12:00:00,52.25865517,47.72841,asia-south,Standard_D4s_v3
2024-12-09 13:00:00,41.11367444,44.142864,asia-south,Standard_D4s_v3
2024-12-09 14:00:00,51.9297894,49.46121,asia-south,Standard_D4s_v3
2024-12-09 15:00:00,27.10934738,32.574436,asia-south,Standard_D4s_v3
2024-12-09 16:00:00,32.54332409,32.5932,asia-south,Standard_D4s_v3
2024-12-09 17:00:00,21.34667108,22.51993,asia-south,Standard_D4s_v3
2024-12-09 18:00:00,36.83283485,35.27784,asia-south,Standard_D4s_v3
2024-12-09 19:00:00,49.09769625,47.630287,asia-south,Standard_D4s_v3
2024-12-09 20:00:00,41.83107827,43.28193,asia-south,Standard_D4s_v3
2024-12-09 21:00:00,47.59212869,46.746082,asia-south,Standard_D4s_v3
2024-12-09 22:00:00,46.35541653,43.910244,asia-south,Standard_D4s_v3
2024-12-09 23:00:00,43.90368753,41.685852,asia-south,Standard_D4s_v3
2024-12-10 00:00:00,37.83939426,39.840424,asia-south,Standard_D4s_v3
2024-12-10 01:00:00,48.68497968,68.7146,asia-south,Standard_D4s_v3
2024-12-10 02:00:00,59.5305651,62.855854,asia-south,Standard_D4s_v3
2024-12-10 03:00:00,95.39153604,84.100685,asia-south,Standard_D4s_v3
2024-12-10 04:00:00,62.18418733,63.586067,asia-south,Standard_D4s_v3
2024-12-10 05:00:00,72.15103498,71.76821,asia-south,Standard_D4s_v3
2024-12-10 06:00:00,81.55914331,79.5061,asia-south,Standard_D4s_v3
2024-12-10 07:00:00,90.96725165,92.30744,asia-south,Standard_D4s_v3
2024-12-10 08:00:00,73.44234515,78.155304,asia-south,Standard_D4s_v3
2024-12-10 09:00:00,86.82971001,78.08122,asia-south,Standard_D4s_v3
2024-12-10 10:00:00,53.39069292,51.22956,asia-south,Standard_D4s_v3
2024-12-10 11:00:00,82.42105697,76.772804,asia-south,Standard_D4s_v3
2024-12-10 12:00:00,56.87477963,57.989815,asia-south,Standard_D4s_v3
2024-12-10 13:00:00,28.96835483,35.580738,asia-south,Standard_D4s_v3
2024-12-10 14:00:00,63.63357406,57.7472,asia-south,Standard_D4s_v3
2024-12-10 15:00:00,59.01881602,55.22741,asia-south,Standard_D4s_v3
2024-12-10 16:00:00,54.40405798,51.18846,asia-south,Standard_D4s_v3
2024-12-10 17:00:00,43.00742764,42.691204,asia-south,Standard_D4s_v3
2024-12-10 18:00:00,42.07266681,33.310966,asia-south,Standard_D4s_v3
2024-12-10 19:00:00,41.13790598,39.418037,asia-south,Standard_D4s_v3
2024-12-10 20:00:00,37.58276956,38.62477,asia-south,Standard_D4s_v3
2024-12-10 21:00:00,49.65245663,44.24668,asia-south,Standard_D4s_v3
2024-12-10 22:00:00,61.7221437,62.7833,asia-south,Standard_D4s_v3
2024-12-10 23:00:00,53.15687116,52.8603,asia-south,Standard_D4s_v3
2024-12-11 00:00:00,49.49393184,51.086845,asia-south,Standard_D4s_v3
2024-12-11 01:00:00,68.08593282,66.455315,asia-south,Standard_D4s_v3
2024-12-11 02:00:00,61.233817,61.21566,asia-south,Standard_D4s_v3
2024-12-11 03:00:00,77.52267851,68.142265,asia-south,Standard_D4s_v3
2024-12-11 04:00:00,86.11780895,67.46782,asia-south,Standard_D4s_v3
2024-12-11 05:00:00,94.71293939,91.79436,asia-south,Standard_D4s_v3
2024-12-11 06:00:00,81.21162268,77.91916,asia-south,Standard_D4s_v3
2024-12-11 07:00:00,65.65032356,70.40461,asia-south,Standard_D4s_v3
2024-12-11 08:00:00,62.82675787,65.002716,asia-south,Standard_D4s_v3
2024-12-11 09:00:00,75.73363123,70.32587,asia-south,Standard_D4s_v3
2024-12-11 10:00:00,70.59151253,69.15621,asia-south,Standard_D4s_v3
2024-12-11 11:00:00,68.54574248,66.2618,asia-south,Standard_D4s_v3
2024-12-11 12:00:00,80.53347688,77.83186,asia-south,Standard_D4s_v3
2024-12-11 13:00:00,61.24653132,59.996376,asia-south,Standard_D4s_v3
2024-12-11 14:00:00,52.50286047,54.651375,asia-south,Standard_D4s_v3
2024-12-11 15:00:00,45.09570332,45.472878,asia-south,Standard_D4s_v3
2024-12-11 16:00:00,34.82998992,36.45809,asia-south,Standard_D4s_v3
2024-12-11 17:00:00,21.86768014,22.893335,asia-south,Standard_D4s_v3
2024-12-11 18:00:00,29.1021518,44.392025,asia-south,Standard_D4s_v3
2024-12-11 19:00:00,36.33662346,28.849472,asia-south,Standard_D4s_v3
2024-12-11 20:00:00,43.57109513,42.27166,asia-south,Standard_D4s_v3
2024-12-11 21:00:00,42.5859267,41.93074,asia-south,Standard_D4s_v3
2024-12-11 22:00:00,40.24967175,36.97349,asia-south,Standard_D4s_v3
2024-12-11 23:00:00,27.0634067,27.367147,asia-south,Standard_D4s_v3
2024-12-12 00:00:00,53.86437659,54.360863,asia-south,Standard_D4s_v3
2024-12-12 01:00:00,82.83581403,80.36993,asia-south,Standard_D4s_v3
2024-12-12 02:00:00,70.30936437,66.79642,asia-south,Standard_D4s_v3
2024-12-12 03:00:00,57.78291472,59.689278,asia-south,Standard_D4s_v3
2024-12-12 04:00:00,70.94583923,70.65011,asia-south,Standard_D4s_v3
2024-12-12 05:00:00,72.53972386,73.732735,asia-south,Standard_D4s_v3
2024-12-12 06:00:00,92.44902619,89.48989,asia-south,Standard_D4s_v3
2024-12-12 07:00:00,80.66595586,80.304306,asia-south,Standard_D4s_v3
2024-12-12 08:00:00,64.08070102,66.00476,asia-south,Standard_D4s_v3
2024-12-12 09:00:00,69.14460857,67.25543,asia-south,Standard_D4s_v3
2024-12-12 10:00:00,64.23953753,68.413,asia-south,Standard_D4s_v3
2024-12-12 11:00:00,59.3344665,56.24949,asia-south,Standard_D4s_v3
2024-12-12 12:00:00,62.99334073,53.44666,asia-south,Standard_D4s_v3
2024-12-12 13:00:00,66.65221497,65.15088,asia-south,Standard_D4s_v3
2024-12-12 14:00:00,52.23056488,52.173,asia-south,Standard_D4s_v3
2024-12-12 15:00:00,49.46969932,38.047077,asia-south,Standard_D4s_v3
2024-12-12 16:00:00,46.70883377,41.539,asia-south,Standard_D4s_v3
2024-12-12 17:00:00,43.94796821,62.506523,asia-south,Standard_D4s_v3
2024-12-12 18:00:00,41.18710265,41.942226,asia-south,Standard_D4s_v3
2024-12-12 19:00:00,43.27135536,44.011387,asia-south,Standard_D4s_v3
2024-12-12 20:00:00,29.87564224,31.933455,asia-south,Standard_D4s_v3
2024-12-12 21:00:00,42.05220496,41.288635,asia-south,Standard_D4s_v3
2024-12-12 22:00:00,50.70563377,48.245823,asia-south,Standard_D4s_v3
2024-12-12 23:00:00,51.37804784,50.487812,asia-south,Standard_D4s_v3
2024-12-13 00:00:00,61.59495312,58.690845,asia-south,Standard_D4s_v3
2024-12-13 01:00:00,67.72844947,67.94559,asia-south,Standard_D4s_v3
2024-12-13 02:00:00,69.50046521,65.854095,asia-south,Standard_D4s_v3
2024-12-13 03:00:00,63.59032609,64.33221,asia-south,Standard_D4s_v3
2024-12-13 04:00:00,57.68018697,58.133366,asia-south,Standard_D4s_v3
2024-12-13 05:00:00,80.21740633,72.179306,asia-south,Standard_D4s_v3
2024-12-13 06:00:00,62.56827098,71.25415,asia-south,Standard_D4s_v3
2024-12-13 07:00:00,78.30990129,78.76788,asia-south,Standard_D4s_v3
2024-12-13 08:00:00,69.08221449,67.804375,asia-south,Standard_D4s_v3
2024-12-13 09:00:00,72.2447824,72.5172,asia-south,Standard_D4s_v3
2024-12-13 10:00:00,60.82445091,69.10736,asia-south,Standard_D4s_v3
2024-12-13 11:00:00,68.85255027,67.676056,asia-south,Standard_D4s_v3
2024-12-13 12:00:00,58.1261544,59.361164,asia-south,Standard_D4s_v3
2024-12-13 13:00:00,47.14048146,48.26232,asia-south,Standard_D4s_v3
2024-12-13 14:00:00,47.90910613,35.38155,asia-south,Standard_D4s_v3
2024-12-13 15:00:00,48.6777308,49.76832,asia-south,Standard_D4s_v3
2024-12-13 16:00:00,55.72337409,53.86122,asia-south,Standard_D4s_v3
2024-12-13 17:00:00,49.99415904,49.32617,asia-south,Standard_D4s_v3
2024-12-13 18:00:00,41.30618599,46.832687,asia-south,Standard_D4s_v3
2024-12-13 19:00:00,50.8228869,47.854435,asia-south,Standard_D4s_v3
2024-12-13 20:00:00,55.48083574,46.18132,asia-south,Standard_D4s_v3
2024-12-13 21:00:00,60.13878459,54.125164,asia-south,Standard_D4s_v3
2024-12-13 22:00:00,64.79673343,63.551533,asia-south,Standard_D4s_v3
2024-12-13 23:00:00,52.86043386,50.159702,asia-south,Standard_D4s_v3
2024-12-14 00:00:00,44.41550047,47.256554,asia-south,Standard_D4s_v3
2024-12-14 01:00:00,56.6964691,40.215622,asia-south,Standard_D4s_v3
2024-12-14 02:00:00,68.97743773,67.566444,asia-south,Standard_D4s_v3
2024-12-14 03:00:00,67.60734371,68.20987,asia-south,Standard_D4s_v3
2024-12-14 04:00:00,90.90036801,91.876724,asia-south,Standard_D4s_v3
2024-12-14 05:00:00,71.09643027,70.888695,asia-south,Standard_D4s_v3
2024-12-14 06:00:00,71.76892806,71.99363,asia-south,Standard_D4s_v3
2024-12-14 07:00:00,79.02062894,75.461296,asia-south,Standard_D4s_v3
2024-12-14 08:00:00,75.27578168,75.79947,asia-south,Standard_D4s_v3
2024-12-14 09:00:00,70.18092797,71.4252,asia-south,Standard_D4s_v3
2024-12-14 10:00:00,67.02785327,68.77854,asia-south,Standard_D4s_v3
2024-12-14 11:00:00,47.73894786,52.003178,asia-south,Standard_D4s_v3
2024-12-14 12:00:00,64.93662579,64.21386,asia-south,Standard_D4s_v3
2024-12-14 13:00:00,60.05997427,55.891094,asia-south,Standard_D4s_v3
2024-12-14 14:00:00,44.64701341,47.14293,asia-south,Standard_D4s_v3
2024-12-14 15:00:00,51.04480778,49.33507,asia-south,Standard_D4s_v3
2024-12-14 16:00:00,54.64260821,52.33599,asia-south,Standard_D4s_v3
2024-12-14 17:00:00,40.98005456,42.60931,asia-south,Standard_D4s_v3
2024-12-14 18:00:00,39.15481271,33.99286,asia-south,Standard_D4s_v3
2024-12-14 19:00:00,37.32957087,36.84841,asia-south,Standard_D4s_v3
2024-12-14 20:00:00,41.76966194,41.936985,asia-south,Standard_D4s_v3
2024-12-14 21:00:00,40.59740995,42.412125,asia-south,Standard_D4s_v3
2024-12-14 22:00:00,48.6758966,46.423595,asia-south,Standard_D4s_v3
2024-12-14 23:00:00,56.20056967,55.586174,asia-south,Standard_D4s_v3
2024-12-15 00:00:00,58.80297663,64.663,asia-south,Standard_D4s_v3
2024-12-15 01:00:00,61.40538358,59.497147,asia-south,Standard_D4s_v3
2024-12-15 02:00:00,75.38018228,70.52467,asia-south,Standard_D4s_v3
2024-12-15 03:00:00,66.64805135,68.465805,asia-south,Standard_D4s_v3
2024-12-15 04:00:00,49.6446186,52.70268,asia-south,Standard_D4s_v3
2024-12-15 05:00:00,78.79904787,62.389454,asia-south,Standard_D4s_v3
2024-12-15 06:00:00,71.31663266,71.01312,asia-south,Standard_D4s_v3
2024-12-15 07:00:00,70.72758706,71.852936,asia-south,Standard_D4s_v3
2024-12-15 08:00:00,81.72716171,78.86426,asia-south,Standard_D4s_v3
2024-12-15 09:00:00,86.79382572,83.288635,asia-south,Standard_D4s_v3
2024-12-15 10:00:00,68.17300095,69.69546,asia-south,Standard_D4s_v3
2024-12-15 11:00:00,78.26936396,71.13657,asia-south,Standard_D4s_v3
2024-12-15 12:00:00,57.86721985,58.586845,asia-south,Standard_D4s_v3
2024-12-15 13:00:00,48.45317714,49.479965,asia-south,Standard_D4s_v3
2024-12-15 14:00:00,46.50408472,46.278854,asia-south,Standard_D4s_v3
2024-12-15 15:00:00,36.62587831,44.25263,asia-south,Standard_D4s_v3
2024-12-15 16:00:00,27.84137988,37.16601,asia-south,Standard_D4s_v3
2024-12-15 17:00:00,41.43821928,39.177025,asia-south,Standard_D4s_v3
2024-12-15 18:00:00,28.23224599,30.506556,asia-south,Standard_D4s_v3
2024-12-15 19:00:00,30.55845977,30.252184,asia-south,Standard_D4s_v3
2024-12-15 20:00:00,37.843361,39.901886,asia-south,Standard_D4s_v3
2024-12-15 21:00:00,45.12826224,44.15307,asia-south,Standard_D4s_v3
2024-12-15 22:00:00,59.17426751,53.01978,asia-south,Standard_D4s_v3
2024-12-15 23:00:00,61.922671,60.428574,asia-south,Standard_D4s_v3
2024-12-16 00:00:00,46.73354408,61.434532,asia-south,Standard_D4s_v3
2024-12-16 01:00:00,53.56988208,57.942894,asia-south,Standard_D4s_v3
2024-12-16 02:00:00,71.3471516,71.59656,asia-south,Standard_D4s_v3
2024-12-16 03:00:00,70.83660799,71.15194,asia-south,Standard_D4s_v3
2024-12-16 04:00:00,81.72566326,79.95782,asia-south,Standard_D4s_v3
2024-12-16 05:00:00,75.30268077,79.47861,asia-south,Standard_D4s_v3
2024-12-16 06:00:00,68.87969828,70.50931,asia-south,Standard_D4s_v3
2024-12-16 07:00:00,47.94010067,51.71026,asia-south,Standard_D4s_v3
2024-12-16 08:00:00,88.52440053,79.74002,asia-south,Standard_D4s_v3
2024-12-16 09:00:00,58.3588923,60.800533,asia-south,Standard_D4s_v3
2024-12-16 10:00:00,75.48248763,72.97308,asia-south,Standard_D4s_v3
2024-12-16 11:00:00,55.18962858,73.27294,asia-south,Standard_D4s_v3
2024-12-16 12:00:00,57.00117972,74.89906,asia-south,Standard_D4s_v3
2024-12-16 13:00:00,58.81273085,56.376038,asia-south,Standard_D4s_v3
2024-12-16 14:00:00,42.21612557,44.543602,asia-south,Standard_D4s_v3
2024-12-16 15:00:00,47.88022139,40.772,asia-south,Standard_D4s_v3
2024-12-16 16:00:00,35.4170139,37.90556,asia-south,Standard_D4s_v3
2024-12-16 17:00:00,33.17226124,36.368607,asia-south,Standard_D4s_v3
2024-12-16 18:00:00,52.64618564,50.48202,asia-south,Standard_D4s_v3
2024-12-16 19:00:00,30.80317262,32.385773,asia-south,Standard_D4s_v3
2024-12-16 20:00:00,35.58666603,32.11087,asia-south,Standard_D4s_v3
2024-12-16 21:00:00,40.37015943,42.01828,asia-south,Standard_D4s_v3
2024-12-16 22:00:00,55.26212159,53.874134,asia-south,Standard_D4s_v3
2024-12-16 23:00:00,63.91595845,63.55343,asia-south,Standard_D4s_v3
2024-12-17 00:00:00,52.68482833,59.64049,asia-south,Standard_D4s_v3
2024-12-17 01:00:00,46.81376513,63.625847,asia-south,Standard_D4s_v3
2024-12-17 02:00:00,40.94270194,40.802193,asia-south,Standard_D4s_v3
2024-12-17 03:00:00,73.73352938,69.103195,asia-south,Standard_D4s_v3
2024-12-17 04:00:00,81.28547567,76.95319,asia-south,Standard_D4s_v3
2024-12-17 05:00:00,88.83742197,84.51162,asia-south,Standard_D4s_v3
2024-12-17 06:00:00,57.19892549,57.77697,asia-south,Standard_D4s_v3
2024-12-17 07:00:00,54.04255447,59.89406,asia-south,Standard_D4s_v3
2024-12-17 08:00:00,67.21714814,66.49364,asia-south,Standard_D4s_v3
2024-12-17 09:00:00,57.89069312,79.28551,asia-south,Standard_D4s_v3
2024-12-17 10:00:00,48.5642381,50.660877,asia-south,Standard_D4s_v3
2024-12-17 11:00:00,46.50568226,48.996143,asia-south,Standard_D4s_v3
2024-12-17 12:00:00,47.7360182,55.558113,asia-south,Standard_D4s_v3
2024-12-17 13:00:00,48.96635415,47.348446,asia-south,Standard_D4s_v3
2024-12-17 14:00:00,47.21814991,46.27934,asia-south,Standard_D4s_v3
2024-12-17 15:00:00,44.40203079,43.803272,asia-south,Standard_D4s_v3
2024-12-17 16:00:00,46.94917507,44.958393,asia-south,Standard_D4s_v3
2024-12-17 17:00:00,44.36433709,34.86163,asia-south,Standard_D4s_v3
2024-12-17 18:00:00,41.7794991,41.99253,asia-south,Standard_D4s_v3
2024-12-17 19:00:00,44.51190338,43.199184,asia-south,Standard_D4s_v3
2024-12-17 20:00:00,47.39241397,46.99685,asia-south,Standard_D4s_v3
2024-12-17 21:00:00,50.27292457,51.512222,asia-south,Standard_D4s_v3
2024-12-17 22:00:00,53.15343516,50.20064,asia-south,Standard_D4s_v3
2024-12-17 23:00:00,42.91594257,45.644634,asia-south,Standard_D4s_v3
2024-12-18 00:00:00,49.50212614,71.9817,asia-south,Standard_D4s_v3
2024-12-18 01:00:00,56.0883097,56.517334,asia-south,Standard_D4s_v3
2024-12-18 02:00:00,64.54313851,64.17284,asia-south,Standard_D4s_v3
2024-12-18 03:00:00,56.7860462,59.097656,asia-south,Standard_D4s_v3
2024-12-18 04:00:00,74.87208881,67.051476,asia-south,Standard_D4s_v3
2024-12-18 05:00:00,92.95813142,90.75274,asia-south,Standard_D4s_v3
2024-12-18 06:00:00,94.32936079,92.12096,asia-south,Standard_D4s_v3
2024-12-18 07:00:00,71.32585961,63.62411,asia-south,Standard_D4s_v3
2024-12-18 08:00:00,48.32235843,52.261284,asia-south,Standard_D4s_v3
2024-12-18 09:00:00,45.78822201,50.974617,asia-south,Standard_D4s_v3
2024-12-18 10:00:00,43.25408559,37.740765,asia-south,Standard_D4s_v3
2024-12-18 11:00:00,40.71994917,42.366257,asia-south,Standard_D4s_v3
2024-12-18 12:00:00,64.68450544,57.404636,asia-south,Standard_D4s_v3
2024-12-18 13:00:00,35.75099869,39.46499,asia-south,Standard_D4s_v3
2024-12-18 14:00:00,52.27096705,31.09178,asia-south,Standard_D4s_v3
2024-12-18 15:00:00,68.79093541,59.511242,asia-south,Standard_D4s_v3
2024-12-18 16:00:00,34.94725023,36.101124,asia-south,Standard_D4s_v3
2024-12-18 17:00:00,33.80649914,29.954905,asia-south,Standard_D4s_v3
2024-12-18 18:00:00,32.66574804,30.964544,asia-south,Standard_D4s_v3
2024-12-18 19:00:00,38.77098951,46.692944,asia-south,Standard_D4s_v3
2024-12-18 20:00:00,44.87623098,40.49216,asia-south,Standard_D4s_v3
2024-12-18 21:00:00,50.98147245,45.875874,asia-south,Standard_D4s_v3
2024-12-18 22:00:00,46.25020436,45.702168,asia-south,Standard_D4s_v3
2024-12-18 23:00:00,53.98018231,55.526512,asia-south,Standard_D4s_v3
2024-12-19 00:00:00,68.54397944,67.82612,asia-south,Standard_D4s_v3
2024-12-19 01:00:00,62.31243099,64.55475,asia-south,Standard_D4s_v3
2024-12-19 02:00:00,49.72203672,51.79037,asia-south,Standard_D4s_v3
2024-12-19 03:00:00,75.63085443,73.9938,asia-south,Standard_D4s_v3
2024-12-19 04:00:00,67.5420435,68.678505,asia-south,Standard_D4s_v3
2024-12-19 05:00:00,73.426037,70.415306,asia-south,Standard_D4s_v3
2024-12-19 06:00:00,83.26624357,81.46401,asia-south,Standard_D4s_v3
2024-12-19 07:00:00,50.75873354,67.433266,asia-south,Standard_D4s_v3
2024-12-19 08:00:00,64.66970304,68.68667,asia-south,Standard_D4s_v3
2024-12-19 09:00:00,78.58067254,73.8034,asia-south,Standard_D4s_v3
2024-12-19 10:00:00,68.22099496,69.461754,asia-south,Standard_D4s_v3
2024-12-19 11:00:00,70.5818701,66.61323,asia-south,Standard_D4s_v3
2024-12-19 12:00:00,53.11943988,53.061756,asia-south,Standard_D4s_v3
2024-12-19 13:00:00,39.44670338,42.66737,asia-south,Standard_D4s_v3
2024-12-19 14:00:00,65.59855656,63.508358,asia-south,Standard_D4s_v3
2024-12-19 15:00:00,59.88080195,58.504658,asia-south,Standard_D4s_v3
2024-12-19 16:00:00,46.95776855,50.11296,asia-south,Standard_D4s_v3
2024-12-19 17:00:00,39.91703369,41.76657,asia-south,Standard_D4s_v3
2024-12-19 18:00:00,42.11946662,40.998344,asia-south,Standard_D4s_v3
2024-12-19 19:00:00,44.32189954,43.817753,asia-south,Standard_D4s_v3
2024-12-19 20:00:00,47.75484382,47.1576,asia-south,Standard_D4s_v3
2024-12-19 21:00:00,48.76219123,43.487076,asia-south,Standard_D4s_v3
2024-12-19 22:00:00,49.76953865,42.880325,asia-south,Standard_D4s_v3
2024-12-19 23:00:00,29.1621974,34.777706,asia-south,Standard_D4s_v3
2024-12-20 00:00:00,73.4475538,70.62794,asia-south,Standard_D4s_v3
2024-12-20 01:00:00,68.27898441,81.13288,asia-south,Standard_D4s_v3
2024-12-20 02:00:00,63.11041501,64.19008,asia-south,Standard_D4s_v3
2024-12-20 03:00:00,56.20380344,77.13874,asia-south,Standard_D4s_v3
2024-12-20 04:00:00,49.29719187,63.38686,asia-south,Standard_D4s_v3
2024-12-20 05:00:00,51.53383941,77.75089,asia-south,Standard_D4s_v3
2024-12-20 06:00:00,53.77048696,77.200676,asia-south,Standard_D4s_v3
2024-12-20 07:00:00,56.0071345,57.771606,asia-south,Standard_D4s_v3
2024-12-20 08:00:00,62.13595014,61.83028,asia-south,Standard_D4s_v3
2024-12-20 09:00:00,62.78034563,65.82016,asia-south,Standard_D4s_v3
2024-12-20 10:00:00,63.53590259,53.033504,asia-south,Standard_D4s_v3
2024-12-20 11:00:00,28.25811731,34.93374,asia-south,Standard_D4s_v3
2024-12-20 12:00:00,70.34334865,59.61709,asia-south,Standard_D4s_v3
2024-12-20 13:00:00,50.67854121,57.637184,asia-south,Standard_D4s_v3
2024-12-20 14:00:00,49.31905653,49.68057,asia-south,Standard_D4s_v3
2024-12-20 15:00:00,47.23568467,38.482113,asia-south,Standard_D4s_v3
2024-12-20 16:00:00,45.15231281,53.31238,asia-south,Standard_D4s_v3
2024-12-20 17:00:00,43.06894095,44.83432,asia-south,Standard_D4s_v3
2024-12-20 18:00:00,35.73819624,38.36394,asia-south,Standard_D4s_v3
2024-12-20 19:00:00,43.17439662,43.05849,asia-south,Standard_D4s_v3
2024-12-20 20:00:00,40.59882763,41.095673,asia-south,Standard_D4s_v3
2024-12-20 21:00:00,60.90456956,60.401215,asia-south,Standard_D4s_v3
2024-12-20 22:00:00,52.10320423,48.916794,asia-south,Standard_D4s_v3
2024-12-20 23:00:00,43.3018389,41.944706,asia-south,Standard_D4s_v3
2024-12-21 00:00:00,64.31495725,62.853867,asia-south,Standard_D4s_v3
2024-12-21 01:00:00,57.64939522,62.14952,asia-south,Standard_D4s_v3
2024-12-21 02:00:00,65.49873216,63.7554,asia-south,Standard_D4s_v3
2024-12-21 03:00:00,70.50272597,68.19136,asia-south,Standard_D4s_v3
2024-12-21 04:00:00,86.94614796,82.165886,asia-south,Standard_D4s_v3
2024-12-21 05:00:00,72.86669291,75.06666,asia-south,Standard_D4s_v3
2024-12-21 06:00:00,77.04439642,62.341797,asia-south,Standard_D4s_v3
2024-12-21 07:00:00,81.22209994,69.66923,asia-south,Standard_D4s_v3
2024-12-21 08:00:00,46.50417284,50.690468,asia-south,Standard_D4s_v3
2024-12-21 09:00:00,55.01292015,65.051796,asia-south,Standard_D4s_v3
2024-12-21 10:00:00,63.52166746,65.44567,asia-south,Standard_D4s_v3
2024-12-21 11:00:00,72.03041476,72.82227,asia-south,Standard_D4s_v3
2024-12-21 12:00:00,76.45987602,68.42515,asia-south,Standard_D4s_v3
2024-12-21 13:00:00,61.46354381,56.00887,asia-south,Standard_D4s_v3
2024-12-21 14:00:00,59.99894046,47.031075,asia-south,Standard_D4s_v3
2024-12-21 15:00:00,58.53433711,58.93466,asia-south,Standard_D4s_v3
2024-12-21 16:00:00,48.213847,48.621254,asia-south,Standard_D4s_v3
2024-12-21 17:00:00,37.89335689,38.31343,asia-south,Standard_D4s_v3
2024-12-21 18:00:00,38.46039384,36.905342,asia-south,Standard_D4s_v3
2024-12-21 19:00:00,45.35880673,42.998814,asia-south,Standard_D4s_v3
2024-12-21 20:00:00,50.13126918,35.879864,asia-south,Standard_D4s_v3
2024-12-21 21:00:00,54.90373163,49.543903,asia-south,Standard_D4s_v3
2024-12-21 22:00:00,44.551346,44.74588,asia-south,Standard_D4s_v3
2024-12-21 23:00:00,44.85102999,46.53272,asia-south,Standard_D4s_v3
2024-12-22 00:00:00,65.57009506,59.705563,asia-south,Standard_D4s_v3
2024-12-22 01:00:00,72.87921483,71.67816,asia-south,Standard_D4s_v3
2024-12-22 02:00:00,80.1883346,81.49627,asia-south,Standard_D4s_v3
2024-12-22 03:00:00,42.62205835,49.15777,asia-south,Standard_D4s_v3
2024-12-22 04:00:00,61.48953348,60.43196,asia-south,Standard_D4s_v3
2024-12-22 05:00:00,67.79837714,67.63142,asia-south,Standard_D4s_v3
2024-12-22 06:00:00,90.66045456,92.560356,asia-south,Standard_D4s_v3
2024-12-22 07:00:00,74.05867233,71.164604,asia-south,Standard_D4s_v3
2024-12-22 08:00:00,52.94887993,61.32075,asia-south,Standard_D4s_v3
2024-12-22 09:00:00,93.16240417,90.19845,asia-south,Standard_D4s_v3
2024-12-22 10:00:00,82.55750429,74.41749,asia-south,Standard_D4s_v3
2024-12-22 11:00:00,60.2106126,63.695015,asia-south,Standard_D4s_v3
2024-12-22 12:00:00,65.65222712,63.528618,asia-south,Standard_D4s_v3
2024-12-22 13:00:00,57.05550333,51.119663,asia-south,Standard_D4s_v3
2024-12-22 14:00:00,48.45877954,48.166702,asia-south,Standard_D4s_v3
2024-12-22 15:00:00,39.05430672,41.733067,asia-south,Standard_D4s_v3
2024-12-22 16:00:00,49.48811444,43.342266,asia-south,Standard_D4s_v3
2024-12-22 17:00:00,35.57285516,43.079872,asia-south,Standard_D4s_v3
2024-12-22 18:00:00,42.40850979,41.070072,asia-south,Standard_D4s_v3
2024-12-22 19:00:00,49.24416442,46.463207,asia-south,Standard_D4s_v3
2024-12-22 20:00:00,40.7704332,42.411095,asia-south,Standard_D4s_v3
2024-12-22 21:00:00,44.70848509,44.441505,asia-south,Standard_D4s_v3
2024-12-22 22:00:00,42.85585005,39.558105,asia-south,Standard_D4s_v3
2024-12-22 23:00:00,56.06632681,51.252724,asia-south,Standard_D4s_v3
2024-12-23 00:00:00,69.27680358,68.51165,asia-south,Standard_D4s_v3
2024-12-23 01:00:00,68.05532081,67.567406,asia-south,Standard_D4s_v3
2024-12-23 02:00:00,59.56435183,61.89029,asia-south,Standard_D4s_v3
2024-12-23 03:00:00,69.86263122,65.13644,asia-south,Standard_D4s_v3
2024-12-23 04:00:00,67.60500241,69.462265,asia-south,Standard_D4s_v3
2024-12-23 05:00:00,70.35472233,68.3942,asia-south,Standard_D4s_v3
2024-12-23 06:00:00,66.5821268,68.51203,asia-south,Standard_D4s_v3
2024-12-23 07:00:00,69.343377,79.17203,asia-south,Standard_D4s_v3
2024-12-23 08:00:00,72.10462719,70.28562,asia-south,Standard_D4s_v3
2024-12-23 09:00:00,74.79345659,76.8813,asia-south,Standard_D4s_v3
2024-12-23 10:00:00,67.04145174,67.84581,asia-south,Standard_D4s_v3
2024-12-23 11:00:00,70.22926002,68.2325,asia-south,Standard_D4s_v3
2024-12-23 12:00:00,56.60954318,54.86982,asia-south,Standard_D4s_v3
2024-12-23 13:00:00,44.0611055,44.87215,asia-south,Standard_D4s_v3
2024-12-23 14:00:00,31.20384729,37.113544,asia-south,Standard_D4s_v3
2024-12-23 15:00:00,36.17193559,39.2235,asia-south,Standard_D4s_v3
2024-12-23 16:00:00,41.1400239,40.49957,asia-south,Standard_D4s_v3
2024-12-23 17:00:00,43.71175236,39.24446,asia-south,Standard_D4s_v3
2024-12-23 18:00:00,34.24382636,36.1702,asia-south,Standard_D4s_v3
2024-12-23 19:00:00,34.8926545,34.630905,asia-south,Standard_D4s_v3
2024-12-23 20:00:00,33.09528757,36.441105,asia-south,Standard_D4s_v3
2024-12-23 21:00:00,46.57897875,44.40539,asia-south,Standard_D4s_v3
2024-12-23 22:00:00,46.6181627,56.233276,asia-south,Standard_D4s_v3
2024-12-23 23:00:00,46.65734665,64.11606,asia-south,Standard_D4s_v3
2024-12-24 00:00:00,46.6965306,56.477856,asia-south,Standard_D4s_v3
2024-12-24 01:00:00,63.79758776,66.4288,asia-south,Standard_D4s_v3
2024-12-24 02:00:00,69.89825066,65.14969,asia-south,Standard_D4s_v3
2024-12-24 03:00:00,61.82577668,72.280785,asia-south,Standard_D4s_v3
2024-12-24 04:00:00,88.85459622,79.98866,asia-south,Standard_D4s_v3
2024-12-24 05:00:00,78.22354084,78.95788,asia-south,Standard_D4s_v3
2024-12-24 06:00:00,67.59248547,85.303,asia-south,Standard_D4s_v3
2024-12-24 07:00:00,56.96143009,73.47037,asia-south,Standard_D4s_v3
2024-12-24 08:00:00,74.62080065,72.10136,asia-south,Standard_D4s_v3
2024-12-24 09:00:00,69.68448095,69.774216,asia-south,Standard_D4s_v3
2024-12-24 10:00:00,62.12843288,60.536724,asia-south,Standard_D4s_v3
2024-12-24 11:00:00,61.50572942,61.96874,asia-south,Standard_D4s_v3
2024-12-24 12:00:00,60.05864053,59.52673,asia-south,Standard_D4s_v3
2024-12-24 13:00:00,57.76864157,53.18675,asia-south,Standard_D4s_v3
2024-12-24 14:00:00,55.47864261,48.04737,asia-south,Standard_D4s_v3
2024-12-24 15:00:00,53.18864365,51.91922,asia-south,Standard_D4s_v3
2024-12-24 16:00:00,54.01849577,51.631306,asia-south,Standard_D4s_v3
2024-12-24 17:00:00,54.84834788,48.43913,asia-south,Standard_D4s_v3
2024-12-24 18:00:00,55.67819999,54.248737,asia-south,Standard_D4s_v3
2024-12-24 19:00:00,46.86569711,46.507355,asia-south,Standard_D4s_v3
2024-12-24 20:00:00,33.66153529,36.737072,asia-south,Standard_D4s_v3
2024-12-24 21:00:00,34.96251269,39.53005,asia-south,Standard_D4s_v3
2024-12-24 22:00:00,52.67754635,51.503426,asia-south,Standard_D4s_v3
2024-12-24 23:00:00,33.54606074,36.8814,asia-south,Standard_D4s_v3
2024-12-25 00:00:00,58.39120323,58.58986,asia-south,Standard_D4s_v3
2024-12-25 01:00:00,63.093335,64.63602,asia-south,Standard_D4s_v3
2024-12-25 02:00:00,57.77466168,60.607258,asia-south,Standard_D4s_v3
2024-12-25 03:00:00,80.22481675,77.550316,asia-south,Standard_D4s_v3
2024-12-25 04:00:00,82.39256701,81.11392,asia-south,Standard_D4s_v3
2024-12-25 05:00:00,64.06100975,66.391624,asia-south,Standard_D4s_v3
2024-12-25 06:00:00,91.66157593,94.1724,asia-south,Standard_D4s_v3
2024-12-25 07:00:00,91.79626097,91.74451,asia-south,Standard_D4s_v3
2024-12-25 08:00:00,70.04899356,69.45635,asia-south,Standard_D4s_v3
2024-12-25 09:00:00,67.25607686,70.76847,asia-south,Standard_D4s_v3
2024-12-25 10:00:00,62.69063464,81.23302,asia-south,Standard_D4s_v3
2024-12-25 11:00:00,58.12519242,58.430794,asia-south,Standard_D4s_v3
2024-12-25 12:00:00,73.08954413,70.04906,asia-south,Standard_D4s_v3
2024-12-25 13:00:00,61.19475769,59.008293,asia-south,Standard_D4s_v3
2024-12-25 14:00:00,56.83261836,49.013966,asia-south,Standard_D4s_v3
2024-12-25 15:00:00,52.47047904,53.011948,asia-south,Standard_D4s_v3
2024-12-25 16:00:00,48.10833971,47.73507,asia-south,Standard_D4s_v3
2024-12-25 17:00:00,51.99966789,50.352436,asia-south,Standard_D4s_v3
2024-12-25 18:00:00,55.89099606,53.148796,asia-south,Standard_D4s_v3
2024-12-25 19:00:00,45.01133648,45.91288,asia-south,Standard_D4s_v3
2024-12-25 20:00:00,31.99031395,39.684387,asia-south,Standard_D4s_v3
2024-12-25 21:00:00,57.85642858,49.46959,asia-south,Standard_D4s_v3
2024-12-25 22:00:00,52.18374219,44.495365,asia-south,Standard_D4s_v3
2024-12-25 23:00:00,46.5110558,47.692802,asia-south,Standard_D4s_v3
2024-12-26 00:00:00,43.0514488,44.01768,asia-south,Standard_D4s_v3
2024-12-26 01:00:00,57.75949425,54.98405,asia-south,Standard_D4s_v3
2024-12-26 02:00:00,72.46753969,71.16301,asia-south,Standard_D4s_v3
2024-12-26 03:00:00,63.80937159,63.77522,asia-south,Standard_D4s_v3
2024-12-26 04:00:00,66.50452195,61.443604,asia-south,Standard_D4s_v3
2024-12-26 05:00:00,46.63506822,50.37168,asia-south,Standard_D4s_v3
2024-12-26 06:00:00,75.04628687,72.036224,asia-south,Standard_D4s_v3
2024-12-26 07:00:00,62.97977009,65.55379,asia-south,Standard_D4s_v3
2024-12-26 08:00:00,76.91184802,77.824936,asia-south,Standard_D4s_v3
2024-12-26 09:00:00,62.15505612,75.16201,asia-south,Standard_D4s_v3
2024-12-26 10:00:00,65.85118718,72.35257,asia-south,Standard_D4s_v3
2024-12-26 11:00:00,70.93906744,59.242874,asia-south,Standard_D4s_v3
2024-12-26 12:00:00,63.31057986,61.420616,asia-south,Standard_D4s_v3
2024-12-26 13:00:00,47.07722941,49.488747,asia-south,Standard_D4s_v3
2024-12-26 14:00:00,51.72985387,51.482666,asia-south,Standard_D4s_v3
2024-12-26 15:00:00,34.87377864,39.21641,asia-south,Standard_D4s_v3
2024-12-26 16:00:00,29.6940816,29.699966,asia-south,Standard_D4s_v3
2024-12-26 17:00:00,31.09558983,32.366264,asia-south,Standard_D4s_v3
2024-12-26 18:00:00,42.21749101,42.062336,asia-south,Standard_D4s_v3
2024-12-26 19:00:00,47.70092384,47.41863,asia-south,Standard_D4s_v3
2024-12-26 20:00:00,40.39732976,42.794415,asia-south,Standard_D4s_v3
2024-12-26 21:00:00,46.2936434,44.954075,asia-south,Standard_D4s_v3
2024-12-26 22:00:00,54.87879447,57.407433,asia-south,Standard_D4s_v3
2024-12-26 23:00:00,63.46394555,62.544533,asia-south,Standard_D4s_v3
2024-12-27 00:00:00,77.67529142,53.674084,asia-south,Standard_D4s_v3
2024-12-27 01:00:00,91.88663729,92.774414,asia-south,Standard_D4s_v3
2024-12-27 02:00:00,72.49844077,73.89888,asia-south,Standard_D4s_v3
2024-12-27 03:00:00,72.32005109,76.69364,asia-south,Standard_D4s_v3
2024-12-27 04:00:00,72.14166142,72.25923,asia-south,Standard_D4s_v3
2024-12-27 05:00:00,90.33657648,92.93617,asia-south,Standard_D4s_v3
2024-12-27 06:00:00,83.36517339,80.268524,asia-south,Standard_D4s_v3
2024-12-27 07:00:00,76.39377029,76.65138,asia-south,Standard_D4s_v3
2024-12-27 08:00:00,68.04031554,71.788925,asia-south,Standard_D4s_v3
2024-12-27 09:00:00,73.87852416,74.950455,asia-south,Standard_D4s_v3
2024-12-27 10:00:00,64.84848775,66.25876,asia-south,Standard_D4s_v3
2024-12-27 11:00:00,55.81845134,57.010857,asia-south,Standard_D4s_v3
2024-12-27 12:00:00,44.00496015,51.799004,asia-south,Standard_D4s_v3
2024-12-27 13:00:00,32.19146896,36.60389,asia-south,Standard_D4s_v3
2024-12-27 14:00:00,61.89289851,48.606655,asia-south,Standard_D4s_v3
2024-12-27 15:00:00,52.6799979,44.514915,asia-south,Standard_D4s_v3
2024-12-27 16:00:00,43.46709728,39.587692,asia-south,Standard_D4s_v3
2024-12-27 17:00:00,38.1695541,40.168327,asia-south,Standard_D4s_v3
2024-12-27 18:00:00,33.86879696,41.598557,asia-south,Standard_D4s_v3
2024-12-27 19:00:00,41.6439432,42.923035,asia-south,Standard_D4s_v3
2024-12-27 20:00:00,49.41908945,47.21906,asia-south,Standard_D4s_v3
2024-12-27 21:00:00,39.15753106,40.205185,asia-south,Standard_D4s_v3
2024-12-27 22:00:00,46.81360305,44.77072,asia-south,Standard_D4s_v3
2024-12-27 23:00:00,60.90008897,58.815132,asia-south,Standard_D4s_v3
2024-12-28 00:00:00,58.96073365,59.76101,asia-south,Standard_D4s_v3
2024-12-28 01:00:00,72.5057618,69.88588,asia-south,Standard_D4s_v3
2024-12-28 02:00:00,53.1019429,61.9919,asia-south,Standard_D4s_v3
2024-12-28 03:00:00,75.93644195,71.01001,asia-south,Standard_D4s_v3
2024-12-28 04:00:00,79.30321659,81.91435,asia-south,Standard_D4s_v3
2024-12-28 05:00:00,75.28900334,80.10892,asia-south,Standard_D4s_v3
2024-12-28 06:00:00,92.68592733,93.02084,asia-south,Standard_D4s_v3
2024-12-28 07:00:00,78.95312839,84.19169,asia-south,Standard_D4s_v3
2024-12-28 08:00:00,65.22032945,67.131744,asia-south,Standard_D4s_v3
2024-12-28 09:00:00,65.8781734,65.2379,asia-south,Standard_D4s_v3
2024-12-28 10:00:00,65.72088584,73.505165,asia-south,Standard_D4s_v3
2024-12-28 11:00:00,65.56359828,67.80318,asia-south,Standard_D4s_v3
2024-12-28 12:00:00,54.36827185,55.0236,asia-south,Standard_D4s_v3
2024-12-28 13:00:00,63.35178794,61.78714,asia-south,Standard_D4s_v3
2024-12-28 14:00:00,60.09590831,55.202507,asia-south,Standard_D4s_v3
2024-12-28 15:00:00,37.33308859,40.07557,asia-south,Standard_D4s_v3
2024-12-28 16:00:00,43.22381544,43.62255,asia-south,Standard_D4s_v3
2024-12-28 17:00:00,43.98442234,41.804565,asia-south,Standard_D4s_v3
2024-12-28 18:00:00,44.74502923,39.272694,asia-south,Standard_D4s_v3
2024-12-28 19:00:00,45.50563612,38.31824,asia-south,Standard_D4s_v3
2024-12-28 20:00:00,46.26624301,38.74677,asia-south,Standard_D4s_v3
2024-12-28 21:00:00,29.41301763,36.426067,asia-south,Standard_D4s_v3
2024-12-28 22:00:00,42.99907194,40.73021,asia-south,Standard_D4s_v3
2024-12-28 23:00:00,54.91400836,37.041843,asia-south,Standard_D4s_v3
2024-12-29 00:00:00,66.82894479,58.818398,asia-south,Standard_D4s_v3
2024-12-29 01:00:00,70.29651672,73.40088,asia-south,Standard_D4s_v3
2024-12-29 02:00:00,80.77663437,76.54801,asia-south,Standard_D4s_v3
2024-12-29 03:00:00,50.65243782,52.703644,asia-south,Standard_D4s_v3
2024-12-29 04:00:00,66.88717894,49.64288,asia-south,Standard_D4s_v3
2024-12-29 05:00:00,83.12192006,71.12123,asia-south,Standard_D4s_v3
2024-12-29 06:00:00,62.50944692,65.449394,asia-south,Standard_D4s_v3
2024-12-29 07:00:00,78.22637557,70.0287,asia-south,Standard_D4s_v3
2024-12-29 08:00:00,74.39207724,59.270565,asia-south,Standard_D4s_v3
2024-12-29 09:00:00,70.55777891,65.35005,asia-south,Standard_D4s_v3
2024-12-29 10:00:00,78.50051888,63.27952,asia-south,Standard_D4s_v3
2024-12-29 11:00:00,58.35837106,61.110516,asia-south,Standard_D4s_v3
2024-12-29 12:00:00,56.9608284,48.29656,asia-south,Standard_D4s_v3
2024-12-29 13:00:00,55.56328574,53.29445,asia-south,Standard_D4s_v3
2024-12-29 14:00:00,44.68538888,45.47278,asia-south,Standard_D4s_v3
2024-12-29 15:00:00,54.41637184,52.009483,asia-south,Standard_D4s_v3
2024-12-29 16:00:00,40.20218873,41.482357,asia-south,Standard_D4s_v3
2024-12-29 17:00:00,48.29037095,43.769592,asia-south,Standard_D4s_v3
2024-12-29 18:00:00,39.42671394,39.049988,asia-south,Standard_D4s_v3
2024-12-29 19:00:00,30.56305694,32.116703,asia-south,Standard_D4s_v3
2024-12-29 20:00:00,50.03023786,48.200867,asia-south,Standard_D4s_v3
2024-12-29 21:00:00,52.44703269,50.65679,asia-south,Standard_D4s_v3
2024-12-29 22:00:00,45.81640919,50.80348,asia-south,Standard_D4s_v3
2024-12-29 23:00:00,39.18578569,40.437656,asia-south,Standard_D4s_v3
2024-12-30 00:00:00,50.6523969,50.089764,asia-south,Standard_D4s_v3
2024-12-30 01:00:00,56.23644604,61.35589,asia-south,Standard_D4s_v3
2024-12-30 02:00:00,53.35941443,64.30648,asia-south,Standard_D4s_v3
2024-12-30 03:00:00,85.4027391,80.37846,asia-south,Standard_D4s_v3
2024-12-30 04:00:00,61.15495142,63.168217,asia-south,Standard_D4s_v3
2024-12-30 05:00:00,62.93295712,67.656296,asia-south,Standard_D4s_v3
2024-12-30 06:00:00,64.71096283,80.3528,asia-south,Standard_D4s_v3
2024-12-30 07:00:00,66.48896853,66.39049,asia-south,Standard_D4s_v3
2024-12-30 08:00:00,71.3160589,69.37061,asia-south,Standard_D4s_v3
2024-12-30 09:00:00,82.57221445,74.65548,asia-south,Standard_D4s_v3
2024-12-30 10:00:00,75.71568991,67.73108,asia-south,Standard_D4s_v3
2024-12-30 11:00:00,68.85916537,74.225945,asia-south,Standard_D4s_v3
2024-12-30 12:00:00,62.00264083,61.90538,asia-south,Standard_D4s_v3
2024-12-30 13:00:00,57.82028766,56.300003,asia-south,Standard_D4s_v3
2024-12-30 14:00:00,40.94755499,41.275574,asia-south,Standard_D4s_v3
2024-12-30 15:00:00,42.95631084,62.667835,asia-south,Standard_D4s_v3
2024-12-30 16:00:00,44.96506669,44.251892,asia-south,Standard_D4s_v3
2024-12-30 17:00:00,44.53758417,43.477882,asia-south,Standard_D4s_v3
2024-12-30 18:00:00,41.78375598,43.69696,asia-south,Standard_D4s_v3
2024-12-30 19:00:00,42.89674982,43.686073,asia-south,Standard_D4s_v3
2024-12-30 20:00:00,42.55509054,46.536343,asia-south,Standard_D4s_v3
2024-12-30 21:00:00,42.21343126,41.926594,asia-south,Standard_D4s_v3
2024-12-30 22:00:00,33.9838987,38.61067,asia-south,Standard_D4s_v3
2024-12-30 23:00:00,34.09139891,40.02748,asia-south,Standard_D4s_v3
2024-12-31 00:00:00,43.42296236,44.19271,asia-south,Standard_D4s_v3
2024-12-31 01:00:00,46.87030273,46.399517,asia-south,Standard_D4s_v3
2024-12-31 02:00:00,83.96625799,76.58095,asia-south,Standard_D4s_v3
2024-12-31 03:00:00,81.13230808,79.98829,asia-south,Standard_D4s_v3
2024-12-31 04:00:00,66.66395192,74.794685,asia-south,Standard_D4s_v3
2024-12-31 05:00:00,74.53252679,72.65569,asia-south,Standard_D4s_v3
2024-12-31 06:00:00,65.63202877,63.504086,asia-south,Standard_D4s_v3
2024-12-31 07:00:00,56.73153076,78.1141,asia-south,Standard_D4s_v3
2024-12-31 08:00:00,47.83103274,73.59347,asia-south,Standard_D4s_v3
2024-12-31 09:00:00,38.93053473,41.397243,asia-south,Standard_D4s_v3
2024-12-31 10:00:00,36.72110088,46.28425,asia-south,Standard_D4s_v3
2024-12-31 11:00:00,47.24507384,52.922935,asia-south,Standard_D4s_v3
2024-12-31 12:00:00,57.7690468,55.017796,asia-south,Standard_D4s_v3
2024-12-31 13:00:00,65.59714508,63.920204,asia-south,Standard_D4s_v3
2024-12-31 14:00:00,52.54221209,52.773586,asia-south,Standard_D4s_v3
2024-12-31 15:00:00,43.72965433,43.732807,asia-south,Standard_D4s_v3
2024-12-31 16:00:00,32.9699814,35.452885,asia-south,Standard_D4s_v3
2024-12-31 17:00:00,36.63736463,40.06628,asia-south,Standard_D4s_v3
2024-12-31 18:00:00,53.54968814,52.110016,asia-south,Standard_D4s_v3
2024-12-31 19:00:00,50.88592164,45.87801,asia-south,Standard_D4s_v3
2024-12-31 20:00:00,45.46537799,48.857777,asia-south,Standard_D4s_v3
2024-12-31 21:00:00,49.82407455,48.80857,asia-south,Standard_D4s_v3
2024-12-31 22:00:00,52.37198868,50.976463,asia-south,Standard_D4s_v3
2024-12-31 23:00:00,52.37198868,50.713844,asia-south,Standard_D4s_v3
